acceptance_id,requirement_ids,invariant_id,rule_id,test_id,priority,status,evidence_status,evidence_spec_id,action,expected_description
ACC-R3-0001,USR-SCN-013,,BR-ACCOUNT-0001,CT-R3-0001,P6,SPECIFIED,EXPECTED_NOT_EXECUTED,EVID-SPEC-0001,Runner局部登录失败不覆盖已有PASS资格；映射可受控切换,"{""outcome"": ""SUCCESS_OR_RULE_DEFINED_REJECTION"", ""description"": ""动作“Runner局部登录失败不覆盖已有PASS资格；映射可受控切换”完成并形成可追溯结果。"", ""failure_description"": ""返回明确失败原因且不部分提交""}"
ACC-R3-0002,USR-SCN-013|USR-SCN-053|USR-SCN-085,,BR-ACCOUNT-0002,CT-R3-0002,P8,SPECIFIED,EXPECTED_NOT_EXECUTED,EVID-SPEC-0002,发起配置测试账号,"{""outcome"": ""SUCCESS_OR_RULE_DEFINED_REJECTION"", ""description"": ""产生并关联业务审计记录"", ""failure_description"": ""返回明确失败原因且不部分提交""}"
ACC-R3-0003,USR-SCN-013,,BR-ACCOUNT-0003,CT-R3-0003,P8,SPECIFIED,EXPECTED_NOT_EXECUTED,EVID-SPEC-0003,记录“配置测试账号”的发起主体、参与主体、对象ID、权限与数据范围判定、状态前后值、结果/原因码和时间。,"{""outcome"": ""SUCCESS_OR_RULE_DEFINED_REJECTION"", ""description"": ""记录“配置测试账号”的发起主体、参与主体、对象ID、权限与数据范围判定、状态前后值、结果/原因码和时间。"", ""failure_description"": ""返回明确失败原因且不部分提交""}"
ACC-R3-0004,USR-SCN-013,,BR-ACCOUNT-0004,CT-R3-0004,P8,SPECIFIED,EXPECTED_NOT_EXECUTED,EVID-SPEC-0004,本地状态变化、不可变事件和审计在同一原子提交边界内完成；提交前审计失败则不提交或回滚本地变化。,"{""outcome"": ""SUCCESS_OR_RULE_DEFINED_REJECTION"", ""description"": ""在“配置测试账号”中，审计必须满足：本地状态变化、不可变事件和审计在同一原子提交边界内完成；提交前审计失败则不提交或回滚本地变化。。"", ""failure_description"": ""返回明确失败原因且不部分提交""}"
ACC-R3-0005,USR-SCN-013,,BR-ACCOUNT-0005,CT-R3-0005,P5,SPECIFIED,EXPECTED_NOT_EXECUTED,EVID-SPEC-0005,发起配置测试账号,"{""outcome"": ""SUCCESS_OR_RULE_DEFINED_REJECTION"", ""description"": ""identity_key唯一；账号映射切换原子；正式执行使用SSO租约"", ""failure_description"": ""并发门禁不通过时按规则等待、拒绝或返回既有幂等结果。""}"
ACC-R3-0006,USR-SCN-013,,BR-ACCOUNT-0006,CT-R3-0006,P2,SPECIFIED,EXPECTED_NOT_EXECUTED,EVID-SPEC-0006,发起配置测试账号,"{""outcome"": ""SUCCESS_OR_RULE_DEFINED_REJECTION"", ""description"": ""“配置测试账号”的读取、写入和历史查询仅作用于明确授权项目及active_scope/history_read_scope；敏感数据另行校验独立权限。"", ""failure_description"": ""超出数据范围时拒绝操作并记录审计。""}"
ACC-R3-0007,USR-SCN-013,,BR-ACCOUNT-0007,CT-R3-0007,P6,SPECIFIED,EXPECTED_NOT_EXECUTED,EVID-SPEC-0007,发起配置测试账号,"{""outcome"": ""SUCCESS_OR_RULE_DEFINED_REJECTION"", ""description"": ""在“配置测试账号”中，异常流程必须满足：重复真实身份、LOCKED、停用、诊断失败或明文暴露时拒绝。"", ""failure_description"": ""重复真实身份、LOCKED、停用、诊断失败或明文暴露时拒绝""}"
ACC-R3-0008,USR-SCN-013|USR-SCN-053|USR-SCN-085,,BR-ACCOUNT-0008,CT-R3-0008,P8,SPECIFIED,EXPECTED_NOT_EXECUTED,EVID-SPEC-0008,发起配置测试账号,"{""outcome"": ""SUCCESS_OR_RULE_DEFINED_REJECTION"", ""description"": ""任一前置、权限、数据范围、并发或明确资源条件不满足，或未进入声明状态、产生越权/重复副作用、证据未密封、审计缺失时失败。"", ""failure_description"": ""任一前置、权限、数据范围、并发或明确资源条件不满足，或未进入声明状态、产生越权/重复副作用、证据未密封、审计缺失时失败。""}"
ACC-R3-0009,USR-SCN-013,,BR-ACCOUNT-0009,CT-R3-0009,P8,SPECIFIED,EXPECTED_NOT_EXECUTED,EVID-SPEC-0009,发起配置测试账号,"{""outcome"": ""SUCCESS_OR_RULE_DEFINED_REJECTION"", ""description"": ""在“配置测试账号”中，失败判定必须满足：事务/补偿策略：LOCAL_TRANSACTION。。"", ""failure_description"": ""事务/补偿策略：LOCAL_TRANSACTION。""}"
ACC-R3-0010,USR-SCN-013,,BR-ACCOUNT-0010,CT-R3-0010,P6,SPECIFIED,EXPECTED_NOT_EXECUTED,EVID-SPEC-0010,创建账号并关联项目/环境/终端,"{""outcome"": ""SUCCESS_OR_RULE_DEFINED_REJECTION"", ""description"": ""动作“创建账号并关联项目/环境/终端”完成并形成可追溯结果。"", ""failure_description"": ""返回明确失败原因且不部分提交""}"
ACC-R3-0011,USR-SCN-013,,BR-ACCOUNT-0011,CT-R3-0011,P6,SPECIFIED,EXPECTED_NOT_EXECUTED,EVID-SPEC-0011,加密保存凭证,"{""outcome"": ""SUCCESS_OR_RULE_DEFINED_REJECTION"", ""description"": ""动作“加密保存凭证”完成并形成可追溯结果。"", ""failure_description"": ""返回明确失败原因且不部分提交""}"
ACC-R3-0012,USR-SCN-013,,BR-ACCOUNT-0012,CT-R3-0012,P6,SPECIFIED,EXPECTED_NOT_EXECUTED,EVID-SPEC-0012,建立真实身份或identity_key,"{""outcome"": ""SUCCESS_OR_RULE_DEFINED_REJECTION"", ""description"": ""动作“建立真实身份或identity_key”完成并形成可追溯结果。"", ""failure_description"": ""返回明确失败原因且不部分提交""}"
ACC-R3-0013,USR-SCN-013,,BR-ACCOUNT-0013,CT-R3-0013,P6,SPECIFIED,EXPECTED_NOT_EXECUTED,EVID-SPEC-0013,执行登录诊断形成PASS资格,"{""outcome"": ""SUCCESS_OR_RULE_DEFINED_REJECTION"", ""description"": ""动作“执行登录诊断形成PASS资格”完成并形成可追溯结果。"", ""failure_description"": ""返回明确失败原因且不部分提交""}"
ACC-R3-0014,USR-SCN-013,,BR-ACCOUNT-0014,CT-R3-0014,P6,SPECIFIED,EXPECTED_NOT_EXECUTED,EVID-SPEC-0014,发布账号映射,"{""outcome"": ""SUCCESS_OR_RULE_DEFINED_REJECTION"", ""description"": ""动作“发布账号映射”完成并形成可追溯结果。"", ""failure_description"": ""返回明确失败原因且不部分提交""}"
ACC-R3-0015,USR-SCN-013,,BR-ACCOUNT-0015,CT-R3-0015,P2,SPECIFIED,EXPECTED_NOT_EXECUTED,EVID-SPEC-0015,发起配置测试账号,"{""outcome"": ""SUCCESS_OR_RULE_DEFINED_REJECTION"", ""description"": ""ROLE-PROJECT-FUNCTION-ADMIN发起“配置测试账号”前必须具备对应菜单、操作或服务授权；系统主体只按自身服务身份执行；越权时拒绝且不产生业务写入。"", ""failure_description"": ""返回无权限或超范围结果，业务副作用为零。""}"
ACC-R3-0016,USR-SCN-013,,BR-ACCOUNT-0016,CT-R3-0016,P8,SPECIFIED,EXPECTED_NOT_EXECUTED,EVID-SPEC-0016,发起配置测试账号,"{""outcome"": ""SUCCESS_OR_RULE_DEFINED_REJECTION"", ""description"": ""在“配置测试账号”中，前置条件必须满足：项目、环境和终端有效。"", ""failure_description"": ""前置条件不满足时拒绝进入主流程且业务副作用为零。""}"
ACC-R3-0017,USR-SCN-013,,BR-ACCOUNT-0017,CT-R3-0017,P8,SPECIFIED,EXPECTED_NOT_EXECUTED,EVID-SPEC-0017,发起配置测试账号,"{""outcome"": ""SUCCESS_OR_RULE_DEFINED_REJECTION"", ""description"": ""在“配置测试账号”中，前置条件必须满足：具备账号和凭证权限。"", ""failure_description"": ""前置条件不满足时拒绝进入主流程且业务副作用为零。""}"
ACC-R3-0018,USR-SCN-013,,BR-ACCOUNT-0018,CT-R3-0018,P6,SPECIFIED,EXPECTED_NOT_EXECUTED,EVID-SPEC-0018,修复前置原因后使用幂等命令重试；不得改写已提交历史。,"{""outcome"": ""SUCCESS_OR_RULE_DEFINED_REJECTION"", ""description"": ""修复前置原因后使用幂等命令重试；不得改写已提交历史。"", ""failure_description"": ""返回明确失败原因且不部分提交""}"
ACC-R3-0019,USR-SCN-013,,BR-ACCOUNT-0019,CT-R3-0019,P6,SPECIFIED,EXPECTED_NOT_EXECUTED,EVID-SPEC-0019,受控解锁、重新诊断或原子切换映射,"{""outcome"": ""SUCCESS_OR_RULE_DEFINED_REJECTION"", ""description"": ""在“配置测试账号”中，恢复必须满足：受控解锁、重新诊断或原子切换映射。"", ""failure_description"": ""返回明确失败原因且不部分提交""}"
ACC-R3-0020,USR-SCN-013|USR-SCN-053|USR-SCN-085,,BR-ACCOUNT-0020,CT-R3-0020,P8,SPECIFIED,EXPECTED_NOT_EXECUTED,EVID-SPEC-0020,执行规则对应动作,"{""outcome"": ""SUCCESS_OR_RULE_DEFINED_REJECTION"", ""description"": ""平台存储/审计：REQUIRED；predicate=TRUE; 平台存储/审计不可用时不得执行对应业务副作用；进入明确的PRESTART_BLOCKED、WAITING_RESOURCE或场景失败结果，并记录资源原因。"", ""failure_description"": ""资源条件不满足时不得执行对应业务副作用；进入明确等待、阻断或失败结果。""}"
ACC-R3-0021,USR-SCN-013,,BR-ACCOUNT-0021,CT-R3-0021,P4,SPECIFIED,EXPECTED_NOT_EXECUTED,EVID-SPEC-0021,发起配置测试账号,"{""outcome"": ""SUCCESS_OR_RULE_DEFINED_REJECTION"", ""description"": ""账号业务状态: DRAFT/ENABLED/DISABLED/ARCHIVED"", ""failure_description"": ""返回明确失败原因且不部分提交""}"
ACC-R3-0022,USR-SCN-013,,BR-ACCOUNT-0022,CT-R3-0022,P4,SPECIFIED,EXPECTED_NOT_EXECUTED,EVID-SPEC-0022,发起配置测试账号,"{""outcome"": ""SUCCESS_OR_RULE_DEFINED_REJECTION"", ""description"": ""安全状态: NORMAL↔LOCKED"", ""failure_description"": ""返回明确失败原因且不部分提交""}"
ACC-R3-0023,USR-SCN-013,,BR-ACCOUNT-0023,CT-R3-0023,P4,SPECIFIED,EXPECTED_NOT_EXECUTED,EVID-SPEC-0023,发起配置测试账号,"{""outcome"": ""SUCCESS_OR_RULE_DEFINED_REJECTION"", ""description"": ""诊断资格: 未通过→PASS"", ""failure_description"": ""返回明确失败原因且不部分提交""}"
ACC-R3-0024,USR-SCN-013,,BR-ACCOUNT-0024,CT-R3-0024,P8,SPECIFIED,EXPECTED_NOT_EXECUTED,EVID-SPEC-0024,发起配置测试账号,"{""outcome"": ""SUCCESS_OR_RULE_DEFINED_REJECTION"", ""description"": ""账号唯一、凭证加密、诊断通过并可生成正式执行快照"", ""failure_description"": ""返回明确失败原因且不部分提交""}"
ACC-R3-0025,USR-SCN-013,,BR-ACCOUNT-0025,CT-R3-0025,P6,SPECIFIED,EXPECTED_NOT_EXECUTED,EVID-SPEC-0025,先执行场景门禁，再进入首个业务副作用。,"{""outcome"": ""SUCCESS_OR_RULE_DEFINED_REJECTION"", ""description"": ""当“发起配置测试账号”发生时，ROLE-PROJECT-FUNCTION-ADMIN可以发起“配置测试账号”；发起后必须先完成本场景前置、权限、范围、资源和并发门禁。"", ""failure_description"": ""门禁不通过时不得产生业务副作用。""}"
ACC-R3-0026,USR-SCN-014,,BR-ACCOUNT-0026,CT-R3-0026,P6,SPECIFIED,EXPECTED_NOT_EXECUTED,EVID-SPEC-0026,平台本地准备和Runner UI数据操作按不同任务类型执行,"{""outcome"": ""SUCCESS_OR_RULE_DEFINED_REJECTION"", ""description"": ""动作“平台本地准备和Runner UI数据操作按不同任务类型执行”完成并形成可追溯结果。"", ""failure_description"": ""返回明确失败原因且不部分提交""}"
ACC-R3-0027,USR-SCN-014,,BR-ACCOUNT-0027,CT-R3-0027,P8,SPECIFIED,EXPECTED_NOT_EXECUTED,EVID-SPEC-0027,发起配置测试数据,"{""outcome"": ""SUCCESS_OR_RULE_DEFINED_REJECTION"", ""description"": ""产生并关联业务审计记录"", ""failure_description"": ""返回明确失败原因且不部分提交""}"
ACC-R3-0028,USR-SCN-014,,BR-ACCOUNT-0028,CT-R3-0028,P8,SPECIFIED,EXPECTED_NOT_EXECUTED,EVID-SPEC-0028,记录“配置测试数据”的发起主体、参与主体、对象ID、权限与数据范围判定、状态前后值、结果/原因码和时间。,"{""outcome"": ""SUCCESS_OR_RULE_DEFINED_REJECTION"", ""description"": ""记录“配置测试数据”的发起主体、参与主体、对象ID、权限与数据范围判定、状态前后值、结果/原因码和时间。"", ""failure_description"": ""返回明确失败原因且不部分提交""}"
ACC-R3-0029,USR-SCN-014,,BR-ACCOUNT-0029,CT-R3-0029,P8,SPECIFIED,EXPECTED_NOT_EXECUTED,EVID-SPEC-0029,本地状态变化、不可变事件和审计在同一原子提交边界内完成；提交前审计失败则不提交或回滚本地变化。,"{""outcome"": ""SUCCESS_OR_RULE_DEFINED_REJECTION"", ""description"": ""在“配置测试数据”中，审计必须满足：本地状态变化、不可变事件和审计在同一原子提交边界内完成；提交前审计失败则不提交或回滚本地变化。。"", ""failure_description"": ""返回明确失败原因且不部分提交""}"
ACC-R3-0030,USR-SCN-014,,BR-ACCOUNT-0030,CT-R3-0030,P5,SPECIFIED,EXPECTED_NOT_EXECUTED,EVID-SPEC-0030,发起配置测试数据,"{""outcome"": ""SUCCESS_OR_RULE_DEFINED_REJECTION"", ""description"": ""在“配置测试数据”中，并发校验必须满足：资源分配唯一、租约化并按项目隔离。"", ""failure_description"": ""并发门禁不通过时按规则等待、拒绝或返回既有幂等结果。""}"
ACC-R3-0031,USR-SCN-014,,BR-ACCOUNT-0031,CT-R3-0031,P2,SPECIFIED,EXPECTED_NOT_EXECUTED,EVID-SPEC-0031,发起配置测试数据,"{""outcome"": ""SUCCESS_OR_RULE_DEFINED_REJECTION"", ""description"": ""“配置测试数据”的读取、写入和历史查询仅作用于明确授权项目及active_scope/history_read_scope；敏感数据另行校验独立权限。"", ""failure_description"": ""超出数据范围时拒绝操作并记录审计。""}"
ACC-R3-0032,USR-SCN-014,,BR-ACCOUNT-0032,CT-R3-0032,P6,SPECIFIED,EXPECTED_NOT_EXECUTED,EVID-SPEC-0032,发起配置测试数据,"{""outcome"": ""SUCCESS_OR_RULE_DEFINED_REJECTION"", ""description"": ""数据失效、资源不足、跨项目使用或敏感变量写入日志/报告时拒绝"", ""failure_description"": ""数据失效、资源不足、跨项目使用或敏感变量写入日志/报告时拒绝""}"
ACC-R3-0033,USR-SCN-014,,BR-ACCOUNT-0033,CT-R3-0033,P8,SPECIFIED,EXPECTED_NOT_EXECUTED,EVID-SPEC-0033,发起配置测试数据,"{""outcome"": ""SUCCESS_OR_RULE_DEFINED_REJECTION"", ""description"": ""任一前置、权限、数据范围、并发或明确资源条件不满足，或未进入声明状态、产生越权/重复副作用、证据未密封、审计缺失时失败。"", ""failure_description"": ""任一前置、权限、数据范围、并发或明确资源条件不满足，或未进入声明状态、产生越权/重复副作用、证据未密封、审计缺失时失败。""}"
ACC-R3-0034,USR-SCN-014,,BR-ACCOUNT-0034,CT-R3-0034,P8,SPECIFIED,EXPECTED_NOT_EXECUTED,EVID-SPEC-0034,发起配置测试数据,"{""outcome"": ""SUCCESS_OR_RULE_DEFINED_REJECTION"", ""description"": ""在“配置测试数据”中，失败判定必须满足：事务/补偿策略：LOCAL_TRANSACTION。。"", ""failure_description"": ""事务/补偿策略：LOCAL_TRANSACTION。""}"
ACC-R3-0035,USR-SCN-014,,BR-ACCOUNT-0035,CT-R3-0035,P6,SPECIFIED,EXPECTED_NOT_EXECUTED,EVID-SPEC-0035,定义数据类型和Schema,"{""outcome"": ""SUCCESS_OR_RULE_DEFINED_REJECTION"", ""description"": ""动作“定义数据类型和Schema”完成并形成可追溯结果。"", ""failure_description"": ""返回明确失败原因且不部分提交""}"
ACC-R3-0036,USR-SCN-014,,BR-ACCOUNT-0036,CT-R3-0036,P6,SPECIFIED,EXPECTED_NOT_EXECUTED,EVID-SPEC-0036,创建数据版本或资源池修订,"{""outcome"": ""SUCCESS_OR_RULE_DEFINED_REJECTION"", ""description"": ""动作“创建数据版本或资源池修订”完成并形成可追溯结果。"", ""failure_description"": ""返回明确失败原因且不部分提交""}"
ACC-R3-0037,USR-SCN-014,,BR-ACCOUNT-0037,CT-R3-0037,P6,SPECIFIED,EXPECTED_NOT_EXECUTED,EVID-SPEC-0037,按独立发布权限发布,"{""outcome"": ""SUCCESS_OR_RULE_DEFINED_REJECTION"", ""description"": ""动作“按独立发布权限发布”完成并形成可追溯结果。"", ""failure_description"": ""返回明确失败原因且不部分提交""}"
ACC-R3-0038,USR-SCN-014,,BR-ACCOUNT-0038,CT-R3-0038,P6,SPECIFIED,EXPECTED_NOT_EXECUTED,EVID-SPEC-0038,任务创建时分配并固化引用,"{""outcome"": ""SUCCESS_OR_RULE_DEFINED_REJECTION"", ""description"": ""动作“任务创建时分配并固化引用”完成并形成可追溯结果。"", ""failure_description"": ""返回明确失败原因且不部分提交""}"
ACC-R3-0039,USR-SCN-014,,BR-ACCOUNT-0039,CT-R3-0039,P6,SPECIFIED,EXPECTED_NOT_EXECUTED,EVID-SPEC-0039,执行后按策略释放或回收,"{""outcome"": ""SUCCESS_OR_RULE_DEFINED_REJECTION"", ""description"": ""动作“执行后按策略释放或回收”完成并形成可追溯结果。"", ""failure_description"": ""返回明确失败原因且不部分提交""}"
ACC-R3-0040,USR-SCN-014,,BR-ACCOUNT-0040,CT-R3-0040,P2,SPECIFIED,EXPECTED_NOT_EXECUTED,EVID-SPEC-0040,发起配置测试数据,"{""outcome"": ""SUCCESS_OR_RULE_DEFINED_REJECTION"", ""description"": ""ROLE-PROJECT-FUNCTION-ADMIN发起“配置测试数据”前必须具备对应菜单、操作或服务授权；系统主体只按自身服务身份执行；越权时拒绝且不产生业务写入。"", ""failure_description"": ""返回无权限或超范围结果，业务副作用为零。""}"
ACC-R3-0041,USR-SCN-014,,BR-ACCOUNT-0041,CT-R3-0041,P8,SPECIFIED,EXPECTED_NOT_EXECUTED,EVID-SPEC-0041,发起配置测试数据,"{""outcome"": ""SUCCESS_OR_RULE_DEFINED_REJECTION"", ""description"": ""发起主体已登录并具备对应菜单、操作和数据范围权限"", ""failure_description"": ""前置条件不满足时拒绝进入主流程且业务副作用为零。""}"
ACC-R3-0042,USR-SCN-014,,BR-ACCOUNT-0042,CT-R3-0042,P8,SPECIFIED,EXPECTED_NOT_EXECUTED,EVID-SPEC-0042,发起配置测试数据,"{""outcome"": ""SUCCESS_OR_RULE_DEFINED_REJECTION"", ""description"": ""相关项目及依赖对象处于允许状态"", ""failure_description"": ""前置条件不满足时拒绝进入主流程且业务副作用为零。""}"
ACC-R3-0043,USR-SCN-014,,BR-ACCOUNT-0043,CT-R3-0043,P6,SPECIFIED,EXPECTED_NOT_EXECUTED,EVID-SPEC-0043,修复前置原因后使用幂等命令重试；不得改写已提交历史。,"{""outcome"": ""SUCCESS_OR_RULE_DEFINED_REJECTION"", ""description"": ""修复前置原因后使用幂等命令重试；不得改写已提交历史。"", ""failure_description"": ""返回明确失败原因且不部分提交""}"
ACC-R3-0044,USR-SCN-014,,BR-ACCOUNT-0044,CT-R3-0044,P6,SPECIFIED,EXPECTED_NOT_EXECUTED,EVID-SPEC-0044,重新准备或分配，按恢复规则回收失效资源,"{""outcome"": ""SUCCESS_OR_RULE_DEFINED_REJECTION"", ""description"": ""重新准备或分配，按恢复规则回收失效资源"", ""failure_description"": ""返回明确失败原因且不部分提交""}"
ACC-R3-0045,USR-SCN-014,,BR-ACCOUNT-0045,CT-R3-0045,P8,SPECIFIED,EXPECTED_NOT_EXECUTED,EVID-SPEC-0045,执行规则对应动作,"{""outcome"": ""SUCCESS_OR_RULE_DEFINED_REJECTION"", ""description"": ""平台存储/审计：REQUIRED；predicate=TRUE; 平台存储/审计不可用时不得执行对应业务副作用；进入明确的PRESTART_BLOCKED、WAITING_RESOURCE或场景失败结果，并记录资源原因。"", ""failure_description"": ""资源条件不满足时不得执行对应业务副作用；进入明确等待、阻断或失败结果。""}"
ACC-R3-0046,USR-SCN-014,,BR-ACCOUNT-0046,CT-R3-0046,P4,SPECIFIED,EXPECTED_NOT_EXECUTED,EVID-SPEC-0046,发起配置测试数据,"{""outcome"": ""SUCCESS_OR_RULE_DEFINED_REJECTION"", ""description"": ""数据版本: DRAFT→PUBLISHED→RETIRED"", ""failure_description"": ""返回明确失败原因且不部分提交""}"
ACC-R3-0047,USR-SCN-014,,BR-ACCOUNT-0047,CT-R3-0047,P4,SPECIFIED,EXPECTED_NOT_EXECUTED,EVID-SPEC-0047,发起配置测试数据,"{""outcome"": ""SUCCESS_OR_RULE_DEFINED_REJECTION"", ""description"": ""分配: AVAILABLE→ALLOCATED→RELEASED"", ""failure_description"": ""返回明确失败原因且不部分提交""}"
ACC-R3-0048,USR-SCN-014,,BR-ACCOUNT-0048,CT-R3-0048,P8,SPECIFIED,EXPECTED_NOT_EXECUTED,EVID-SPEC-0048,发起配置测试数据,"{""outcome"": ""SUCCESS_OR_RULE_DEFINED_REJECTION"", ""description"": ""任务获得可追溯、隔离且未泄露敏感字段的数据"", ""failure_description"": ""返回明确失败原因且不部分提交""}"
ACC-R3-0049,USR-SCN-014,,BR-ACCOUNT-0049,CT-R3-0049,P6,SPECIFIED,EXPECTED_NOT_EXECUTED,EVID-SPEC-0049,先执行场景门禁，再进入首个业务副作用。,"{""outcome"": ""SUCCESS_OR_RULE_DEFINED_REJECTION"", ""description"": ""当“发起配置测试数据”发生时，ROLE-PROJECT-FUNCTION-ADMIN可以发起“配置测试数据”；发起后必须先完成本场景前置、权限、范围、资源和并发门禁。"", ""failure_description"": ""门禁不通过时不得产生业务副作用。""}"
ACC-R3-0050,,INV-BR-AI-0001,BR-AI-0001,CT-R3-0050,P6,SPECIFIED,EXPECTED_NOT_EXECUTED,EVID-SPEC-0050,结构转换不打开浏览器、不占用Runner浏览器资源。,"{""outcome"": ""SUCCESS_OR_RULE_DEFINED_REJECTION"", ""description"": ""结构转换不打开浏览器、不占用Runner浏览器资源。"", ""failure_description"": ""返回明确失败原因且不部分提交""}"
ACC-R3-0051,,INV-BR-AI-0002,BR-AI-0002,CT-R3-0051,P6,SPECIFIED,EXPECTED_NOT_EXECUTED,EVID-SPEC-0051,区别于页面探索和正式执行。,"{""outcome"": ""SUCCESS_OR_RULE_DEFINED_REJECTION"", ""description"": ""区别于页面探索和正式执行。"", ""failure_description"": ""返回明确失败原因且不部分提交""}"
ACC-R3-0052,,INV-BR-AI-0003,BR-AI-0003,CT-R3-0052,P6,SPECIFIED,EXPECTED_NOT_EXECUTED,EVID-SPEC-0052,不直接推进正式执行业务终态。,"{""outcome"": ""SUCCESS_OR_RULE_DEFINED_REJECTION"", ""description"": ""不直接推进正式执行业务终态。"", ""failure_description"": ""返回明确失败原因且不部分提交""}"
ACC-R3-0053,,INV-BR-AI-0004,BR-AI-0004,CT-R3-0053,P6,SPECIFIED,EXPECTED_NOT_EXECUTED,EVID-SPEC-0053,人工录制独立于AI探索和正式执行；不强制绑定测试账号、账号映射或SSO身份。,"{""outcome"": ""SUCCESS_OR_RULE_DEFINED_REJECTION"", ""description"": ""人工录制独立于AI探索和正式执行；不强制绑定测试账号、账号映射或SSO身份。"", ""failure_description"": ""返回明确失败原因且不部分提交""}"
ACC-R3-0054,USR-SCN-070,,BR-AI-0005,CT-R3-0054,P6,SPECIFIED,EXPECTED_NOT_EXECUTED,EVID-SPEC-0054,项目可配置偏好，但不得覆盖安全禁止和平台路由边界,"{""outcome"": ""SUCCESS_OR_RULE_DEFINED_REJECTION"", ""description"": ""动作“项目可配置偏好，但不得覆盖安全禁止和平台路由边界”完成并形成可追溯结果。"", ""failure_description"": ""返回明确失败原因且不部分提交""}"
ACC-R3-0055,USR-SCN-070,,BR-AI-0006,CT-R3-0055,P8,SPECIFIED,EXPECTED_NOT_EXECUTED,EVID-SPEC-0055,发起配置和启用AI模型,"{""outcome"": ""SUCCESS_OR_RULE_DEFINED_REJECTION"", ""description"": ""产生并关联业务审计记录"", ""failure_description"": ""返回明确失败原因且不部分提交""}"
ACC-R3-0056,USR-SCN-070,,BR-AI-0007,CT-R3-0056,P8,SPECIFIED,EXPECTED_NOT_EXECUTED,EVID-SPEC-0056,记录“配置和启用AI模型”的发起主体、参与主体、对象ID、权限与数据范围判定、状态前后值、结果/原因码和时间。,"{""outcome"": ""SUCCESS_OR_RULE_DEFINED_REJECTION"", ""description"": ""记录“配置和启用AI模型”的发起主体、参与主体、对象ID、权限与数据范围判定、状态前后值、结果/原因码和时间。"", ""failure_description"": ""返回明确失败原因且不部分提交""}"
ACC-R3-0057,USR-SCN-070,,BR-AI-0008,CT-R3-0057,P8,SPECIFIED,EXPECTED_NOT_EXECUTED,EVID-SPEC-0057,本地状态变化、不可变事件和审计在同一原子提交边界内完成；提交前审计失败则不提交或回滚本地变化。,"{""outcome"": ""SUCCESS_OR_RULE_DEFINED_REJECTION"", ""description"": ""在“配置和启用AI模型”中，审计必须满足：本地状态变化、不可变事件和审计在同一原子提交边界内完成；提交前审计失败则不提交或回滚本地变化。。"", ""failure_description"": ""返回明确失败原因且不部分提交""}"
ACC-R3-0058,USR-SCN-070,,BR-AI-0009,CT-R3-0058,P5,SPECIFIED,EXPECTED_NOT_EXECUTED,EVID-SPEC-0058,发起配置和启用AI模型,"{""outcome"": ""SUCCESS_OR_RULE_DEFINED_REJECTION"", ""description"": ""在“配置和启用AI模型”中，并发校验必须满足：模型版本与路由指针CAS；调用固化配置快照。"", ""failure_description"": ""并发门禁不通过时按规则等待、拒绝或返回既有幂等结果。""}"
ACC-R3-0059,USR-SCN-070,,BR-AI-0010,CT-R3-0059,P2,SPECIFIED,EXPECTED_NOT_EXECUTED,EVID-SPEC-0059,发起配置和启用AI模型,"{""outcome"": ""SUCCESS_OR_RULE_DEFINED_REJECTION"", ""description"": ""在“配置和启用AI模型”中，数据范围必须满足：平台模型技术对象属于平台级模型配置范围；项目模型偏好只作用于明确授权项目。模型管理员的平台配置权限不自动授予项目业务内容访问。。"", ""failure_description"": ""超出数据范围时拒绝操作并记录审计。""}"
ACC-R3-0060,USR-SCN-070,,BR-AI-0011,CT-R3-0060,P6,SPECIFIED,EXPECTED_NOT_EXECUTED,EVID-SPEC-0060,发起配置和启用AI模型,"{""outcome"": ""SUCCESS_OR_RULE_DEFINED_REJECTION"", ""description"": ""在“配置和启用AI模型”中，异常流程必须满足：凭证无效、健康失败、审核职责冲突或越权项目内容访问时拒绝。"", ""failure_description"": ""凭证无效、健康失败、审核职责冲突或越权项目内容访问时拒绝""}"
ACC-R3-0061,USR-SCN-070,,BR-AI-0012,CT-R3-0061,P8,SPECIFIED,EXPECTED_NOT_EXECUTED,EVID-SPEC-0061,发起配置和启用AI模型,"{""outcome"": ""SUCCESS_OR_RULE_DEFINED_REJECTION"", ""description"": ""任一前置、权限、数据范围、并发或明确资源条件不满足，或未进入声明状态、产生越权/重复副作用、证据未密封、审计缺失时失败。"", ""failure_description"": ""任一前置、权限、数据范围、并发或明确资源条件不满足，或未进入声明状态、产生越权/重复副作用、证据未密封、审计缺失时失败。""}"
ACC-R3-0062,USR-SCN-070,,BR-AI-0013,CT-R3-0062,P8,SPECIFIED,EXPECTED_NOT_EXECUTED,EVID-SPEC-0062,发起配置和启用AI模型,"{""outcome"": ""SUCCESS_OR_RULE_DEFINED_REJECTION"", ""description"": ""在“配置和启用AI模型”中，失败判定必须满足：事务/补偿策略：LOCAL_TRANSACTION。。"", ""failure_description"": ""事务/补偿策略：LOCAL_TRANSACTION。""}"
ACC-R3-0063,USR-SCN-070,,BR-AI-0014,CT-R3-0063,P6,SPECIFIED,EXPECTED_NOT_EXECUTED,EVID-SPEC-0063,在平台级范围创建供应商、模型、路由、Prompt和凭证草稿,"{""outcome"": ""SUCCESS_OR_RULE_DEFINED_REJECTION"", ""description"": ""动作“在平台级范围创建供应商、模型、路由、Prompt和凭证草稿”完成并形成可追溯结果。"", ""failure_description"": ""返回明确失败原因且不部分提交""}"
ACC-R3-0064,USR-SCN-070,,BR-AI-0015,CT-R3-0064,P6,SPECIFIED,EXPECTED_NOT_EXECUTED,EVID-SPEC-0064,执行供应商健康、凭证和技术权限检查,"{""outcome"": ""SUCCESS_OR_RULE_DEFINED_REJECTION"", ""description"": ""动作“执行供应商健康、凭证和技术权限检查”完成并形成可追溯结果。"", ""failure_description"": ""返回明确失败原因且不部分提交""}"
ACC-R3-0065,USR-SCN-070,,BR-AI-0016,CT-R3-0065,P6,SPECIFIED,EXPECTED_NOT_EXECUTED,EVID-SPEC-0065,使用MODEL_VERSION_REVIEW提交并完成独立模型版本审核,"{""outcome"": ""SUCCESS_OR_RULE_DEFINED_REJECTION"", ""description"": ""动作“使用MODEL_VERSION_REVIEW提交并完成独立模型版本审核”完成并形成可追溯结果。"", ""failure_description"": ""返回明确失败原因且不部分提交""}"
ACC-R3-0066,USR-SCN-070,,BR-AI-0017,CT-R3-0066,P6,SPECIFIED,EXPECTED_NOT_EXECUTED,EVID-SPEC-0066,发布平台模型配置版本,"{""outcome"": ""SUCCESS_OR_RULE_DEFINED_REJECTION"", ""description"": ""动作“发布平台模型配置版本”完成并形成可追溯结果。"", ""failure_description"": ""返回明确失败原因且不部分提交""}"
ACC-R3-0067,USR-SCN-070,,BR-AI-0018,CT-R3-0067,P6,SPECIFIED,EXPECTED_NOT_EXECUTED,EVID-SPEC-0067,获授权项目维护项目模型偏好，路由服务按项目偏好和平台规则选择模型,"{""outcome"": ""SUCCESS_OR_RULE_DEFINED_REJECTION"", ""description"": ""动作“获授权项目维护项目模型偏好，路由服务按项目偏好和平台规则选择模型”完成并形成可追溯结果。"", ""failure_description"": ""返回明确失败原因且不部分提交""}"
ACC-R3-0068,USR-SCN-070,,BR-AI-0019,CT-R3-0068,P6,SPECIFIED,EXPECTED_NOT_EXECUTED,EVID-SPEC-0068,记录调用、费用和配置/项目范围审计,"{""outcome"": ""SUCCESS_OR_RULE_DEFINED_REJECTION"", ""description"": ""动作“记录调用、费用和配置/项目范围审计”完成并形成可追溯结果。"", ""failure_description"": ""返回明确失败原因且不部分提交""}"
ACC-R3-0069,USR-SCN-070,,BR-AI-0020,CT-R3-0069,P2,SPECIFIED,EXPECTED_NOT_EXECUTED,EVID-SPEC-0069,发起配置和启用AI模型,"{""outcome"": ""SUCCESS_OR_RULE_DEFINED_REJECTION"", ""description"": ""平台级供应商、模型、路由、Prompt和凭证由MODEL_CONFIGURATION_MANAGE维护；正式版本由MODEL_VERSION_REVIEW独立审核；项目偏好仅由获授权项目主体维护。"", ""failure_description"": ""返回无权限或超范围结果，业务副作用为零。""}"
ACC-R3-0070,USR-SCN-070,,BR-AI-0021,CT-R3-0070,P8,SPECIFIED,EXPECTED_NOT_EXECUTED,EVID-SPEC-0070,发起配置和启用AI模型,"{""outcome"": ""SUCCESS_OR_RULE_DEFINED_REJECTION"", ""description"": ""在“配置和启用AI模型”中，前置条件必须满足：发起人有模型配置权限。"", ""failure_description"": ""前置条件不满足时拒绝进入主流程且业务副作用为零。""}"
ACC-R3-0071,USR-SCN-070,,BR-AI-0022,CT-R3-0071,P8,SPECIFIED,EXPECTED_NOT_EXECUTED,EVID-SPEC-0071,发起配置和启用AI模型,"{""outcome"": ""SUCCESS_OR_RULE_DEFINED_REJECTION"", ""description"": ""在“配置和启用AI模型”中，前置条件必须满足：审核人具有独立模型版本审核角色。"", ""failure_description"": ""前置条件不满足时拒绝进入主流程且业务副作用为零。""}"
ACC-R3-0072,USR-SCN-070,,BR-AI-0023,CT-R3-0072,P6,SPECIFIED,EXPECTED_NOT_EXECUTED,EVID-SPEC-0072,修复前置原因后使用幂等命令重试；不得改写已提交历史。,"{""outcome"": ""SUCCESS_OR_RULE_DEFINED_REJECTION"", ""description"": ""修复前置原因后使用幂等命令重试；不得改写已提交历史。"", ""failure_description"": ""返回明确失败原因且不部分提交""}"
ACC-R3-0073,USR-SCN-070,,BR-AI-0024,CT-R3-0073,P6,SPECIFIED,EXPECTED_NOT_EXECUTED,EVID-SPEC-0073,修复草稿并重新审核发布,"{""outcome"": ""SUCCESS_OR_RULE_DEFINED_REJECTION"", ""description"": ""修复草稿并重新审核发布"", ""failure_description"": ""返回明确失败原因且不部分提交""}"
ACC-R3-0074,USR-SCN-070,,BR-AI-0025,CT-R3-0074,P8,SPECIFIED,EXPECTED_NOT_EXECUTED,EVID-SPEC-0074,执行规则对应动作,"{""outcome"": ""SUCCESS_OR_RULE_DEFINED_REJECTION"", ""description"": ""平台存储/审计：REQUIRED；predicate=TRUE; 平台存储/审计不可用时不得执行对应业务副作用；进入明确的PRESTART_BLOCKED、WAITING_RESOURCE或场景失败结果，并记录资源原因。"", ""failure_description"": ""资源条件不满足时不得执行对应业务副作用；进入明确等待、阻断或失败结果。""}"
ACC-R3-0075,USR-SCN-070,,BR-AI-0026,CT-R3-0075,P6,SPECIFIED,EXPECTED_NOT_EXECUTED,EVID-SPEC-0075,执行规则对应动作,"{""outcome"": ""SUCCESS_OR_RULE_DEFINED_REJECTION"", ""description"": ""AI模型：REQUIRED；predicate=TRUE; AI模型不可用时不得执行对应业务副作用；进入明确的PRESTART_BLOCKED、WAITING_RESOURCE或场景失败结果，并记录资源原因。"", ""failure_description"": ""资源条件不满足时不得执行对应业务副作用；进入明确等待、阻断或失败结果。""}"
ACC-R3-0076,USR-SCN-070,,BR-AI-0027,CT-R3-0076,P4,SPECIFIED,EXPECTED_NOT_EXECUTED,EVID-SPEC-0076,发起配置和启用AI模型,"{""outcome"": ""SUCCESS_OR_RULE_DEFINED_REJECTION"", ""description"": ""模型版本: DRAFT→PENDING_REVIEW→PUBLISHED→DISABLED/ARCHIVED"", ""failure_description"": ""返回明确失败原因且不部分提交""}"
ACC-R3-0077,USR-SCN-070,,BR-AI-0028,CT-R3-0077,P8,SPECIFIED,EXPECTED_NOT_EXECUTED,EVID-SPEC-0077,发起配置和启用AI模型,"{""outcome"": ""SUCCESS_OR_RULE_DEFINED_REJECTION"", ""description"": ""只有已发布版本可被AI任务引用，业务数据访问经过项目范围校验"", ""failure_description"": ""返回明确失败原因且不部分提交""}"
ACC-R3-0078,USR-SCN-070,,BR-AI-0029,CT-R3-0078,P6,SPECIFIED,EXPECTED_NOT_EXECUTED,EVID-SPEC-0078,先执行场景门禁，再进入首个业务副作用。,"{""outcome"": ""SUCCESS_OR_RULE_DEFINED_REJECTION"", ""description"": ""当“发起配置和启用AI模型”发生时，ROLE-MODEL-ADMIN可以发起“配置和启用AI模型”；发起后必须先完成本场景前置、权限、范围、资源和并发门禁。"", ""failure_description"": ""门禁不通过时不得产生业务副作用。""}"
ACC-R3-0079,USR-SCN-071,,BR-AI-0030,CT-R3-0079,P6,SPECIFIED,EXPECTED_NOT_EXECUTED,EVID-SPEC-0079,只有平台路由明确允许的候选切换才可降级,"{""outcome"": ""SUCCESS_OR_RULE_DEFINED_REJECTION"", ""description"": ""动作“只有平台路由明确允许的候选切换才可降级”完成并形成可追溯结果。"", ""failure_description"": ""返回明确失败原因且不部分提交""}"
ACC-R3-0080,USR-SCN-071,,BR-AI-0031,CT-R3-0080,P8,SPECIFIED,EXPECTED_NOT_EXECUTED,EVID-SPEC-0080,记录“模型调用失败与降级”的发起主体、参与主体、对象ID、权限与数据范围判定、状态前后值、结果/原因码和时间。,"{""outcome"": ""SUCCESS_OR_RULE_DEFINED_REJECTION"", ""description"": ""记录“模型调用失败与降级”的发起主体、参与主体、对象ID、权限与数据范围判定、状态前后值、结果/原因码和时间。"", ""failure_description"": ""返回明确失败原因且不部分提交""}"
ACC-R3-0081,USR-SCN-071,,BR-AI-0032,CT-R3-0081,P5,SPECIFIED,EXPECTED_NOT_EXECUTED,EVID-SPEC-0081,模型调用超时、错误、限流或输出Schema校验失败,"{""outcome"": ""SUCCESS_OR_RULE_DEFINED_REJECTION"", ""description"": ""在“模型调用失败与降级”中，并发校验必须满足：调用attempt、candidate版本和任务取消CAS。"", ""failure_description"": ""并发门禁不通过时按规则等待、拒绝或返回既有幂等结果。""}"
ACC-R3-0082,USR-SCN-071,,BR-AI-0033,CT-R3-0082,P2,SPECIFIED,EXPECTED_NOT_EXECUTED,EVID-SPEC-0082,模型调用超时、错误、限流或输出Schema校验失败,"{""outcome"": ""SUCCESS_OR_RULE_DEFINED_REJECTION"", ""description"": ""“模型调用失败与降级”的读取、写入和历史查询仅作用于明确授权项目及active_scope/history_read_scope；敏感数据另行校验独立权限。"", ""failure_description"": ""超出数据范围时拒绝操作并记录审计。""}"
ACC-R3-0083,USR-SCN-071,,BR-AI-0034,CT-R3-0083,P6,SPECIFIED,EXPECTED_NOT_EXECUTED,EVID-SPEC-0083,模型调用超时、错误、限流或输出Schema校验失败,"{""outcome"": ""SUCCESS_OR_RULE_DEFINED_REJECTION"", ""description"": ""旧candidate、变更后的Prompt/模型配置或非法结构不得提交为正式结果"", ""failure_description"": ""旧candidate、变更后的Prompt/模型配置或非法结构不得提交为正式结果""}"
ACC-R3-0084,USR-SCN-071,,BR-AI-0035,CT-R3-0084,P8,SPECIFIED,EXPECTED_NOT_EXECUTED,EVID-SPEC-0084,模型调用超时、错误、限流或输出Schema校验失败,"{""outcome"": ""SUCCESS_OR_RULE_DEFINED_REJECTION"", ""description"": ""在“模型调用失败与降级”中，失败判定必须满足：事务/补偿策略：EXTERNAL_SIDE_EFFECT。。"", ""failure_description"": ""事务/补偿策略：EXTERNAL_SIDE_EFFECT。""}"
ACC-R3-0085,USR-SCN-071,,BR-AI-0036,CT-R3-0085,P6,SPECIFIED,EXPECTED_NOT_EXECUTED,EVID-SPEC-0085,记录调用快照和错误分类,"{""outcome"": ""SUCCESS_OR_RULE_DEFINED_REJECTION"", ""description"": ""动作“记录调用快照和错误分类”完成并形成可追溯结果。"", ""failure_description"": ""返回明确失败原因且不部分提交""}"
ACC-R3-0086,USR-SCN-071,,BR-AI-0037,CT-R3-0086,P6,SPECIFIED,EXPECTED_NOT_EXECUTED,EVID-SPEC-0086,按任务策略在同一候选集合内重试,"{""outcome"": ""SUCCESS_OR_RULE_DEFINED_REJECTION"", ""description"": ""动作“按任务策略在同一候选集合内重试”完成并形成可追溯结果。"", ""failure_description"": ""返回明确失败原因且不部分提交""}"
ACC-R3-0087,USR-SCN-071,,BR-AI-0038,CT-R3-0087,P6,SPECIFIED,EXPECTED_NOT_EXECUTED,EVID-SPEC-0087,禁止LiteLLM跨候选自由fallback,"{""outcome"": ""SUCCESS_OR_RULE_DEFINED_REJECTION"", ""description"": ""动作“禁止LiteLLM跨候选自由fallback”完成并形成可追溯结果。"", ""failure_description"": ""返回明确失败原因且不部分提交""}"
ACC-R3-0088,USR-SCN-071,,BR-AI-0039,CT-R3-0088,P6,SPECIFIED,EXPECTED_NOT_EXECUTED,EVID-SPEC-0088,校验结构输出,"{""outcome"": ""SUCCESS_OR_RULE_DEFINED_REJECTION"", ""description"": ""动作“校验结构输出”完成并形成可追溯结果。"", ""failure_description"": ""返回明确失败原因且不部分提交""}"
ACC-R3-0089,USR-SCN-071,,BR-AI-0040,CT-R3-0089,P6,SPECIFIED,EXPECTED_NOT_EXECUTED,EVID-SPEC-0089,可恢复时创建checkpoint恢复链,"{""outcome"": ""SUCCESS_OR_RULE_DEFINED_REJECTION"", ""description"": ""动作“可恢复时创建checkpoint恢复链”完成并形成可追溯结果。"", ""failure_description"": ""返回明确失败原因且不部分提交""}"
ACC-R3-0090,USR-SCN-071,,BR-AI-0041,CT-R3-0090,P6,SPECIFIED,EXPECTED_NOT_EXECUTED,EVID-SPEC-0090,不可恢复时失败并提示用户,"{""outcome"": ""SUCCESS_OR_RULE_DEFINED_REJECTION"", ""description"": ""动作“不可恢复时失败并提示用户”完成并形成可追溯结果。"", ""failure_description"": ""返回明确失败原因且不部分提交""}"
ACC-R3-0091,USR-SCN-071,,BR-AI-0042,CT-R3-0091,P2,SPECIFIED,EXPECTED_NOT_EXECUTED,EVID-SPEC-0091,模型调用超时、错误、限流或输出Schema校验失败,"{""outcome"": ""SUCCESS_OR_RULE_DEFINED_REJECTION"", ""description"": ""SYS-AI-ORCHESTRATOR发起“模型调用失败与降级”前必须具备对应菜单、操作或服务授权；系统主体只按自身服务身份执行；越权时拒绝且不产生业务写入。"", ""failure_description"": ""返回无权限或超范围结果，业务副作用为零。""}"
ACC-R3-0092,USR-SCN-071,,BR-AI-0043,CT-R3-0092,P8,SPECIFIED,EXPECTED_NOT_EXECUTED,EVID-SPEC-0092,模型调用超时、错误、限流或输出Schema校验失败,"{""outcome"": ""SUCCESS_OR_RULE_DEFINED_REJECTION"", ""description"": ""发起主体已登录并具备对应菜单、操作和数据范围权限"", ""failure_description"": ""前置条件不满足时拒绝进入主流程且业务副作用为零。""}"
ACC-R3-0093,USR-SCN-071,,BR-AI-0044,CT-R3-0093,P8,SPECIFIED,EXPECTED_NOT_EXECUTED,EVID-SPEC-0093,模型调用超时、错误、限流或输出Schema校验失败,"{""outcome"": ""SUCCESS_OR_RULE_DEFINED_REJECTION"", ""description"": ""相关项目及依赖对象处于允许状态"", ""failure_description"": ""前置条件不满足时拒绝进入主流程且业务副作用为零。""}"
ACC-R3-0094,USR-SCN-071,,BR-AI-0045,CT-R3-0094,P6,SPECIFIED,EXPECTED_NOT_EXECUTED,EVID-SPEC-0094,使用原快照恢复；配置变化则创建新任务,"{""outcome"": ""SUCCESS_OR_RULE_DEFINED_REJECTION"", ""description"": ""使用原快照恢复；配置变化则创建新任务"", ""failure_description"": ""返回明确失败原因且不部分提交""}"
ACC-R3-0095,USR-SCN-071,,BR-AI-0046,CT-R3-0095,P4,SPECIFIED,EXPECTED_NOT_EXECUTED,EVID-SPEC-0095,模型调用超时、错误、限流或输出Schema校验失败,"{""outcome"": ""SUCCESS_OR_RULE_DEFINED_REJECTION"", ""description"": ""ai_task: RUNNING→RETRYING/WAITING_RECOVERY→FAILED/SUCCEEDED"", ""failure_description"": ""返回明确失败原因且不部分提交""}"
ACC-R3-0096,USR-SCN-071,,BR-AI-0047,CT-R3-0096,P8,SPECIFIED,EXPECTED_NOT_EXECUTED,EVID-SPEC-0096,模型调用超时、错误、限流或输出Schema校验失败,"{""outcome"": ""SUCCESS_OR_RULE_DEFINED_REJECTION"", ""description"": ""模型错误不产生正式事实，重试/降级和用户提示可追溯"", ""failure_description"": ""返回明确失败原因且不部分提交""}"
ACC-R3-0097,USR-SCN-071,,BR-AI-0048,CT-R3-0097,P6,SPECIFIED,EXPECTED_NOT_EXECUTED,EVID-SPEC-0097,先执行场景门禁，再进入首个业务副作用。,"{""outcome"": ""SUCCESS_OR_RULE_DEFINED_REJECTION"", ""description"": ""当“模型调用超时、错误、限流或输出Schema校验失败”发生时，SYS-AI-ORCHESTRATOR可以发起“模型调用失败与降级”；发起后必须先完成本场景前置、权限、范围、资源和并发门禁。"", ""failure_description"": ""门禁不通过时不得产生业务副作用。""}"
ACC-R3-0098,USR-SCN-030,,BR-CASE-0001,CT-R3-0098,P6,SPECIFIED,EXPECTED_NOT_EXECUTED,EVID-SPEC-0098,未关联业务模块时标记未分类，不强制尚未引用的环境/账号/模型范围,"{""outcome"": ""SUCCESS_OR_RULE_DEFINED_REJECTION"", ""description"": ""动作“未关联业务模块时标记未分类，不强制尚未引用的环境/账号/模型范围”完成并形成可追溯结果。"", ""failure_description"": ""返回明确失败原因且不部分提交""}"
ACC-R3-0099,USR-SCN-030|USR-SCN-031,,BR-CASE-0002,CT-R3-0099,P8,SPECIFIED,EXPECTED_NOT_EXECUTED,EVID-SPEC-0099,发起创建自然语言用例,"{""outcome"": ""SUCCESS_OR_RULE_DEFINED_REJECTION"", ""description"": ""产生并关联业务审计记录"", ""failure_description"": ""返回明确失败原因且不部分提交""}"
ACC-R3-0100,USR-SCN-030,,BR-CASE-0003,CT-R3-0100,P8,SPECIFIED,EXPECTED_NOT_EXECUTED,EVID-SPEC-0100,记录“创建自然语言用例”的发起主体、参与主体、对象ID、权限与数据范围判定、状态前后值、结果/原因码和时间。,"{""outcome"": ""SUCCESS_OR_RULE_DEFINED_REJECTION"", ""description"": ""记录“创建自然语言用例”的发起主体、参与主体、对象ID、权限与数据范围判定、状态前后值、结果/原因码和时间。"", ""failure_description"": ""返回明确失败原因且不部分提交""}"
ACC-R3-0101,USR-SCN-030,,BR-CASE-0004,CT-R3-0101,P8,SPECIFIED,EXPECTED_NOT_EXECUTED,EVID-SPEC-0101,本地状态变化、不可变事件和审计在同一原子提交边界内完成；提交前审计失败则不提交或回滚本地变化。,"{""outcome"": ""SUCCESS_OR_RULE_DEFINED_REJECTION"", ""description"": ""在“创建自然语言用例”中，审计必须满足：本地状态变化、不可变事件和审计在同一原子提交边界内完成；提交前审计失败则不提交或回滚本地变化。。"", ""failure_description"": ""返回明确失败原因且不部分提交""}"
ACC-R3-0102,USR-SCN-030,,BR-CASE-0005,CT-R3-0102,P5,SPECIFIED,EXPECTED_NOT_EXECUTED,EVID-SPEC-0102,发起创建自然语言用例,"{""outcome"": ""SUCCESS_OR_RULE_DEFINED_REJECTION"", ""description"": ""主记录并发版本标识乐观锁；旧修订可被新修订取代但不删除"", ""failure_description"": ""并发门禁不通过时按规则等待、拒绝或返回既有幂等结果。""}"
ACC-R3-0103,USR-SCN-030,,BR-CASE-0006,CT-R3-0103,P2,SPECIFIED,EXPECTED_NOT_EXECUTED,EVID-SPEC-0103,发起创建自然语言用例,"{""outcome"": ""SUCCESS_OR_RULE_DEFINED_REJECTION"", ""description"": ""“创建自然语言用例”的读取、写入和历史查询仅作用于明确授权项目及active_scope/history_read_scope；敏感数据另行校验独立权限。"", ""failure_description"": ""超出数据范围时拒绝操作并记录审计。""}"
ACC-R3-0104,USR-SCN-030,,BR-CASE-0007,CT-R3-0104,P6,SPECIFIED,EXPECTED_NOT_EXECUTED,EVID-SPEC-0104,发起创建自然语言用例,"{""outcome"": ""SUCCESS_OR_RULE_DEFINED_REJECTION"", ""description"": ""空内容、非法结构、归档项目/终端或并发编辑CAS冲突时拒绝"", ""failure_description"": ""空内容、非法结构、归档项目/终端或并发编辑CAS冲突时拒绝""}"
ACC-R3-0105,USR-SCN-030|USR-SCN-031,,BR-CASE-0008,CT-R3-0105,P8,SPECIFIED,EXPECTED_NOT_EXECUTED,EVID-SPEC-0105,发起创建自然语言用例,"{""outcome"": ""SUCCESS_OR_RULE_DEFINED_REJECTION"", ""description"": ""任一前置、权限、数据范围、并发或明确资源条件不满足，或未进入声明状态、产生越权/重复副作用、证据未密封、审计缺失时失败。"", ""failure_description"": ""任一前置、权限、数据范围、并发或明确资源条件不满足，或未进入声明状态、产生越权/重复副作用、证据未密封、审计缺失时失败。""}"
ACC-R3-0106,USR-SCN-030,,BR-CASE-0009,CT-R3-0106,P8,SPECIFIED,EXPECTED_NOT_EXECUTED,EVID-SPEC-0106,发起创建自然语言用例,"{""outcome"": ""SUCCESS_OR_RULE_DEFINED_REJECTION"", ""description"": ""在“创建自然语言用例”中，失败判定必须满足：事务/补偿策略：LOCAL_TRANSACTION。。"", ""failure_description"": ""事务/补偿策略：LOCAL_TRANSACTION。""}"
ACC-R3-0107,USR-SCN-030,,BR-CASE-0010,CT-R3-0107,P6,SPECIFIED,EXPECTED_NOT_EXECUTED,EVID-SPEC-0107,创建用例主记录,"{""outcome"": ""SUCCESS_OR_RULE_DEFINED_REJECTION"", ""description"": ""动作“创建用例主记录”完成并形成可追溯结果。"", ""failure_description"": ""返回明确失败原因且不部分提交""}"
ACC-R3-0108,USR-SCN-030,,BR-CASE-0011,CT-R3-0108,P6,SPECIFIED,EXPECTED_NOT_EXECUTED,EVID-SPEC-0108,保存不可变修订,"{""outcome"": ""SUCCESS_OR_RULE_DEFINED_REJECTION"", ""description"": ""动作“保存不可变修订”完成并形成可追溯结果。"", ""failure_description"": ""返回明确失败原因且不部分提交""}"
ACC-R3-0109,USR-SCN-030,,BR-CASE-0012,CT-R3-0109,P6,SPECIFIED,EXPECTED_NOT_EXECUTED,EVID-SPEC-0109,按实际引用字段校验范围,"{""outcome"": ""SUCCESS_OR_RULE_DEFINED_REJECTION"", ""description"": ""动作“按实际引用字段校验范围”完成并形成可追溯结果。"", ""failure_description"": ""返回明确失败原因且不部分提交""}"
ACC-R3-0110,USR-SCN-030,,BR-CASE-0013,CT-R3-0110,P6,SPECIFIED,EXPECTED_NOT_EXECUTED,EVID-SPEC-0110,以并发版本标识切换当前生效修订指针,"{""outcome"": ""SUCCESS_OR_RULE_DEFINED_REJECTION"", ""description"": ""动作“以并发版本标识切换当前生效修订指针”完成并形成可追溯结果。"", ""failure_description"": ""返回明确失败原因且不部分提交""}"
ACC-R3-0111,USR-SCN-030,,BR-CASE-0014,CT-R3-0111,P6,SPECIFIED,EXPECTED_NOT_EXECUTED,EVID-SPEC-0111,显示转换、探索等后续入口,"{""outcome"": ""SUCCESS_OR_RULE_DEFINED_REJECTION"", ""description"": ""动作“显示转换、探索等后续入口”完成并形成可追溯结果。"", ""failure_description"": ""返回明确失败原因且不部分提交""}"
ACC-R3-0112,USR-SCN-030,,BR-CASE-0015,CT-R3-0112,P6,SPECIFIED,EXPECTED_NOT_EXECUTED,EVID-SPEC-0112,记录审计,"{""outcome"": ""SUCCESS_OR_RULE_DEFINED_REJECTION"", ""description"": ""动作“记录审计”完成并形成可追溯结果。"", ""failure_description"": ""返回明确失败原因且不部分提交""}"
ACC-R3-0113,USR-SCN-030,,BR-CASE-0016,CT-R3-0113,P2,SPECIFIED,EXPECTED_NOT_EXECUTED,EVID-SPEC-0113,发起创建自然语言用例,"{""outcome"": ""SUCCESS_OR_RULE_DEFINED_REJECTION"", ""description"": ""ROLE-CASE-DESIGNER发起“创建自然语言用例”前必须具备对应菜单、操作或服务授权；系统主体只按自身服务身份执行；越权时拒绝且不产生业务写入。"", ""failure_description"": ""返回无权限或超范围结果，业务副作用为零。""}"
ACC-R3-0114,USR-SCN-030,,BR-CASE-0017,CT-R3-0114,P8,SPECIFIED,EXPECTED_NOT_EXECUTED,EVID-SPEC-0114,发起创建自然语言用例,"{""outcome"": ""SUCCESS_OR_RULE_DEFINED_REJECTION"", ""description"": ""在“创建自然语言用例”中，前置条件必须满足：项目有效。"", ""failure_description"": ""前置条件不满足时拒绝进入主流程且业务副作用为零。""}"
ACC-R3-0115,USR-SCN-030,,BR-CASE-0018,CT-R3-0115,P8,SPECIFIED,EXPECTED_NOT_EXECUTED,EVID-SPEC-0115,发起创建自然语言用例,"{""outcome"": ""SUCCESS_OR_RULE_DEFINED_REJECTION"", ""description"": ""在“创建自然语言用例”中，前置条件必须满足：具备NATURAL_CASE_CREATE及项目范围。"", ""failure_description"": ""前置条件不满足时拒绝进入主流程且业务副作用为零。""}"
ACC-R3-0116,USR-SCN-030,,BR-CASE-0019,CT-R3-0116,P6,SPECIFIED,EXPECTED_NOT_EXECUTED,EVID-SPEC-0116,修复前置原因后使用幂等命令重试；不得改写已提交历史。,"{""outcome"": ""SUCCESS_OR_RULE_DEFINED_REJECTION"", ""description"": ""修复前置原因后使用幂等命令重试；不得改写已提交历史。"", ""failure_description"": ""返回明确失败原因且不部分提交""}"
ACC-R3-0117,USR-SCN-030,,BR-CASE-0020,CT-R3-0117,P6,SPECIFIED,EXPECTED_NOT_EXECUTED,EVID-SPEC-0117,重新加载最新修订、合并后创建新修订,"{""outcome"": ""SUCCESS_OR_RULE_DEFINED_REJECTION"", ""description"": ""重新加载最新修订、合并后创建新修订"", ""failure_description"": ""返回明确失败原因且不部分提交""}"
ACC-R3-0118,USR-SCN-030|USR-SCN-031,,BR-CASE-0021,CT-R3-0118,P8,SPECIFIED,EXPECTED_NOT_EXECUTED,EVID-SPEC-0118,执行规则对应动作,"{""outcome"": ""SUCCESS_OR_RULE_DEFINED_REJECTION"", ""description"": ""平台存储/审计：REQUIRED；predicate=TRUE; 平台存储/审计不可用时不得执行对应业务副作用；进入明确的PRESTART_BLOCKED、WAITING_RESOURCE或场景失败结果，并记录资源原因。"", ""failure_description"": ""资源条件不满足时不得执行对应业务副作用；进入明确等待、阻断或失败结果。""}"
ACC-R3-0119,USR-SCN-030,,BR-CASE-0022,CT-R3-0119,P4,SPECIFIED,EXPECTED_NOT_EXECUTED,EVID-SPEC-0119,发起创建自然语言用例,"{""outcome"": ""SUCCESS_OR_RULE_DEFINED_REJECTION"", ""description"": ""自然语言用例: ACTIVE→ARCHIVED；修订不可变"", ""failure_description"": ""返回明确失败原因且不部分提交""}"
ACC-R3-0120,USR-SCN-030,,BR-CASE-0023,CT-R3-0120,P8,SPECIFIED,EXPECTED_NOT_EXECUTED,EVID-SPEC-0120,发起创建自然语言用例,"{""outcome"": ""SUCCESS_OR_RULE_DEFINED_REJECTION"", ""description"": ""新修订成为current且旧修订可追溯"", ""failure_description"": ""返回明确失败原因且不部分提交""}"
ACC-R3-0121,USR-SCN-030,,BR-CASE-0024,CT-R3-0121,P6,SPECIFIED,EXPECTED_NOT_EXECUTED,EVID-SPEC-0121,先执行场景门禁，再进入首个业务副作用。,"{""outcome"": ""SUCCESS_OR_RULE_DEFINED_REJECTION"", ""description"": ""当“发起创建自然语言用例”发生时，ROLE-CASE-DESIGNER可以发起“创建自然语言用例”；发起后必须先完成本场景前置、权限、范围、资源和并发门禁。"", ""failure_description"": ""门禁不通过时不得产生业务副作用。""}"
ACC-R3-0122,USR-SCN-031,,BR-CASE-0025,CT-R3-0122,P6,SPECIFIED,EXPECTED_NOT_EXECUTED,EVID-SPEC-0122,可选择已有合法ai_result进行CONFIRM_EXISTING_RESULT,"{""outcome"": ""SUCCESS_OR_RULE_DEFINED_REJECTION"", ""description"": ""动作“可选择已有合法ai_result进行CONFIRM_EXISTING_RESULT”完成并形成可追溯结果。"", ""failure_description"": ""返回明确失败原因且不部分提交""}"
ACC-R3-0123,USR-SCN-031,,BR-CASE-0026,CT-R3-0123,P8,SPECIFIED,EXPECTED_NOT_EXECUTED,EVID-SPEC-0123,记录“转换为标准结构”的发起主体、参与主体、对象ID、权限与数据范围判定、状态前后值、结果/原因码和时间。,"{""outcome"": ""SUCCESS_OR_RULE_DEFINED_REJECTION"", ""description"": ""记录“转换为标准结构”的发起主体、参与主体、对象ID、权限与数据范围判定、状态前后值、结果/原因码和时间。"", ""failure_description"": ""返回明确失败原因且不部分提交""}"
ACC-R3-0124,USR-SCN-031,,BR-CASE-0027,CT-R3-0124,P8,SPECIFIED,EXPECTED_NOT_EXECUTED,EVID-SPEC-0124,受理命令和初始状态在本地原子提交；异步步骤失败不得宣称全局回滚，必须进入明确失败/等待状态并创建恢复或补偿命令。,"{""outcome"": ""SUCCESS_OR_RULE_DEFINED_REJECTION"", ""description"": ""受理命令和初始状态在本地原子提交；异步步骤失败不得宣称全局回滚，必须进入明确失败/等待状态并创建恢复或补偿命令。"", ""failure_description"": ""返回明确失败原因且不部分提交""}"
ACC-R3-0125,USR-SCN-031,,BR-CASE-0028,CT-R3-0125,P5,SPECIFIED,EXPECTED_NOT_EXECUTED,EVID-SPEC-0125,发起转换为标准结构,"{""outcome"": ""SUCCESS_OR_RULE_DEFINED_REJECTION"", ""description"": ""幂等键防重复任务；candidate版本和任务取消使用CAS"", ""failure_description"": ""并发门禁不通过时按规则等待、拒绝或返回既有幂等结果。""}"
ACC-R3-0126,USR-SCN-031,,BR-CASE-0029,CT-R3-0126,P2,SPECIFIED,EXPECTED_NOT_EXECUTED,EVID-SPEC-0126,发起转换为标准结构,"{""outcome"": ""SUCCESS_OR_RULE_DEFINED_REJECTION"", ""description"": ""“转换为标准结构”的读取、写入和历史查询仅作用于明确授权项目及active_scope/history_read_scope；敏感数据另行校验独立权限。"", ""failure_description"": ""超出数据范围时拒绝操作并记录审计。""}"
ACC-R3-0127,USR-SCN-031,,BR-CASE-0030,CT-R3-0127,P6,SPECIFIED,EXPECTED_NOT_EXECUTED,EVID-SPEC-0127,发起转换为标准结构,"{""outcome"": ""SUCCESS_OR_RULE_DEFINED_REJECTION"", ""description"": ""未保存修订、重复发起、模型非法结构或旧candidate提交时拒绝/幂等返回"", ""failure_description"": ""未保存修订、重复发起、模型非法结构或旧candidate提交时拒绝/幂等返回""}"
ACC-R3-0128,USR-SCN-031,,BR-CASE-0031,CT-R3-0128,P8,SPECIFIED,EXPECTED_NOT_EXECUTED,EVID-SPEC-0128,发起转换为标准结构,"{""outcome"": ""SUCCESS_OR_RULE_DEFINED_REJECTION"", ""description"": ""在“转换为标准结构”中，失败判定必须满足：事务/补偿策略：ASYNC_ORCHESTRATION。。"", ""failure_description"": ""事务/补偿策略：ASYNC_ORCHESTRATION。""}"
ACC-R3-0129,USR-SCN-031,,BR-CASE-0032,CT-R3-0129,P6,SPECIFIED,EXPECTED_NOT_EXECUTED,EVID-SPEC-0129,固化输入修订和模型/Prompt快照,"{""outcome"": ""SUCCESS_OR_RULE_DEFINED_REJECTION"", ""description"": ""动作“固化输入修订和模型/Prompt快照”完成并形成可追溯结果。"", ""failure_description"": ""返回明确失败原因且不部分提交""}"
ACC-R3-0130,USR-SCN-031,,BR-CASE-0033,CT-R3-0130,P6,SPECIFIED,EXPECTED_NOT_EXECUTED,EVID-SPEC-0130,创建STRUCTURE_CONVERSION ai_task,"{""outcome"": ""SUCCESS_OR_RULE_DEFINED_REJECTION"", ""description"": ""动作“创建STRUCTURE_CONVERSION ai_task”完成并形成可追溯结果。"", ""failure_description"": ""返回明确失败原因且不部分提交""}"
ACC-R3-0131,USR-SCN-031,,BR-CASE-0034,CT-R3-0131,P6,SPECIFIED,EXPECTED_NOT_EXECUTED,EVID-SPEC-0131,调用模型,"{""outcome"": ""SUCCESS_OR_RULE_DEFINED_REJECTION"", ""description"": ""动作“调用模型”完成并形成可追溯结果。"", ""failure_description"": ""返回明确失败原因且不部分提交""}"
ACC-R3-0132,USR-SCN-031,,BR-CASE-0035,CT-R3-0132,P6,SPECIFIED,EXPECTED_NOT_EXECUTED,EVID-SPEC-0132,校验输出Schema与权限引用,"{""outcome"": ""SUCCESS_OR_RULE_DEFINED_REJECTION"", ""description"": ""动作“校验输出Schema与权限引用”完成并形成可追溯结果。"", ""failure_description"": ""返回明确失败原因且不部分提交""}"
ACC-R3-0133,USR-SCN-031,,BR-CASE-0036,CT-R3-0133,P6,SPECIFIED,EXPECTED_NOT_EXECUTED,EVID-SPEC-0133,生成candidate,"{""outcome"": ""SUCCESS_OR_RULE_DEFINED_REJECTION"", ""description"": ""动作“生成candidate”完成并形成可追溯结果。"", ""failure_description"": ""返回明确失败原因且不部分提交""}"
ACC-R3-0134,USR-SCN-031,,BR-CASE-0037,CT-R3-0134,P6,SPECIFIED,EXPECTED_NOT_EXECUTED,EVID-SPEC-0134,由USER确认/拒绝/合并,"{""outcome"": ""SUCCESS_OR_RULE_DEFINED_REJECTION"", ""description"": ""动作“由USER确认/拒绝/合并”完成并形成可追溯结果。"", ""failure_description"": ""返回明确失败原因且不部分提交""}"
ACC-R3-0135,USR-SCN-031,,BR-CASE-0038,CT-R3-0135,P6,SPECIFIED,EXPECTED_NOT_EXECUTED,EVID-SPEC-0135,确认后形成结构化草稿或新修订,"{""outcome"": ""SUCCESS_OR_RULE_DEFINED_REJECTION"", ""description"": ""动作“确认后形成结构化草稿或新修订”完成并形成可追溯结果。"", ""failure_description"": ""返回明确失败原因且不部分提交""}"
ACC-R3-0136,USR-SCN-031,,BR-CASE-0039,CT-R3-0136,P2,SPECIFIED,EXPECTED_NOT_EXECUTED,EVID-SPEC-0136,发起转换为标准结构,"{""outcome"": ""SUCCESS_OR_RULE_DEFINED_REJECTION"", ""description"": ""在“转换为标准结构”中，权限校验必须满足：AI_TASK_CREATE、模型调用、candidate人工决定和目标用例编辑权限。"", ""failure_description"": ""返回无权限或超范围结果，业务副作用为零。""}"
ACC-R3-0137,USR-SCN-031,,BR-CASE-0040,CT-R3-0137,P8,SPECIFIED,EXPECTED_NOT_EXECUTED,EVID-SPEC-0137,发起转换为标准结构,"{""outcome"": ""SUCCESS_OR_RULE_DEFINED_REJECTION"", ""description"": ""在“转换为标准结构”中，前置条件必须满足：自然语言修订已保存且可访问。"", ""failure_description"": ""前置条件不满足时拒绝进入主流程且业务副作用为零。""}"
ACC-R3-0138,USR-SCN-031,,BR-CASE-0041,CT-R3-0138,P8,SPECIFIED,EXPECTED_NOT_EXECUTED,EVID-SPEC-0138,发起转换为标准结构,"{""outcome"": ""SUCCESS_OR_RULE_DEFINED_REJECTION"", ""description"": ""在“转换为标准结构”中，前置条件必须满足：有可用模型路由和调用权限。"", ""failure_description"": ""前置条件不满足时拒绝进入主流程且业务副作用为零。""}"
ACC-R3-0139,USR-SCN-031,,BR-CASE-0042,CT-R3-0139,P6,SPECIFIED,EXPECTED_NOT_EXECUTED,EVID-SPEC-0139,密封已产生证据，按幂等恢复命令继续或补偿；旧执行记录保持不可变。,"{""outcome"": ""SUCCESS_OR_RULE_DEFINED_REJECTION"", ""description"": ""密封已产生证据，按幂等恢复命令继续或补偿；旧执行记录保持不可变。"", ""failure_description"": ""返回明确失败原因且不部分提交""}"
ACC-R3-0140,USR-SCN-031,,BR-CASE-0043,CT-R3-0140,P6,SPECIFIED,EXPECTED_NOT_EXECUTED,EVID-SPEC-0140,模型/Prompt快照变化时创建新任务；旧candidate不可复用,"{""outcome"": ""SUCCESS_OR_RULE_DEFINED_REJECTION"", ""description"": ""模型/Prompt快照变化时创建新任务；旧candidate不可复用"", ""failure_description"": ""返回明确失败原因且不部分提交""}"
ACC-R3-0141,USR-SCN-031,,BR-CASE-0044,CT-R3-0141,P6,SPECIFIED,EXPECTED_NOT_EXECUTED,EVID-SPEC-0141,执行规则对应动作,"{""outcome"": ""SUCCESS_OR_RULE_DEFINED_REJECTION"", ""description"": ""AI模型：REQUIRED；predicate=TRUE; AI模型不可用时不得执行对应业务副作用；进入明确的PRESTART_BLOCKED、WAITING_RESOURCE或场景失败结果，并记录资源原因。"", ""failure_description"": ""资源条件不满足时不得执行对应业务副作用；进入明确等待、阻断或失败结果。""}"
ACC-R3-0142,USR-SCN-031,,BR-CASE-0045,CT-R3-0142,P4,SPECIFIED,EXPECTED_NOT_EXECUTED,EVID-SPEC-0142,发起转换为标准结构,"{""outcome"": ""SUCCESS_OR_RULE_DEFINED_REJECTION"", ""description"": ""ai_task: CREATED→RUNNING→SUCCEEDED/FAILED/CANCELLED"", ""failure_description"": ""返回明确失败原因且不部分提交""}"
ACC-R3-0143,USR-SCN-031,,BR-CASE-0046,CT-R3-0143,P4,SPECIFIED,EXPECTED_NOT_EXECUTED,EVID-SPEC-0143,发起转换为标准结构,"{""outcome"": ""SUCCESS_OR_RULE_DEFINED_REJECTION"", ""description"": ""candidate: PENDING→CONFIRMED/REJECTED/SUPERSEDED"", ""failure_description"": ""返回明确失败原因且不部分提交""}"
ACC-R3-0144,USR-SCN-031,,BR-CASE-0047,CT-R3-0144,P8,SPECIFIED,EXPECTED_NOT_EXECUTED,EVID-SPEC-0144,发起转换为标准结构,"{""outcome"": ""SUCCESS_OR_RULE_DEFINED_REJECTION"", ""description"": ""候选通过Schema校验且只有USER人工决定后进入用例草稿"", ""failure_description"": ""返回明确失败原因且不部分提交""}"
ACC-R3-0145,USR-SCN-031,,BR-CASE-0048,CT-R3-0145,P6,SPECIFIED,EXPECTED_NOT_EXECUTED,EVID-SPEC-0145,先执行场景门禁，再进入首个业务副作用。,"{""outcome"": ""SUCCESS_OR_RULE_DEFINED_REJECTION"", ""description"": ""当“发起转换为标准结构”发生时，ROLE-CASE-DESIGNER可以发起“转换为标准结构”；发起后必须先完成本场景前置、权限、范围、资源和并发门禁。"", ""failure_description"": ""门禁不通过时不得产生业务副作用。""}"
ACC-R3-0146,USR-SCN-035,,BR-CASE-0049,CT-R3-0146,P6,SPECIFIED,EXPECTED_NOT_EXECUTED,EVID-SPEC-0146,驳回后创建新修订；紧急禁用后可修复并重新发布新版本,"{""outcome"": ""SUCCESS_OR_RULE_DEFINED_REJECTION"", ""description"": ""动作“驳回后创建新修订；紧急禁用后可修复并重新发布新版本”完成并形成可追溯结果。"", ""failure_description"": ""返回明确失败原因且不部分提交""}"
ACC-R3-0147,USR-SCN-035|USR-SCN-036|USR-SCN-083,,BR-CASE-0050,CT-R3-0147,P8,SPECIFIED,EXPECTED_NOT_EXECUTED,EVID-SPEC-0147,发起编辑和发布结构化用例,"{""outcome"": ""SUCCESS_OR_RULE_DEFINED_REJECTION"", ""description"": ""产生并关联业务审计记录"", ""failure_description"": ""返回明确失败原因且不部分提交""}"
ACC-R3-0148,USR-SCN-035,,BR-CASE-0051,CT-R3-0148,P8,SPECIFIED,EXPECTED_NOT_EXECUTED,EVID-SPEC-0148,记录“编辑和发布结构化用例”的发起主体、参与主体、对象ID、权限与数据范围判定、状态前后值、结果/原因码和时间。,"{""outcome"": ""SUCCESS_OR_RULE_DEFINED_REJECTION"", ""description"": ""记录“编辑和发布结构化用例”的发起主体、参与主体、对象ID、权限与数据范围判定、状态前后值、结果/原因码和时间。"", ""failure_description"": ""返回明确失败原因且不部分提交""}"
ACC-R3-0149,USR-SCN-035,,BR-CASE-0052,CT-R3-0149,P8,SPECIFIED,EXPECTED_NOT_EXECUTED,EVID-SPEC-0149,本地状态变化、不可变事件和审计在同一原子提交边界内完成；提交前审计失败则不提交或回滚本地变化。,"{""outcome"": ""SUCCESS_OR_RULE_DEFINED_REJECTION"", ""description"": ""在“编辑和发布结构化用例”中，审计必须满足：本地状态变化、不可变事件和审计在同一原子提交边界内完成；提交前审计失败则不提交或回滚本地变化。。"", ""failure_description"": ""返回明确失败原因且不部分提交""}"
ACC-R3-0150,USR-SCN-035,,BR-CASE-0053,CT-R3-0150,P5,SPECIFIED,EXPECTED_NOT_EXECUTED,EVID-SPEC-0150,发起编辑和发布结构化用例,"{""outcome"": ""SUCCESS_OR_RULE_DEFINED_REJECTION"", ""description"": ""两人并发发布仅一个CAS成功；旧版本引用稳定"", ""failure_description"": ""并发门禁不通过时按规则等待、拒绝或返回既有幂等结果。""}"
ACC-R3-0151,USR-SCN-035,,BR-CASE-0054,CT-R3-0151,P2,SPECIFIED,EXPECTED_NOT_EXECUTED,EVID-SPEC-0151,发起编辑和发布结构化用例,"{""outcome"": ""SUCCESS_OR_RULE_DEFINED_REJECTION"", ""description"": ""“编辑和发布结构化用例”的读取、写入和历史查询仅作用于明确授权项目及active_scope/history_read_scope；敏感数据另行校验独立权限。"", ""failure_description"": ""超出数据范围时拒绝操作并记录审计。""}"
ACC-R3-0152,USR-SCN-035,,BR-CASE-0055,CT-R3-0152,P6,SPECIFIED,EXPECTED_NOT_EXECUTED,EVID-SPEC-0152,发起编辑和发布结构化用例,"{""outcome"": ""SUCCESS_OR_RULE_DEFINED_REJECTION"", ""description"": ""依赖闭包失败、并发发布CAS冲突或无独立审核权限时拒绝"", ""failure_description"": ""依赖闭包失败、并发发布CAS冲突或无独立审核权限时拒绝""}"
ACC-R3-0153,USR-SCN-035|USR-SCN-036|USR-SCN-083,,BR-CASE-0056,CT-R3-0153,P8,SPECIFIED,EXPECTED_NOT_EXECUTED,EVID-SPEC-0153,发起编辑和发布结构化用例,"{""outcome"": ""SUCCESS_OR_RULE_DEFINED_REJECTION"", ""description"": ""任一前置、权限、数据范围、并发或明确资源条件不满足，或未进入声明状态、产生越权/重复副作用、证据未密封、审计缺失时失败。"", ""failure_description"": ""任一前置、权限、数据范围、并发或明确资源条件不满足，或未进入声明状态、产生越权/重复副作用、证据未密封、审计缺失时失败。""}"
ACC-R3-0154,USR-SCN-035,,BR-CASE-0057,CT-R3-0154,P8,SPECIFIED,EXPECTED_NOT_EXECUTED,EVID-SPEC-0154,发起编辑和发布结构化用例,"{""outcome"": ""SUCCESS_OR_RULE_DEFINED_REJECTION"", ""description"": ""在“编辑和发布结构化用例”中，失败判定必须满足：事务/补偿策略：LOCAL_TRANSACTION。。"", ""failure_description"": ""事务/补偿策略：LOCAL_TRANSACTION。""}"
ACC-R3-0155,USR-SCN-035,,BR-CASE-0058,CT-R3-0155,P6,SPECIFIED,EXPECTED_NOT_EXECUTED,EVID-SPEC-0155,编辑步骤、定位器、参数、变量和断言,"{""outcome"": ""SUCCESS_OR_RULE_DEFINED_REJECTION"", ""description"": ""动作“编辑步骤、定位器、参数、变量和断言”完成并形成可追溯结果。"", ""failure_description"": ""返回明确失败原因且不部分提交""}"
ACC-R3-0156,USR-SCN-035,,BR-CASE-0059,CT-R3-0156,P6,SPECIFIED,EXPECTED_NOT_EXECUTED,EVID-SPEC-0156,保存不可变草稿修订,"{""outcome"": ""SUCCESS_OR_RULE_DEFINED_REJECTION"", ""description"": ""动作“保存不可变草稿修订”完成并形成可追溯结果。"", ""failure_description"": ""返回明确失败原因且不部分提交""}"
ACC-R3-0157,USR-SCN-035,,BR-CASE-0060,CT-R3-0157,P6,SPECIFIED,EXPECTED_NOT_EXECUTED,EVID-SPEC-0157,提交版本审核,"{""outcome"": ""SUCCESS_OR_RULE_DEFINED_REJECTION"", ""description"": ""动作“提交版本审核”完成并形成可追溯结果。"", ""failure_description"": ""返回明确失败原因且不部分提交""}"
ACC-R3-0158,USR-SCN-035,,BR-CASE-0061,CT-R3-0158,P6,SPECIFIED,EXPECTED_NOT_EXECUTED,EVID-SPEC-0158,审核人执行依赖闭包和职责分离校验,"{""outcome"": ""SUCCESS_OR_RULE_DEFINED_REJECTION"", ""description"": ""动作“审核人执行依赖闭包和职责分离校验”完成并形成可追溯结果。"", ""failure_description"": ""返回明确失败原因且不部分提交""}"
ACC-R3-0159,USR-SCN-035,,BR-CASE-0062,CT-R3-0159,P6,SPECIFIED,EXPECTED_NOT_EXECUTED,EVID-SPEC-0159,批准后冻结并发布版本,"{""outcome"": ""SUCCESS_OR_RULE_DEFINED_REJECTION"", ""description"": ""动作“批准后冻结并发布版本”完成并形成可追溯结果。"", ""failure_description"": ""返回明确失败原因且不部分提交""}"
ACC-R3-0160,USR-SCN-035,,BR-CASE-0063,CT-R3-0160,P6,SPECIFIED,EXPECTED_NOT_EXECUTED,EVID-SPEC-0160,更新主记录current发布指针,"{""outcome"": ""SUCCESS_OR_RULE_DEFINED_REJECTION"", ""description"": ""动作“更新主记录current发布指针”完成并形成可追溯结果。"", ""failure_description"": ""返回明确失败原因且不部分提交""}"
ACC-R3-0161,USR-SCN-035,,BR-CASE-0064,CT-R3-0161,P2,SPECIFIED,EXPECTED_NOT_EXECUTED,EVID-SPEC-0161,发起编辑和发布结构化用例,"{""outcome"": ""SUCCESS_OR_RULE_DEFINED_REJECTION"", ""description"": ""ROLE-CASE-DESIGNER发起“编辑和发布结构化用例”前必须具备对应菜单、操作或服务授权；系统主体只按自身服务身份执行；越权时拒绝且不产生业务写入。"", ""failure_description"": ""返回无权限或超范围结果，业务副作用为零。""}"
ACC-R3-0162,USR-SCN-035,,BR-CASE-0065,CT-R3-0162,P8,SPECIFIED,EXPECTED_NOT_EXECUTED,EVID-SPEC-0162,发起编辑和发布结构化用例,"{""outcome"": ""SUCCESS_OR_RULE_DEFINED_REJECTION"", ""description"": ""在“编辑和发布结构化用例”中，前置条件必须满足：用例草稿完整。"", ""failure_description"": ""前置条件不满足时拒绝进入主流程且业务副作用为零。""}"
ACC-R3-0163,USR-SCN-035,,BR-CASE-0066,CT-R3-0163,P8,SPECIFIED,EXPECTED_NOT_EXECUTED,EVID-SPEC-0163,发起编辑和发布结构化用例,"{""outcome"": ""SUCCESS_OR_RULE_DEFINED_REJECTION"", ""description"": ""在“编辑和发布结构化用例”中，前置条件必须满足：引用的终端、变量、资产和权限有效。"", ""failure_description"": ""前置条件不满足时拒绝进入主流程且业务副作用为零。""}"
ACC-R3-0164,USR-SCN-035|USR-SCN-036,,BR-CASE-0067,CT-R3-0164,P6,SPECIFIED,EXPECTED_NOT_EXECUTED,EVID-SPEC-0164,修复前置原因后使用幂等命令重试；不得改写已提交历史。,"{""outcome"": ""SUCCESS_OR_RULE_DEFINED_REJECTION"", ""description"": ""修复前置原因后使用幂等命令重试；不得改写已提交历史。"", ""failure_description"": ""返回明确失败原因且不部分提交""}"
ACC-R3-0165,USR-SCN-035,,BR-CASE-0068,CT-R3-0165,P6,SPECIFIED,EXPECTED_NOT_EXECUTED,EVID-SPEC-0165,修复依赖后新修订重提；回滚通过重新发布新版本,"{""outcome"": ""SUCCESS_OR_RULE_DEFINED_REJECTION"", ""description"": ""修复依赖后新修订重提；回滚通过重新发布新版本"", ""failure_description"": ""返回明确失败原因且不部分提交""}"
ACC-R3-0166,USR-SCN-035|USR-SCN-036|USR-SCN-083,,BR-CASE-0069,CT-R3-0166,P8,SPECIFIED,EXPECTED_NOT_EXECUTED,EVID-SPEC-0166,执行规则对应动作,"{""outcome"": ""SUCCESS_OR_RULE_DEFINED_REJECTION"", ""description"": ""平台存储/审计：REQUIRED；predicate=TRUE; 平台存储/审计不可用时不得执行对应业务副作用；进入明确的PRESTART_BLOCKED、WAITING_RESOURCE或场景失败结果，并记录资源原因。"", ""failure_description"": ""资源条件不满足时不得执行对应业务副作用；进入明确等待、阻断或失败结果。""}"
ACC-R3-0167,USR-SCN-035,,BR-CASE-0070,CT-R3-0167,P4,SPECIFIED,EXPECTED_NOT_EXECUTED,EVID-SPEC-0167,发起编辑和发布结构化用例,"{""outcome"": ""SUCCESS_OR_RULE_DEFINED_REJECTION"", ""description"": ""版本: DRAFT→PENDING_REVIEW→PUBLISHED/FROZEN→SUPERSEDED/RETIRED"", ""failure_description"": ""返回明确失败原因且不部分提交""}"
ACC-R3-0168,USR-SCN-035,,BR-CASE-0071,CT-R3-0168,P8,SPECIFIED,EXPECTED_NOT_EXECUTED,EVID-SPEC-0168,发起编辑和发布结构化用例,"{""outcome"": ""SUCCESS_OR_RULE_DEFINED_REJECTION"", ""description"": ""正式执行只引用已发布不可变版本，历史任务继续引用旧版本"", ""failure_description"": ""返回明确失败原因且不部分提交""}"
ACC-R3-0169,USR-SCN-035,,BR-CASE-0072,CT-R3-0169,P6,SPECIFIED,EXPECTED_NOT_EXECUTED,EVID-SPEC-0169,先执行场景门禁，再进入首个业务副作用。,"{""outcome"": ""SUCCESS_OR_RULE_DEFINED_REJECTION"", ""description"": ""当“发起编辑和发布结构化用例”发生时，ROLE-CASE-DESIGNER可以发起“编辑和发布结构化用例”；发起后必须先完成本场景前置、权限、范围、资源和并发门禁。"", ""failure_description"": ""门禁不通过时不得产生业务副作用。""}"
ACC-R3-0170,USR-SCN-036,,BR-CASE-0073,CT-R3-0170,P6,SPECIFIED,EXPECTED_NOT_EXECUTED,EVID-SPEC-0170,无引用草稿可按治理规则删除或归档,"{""outcome"": ""SUCCESS_OR_RULE_DEFINED_REJECTION"", ""description"": ""动作“无引用草稿可按治理规则删除或归档”完成并形成可追溯结果。"", ""failure_description"": ""返回明确失败原因且不部分提交""}"
ACC-R3-0171,USR-SCN-036,,BR-CASE-0074,CT-R3-0171,P8,SPECIFIED,EXPECTED_NOT_EXECUTED,EVID-SPEC-0171,记录“用例复制、归档和删除”的发起主体、参与主体、对象ID、权限与数据范围判定、状态前后值、结果/原因码和时间。,"{""outcome"": ""SUCCESS_OR_RULE_DEFINED_REJECTION"", ""description"": ""记录“用例复制、归档和删除”的发起主体、参与主体、对象ID、权限与数据范围判定、状态前后值、结果/原因码和时间。"", ""failure_description"": ""返回明确失败原因且不部分提交""}"
ACC-R3-0172,USR-SCN-036,,BR-CASE-0075,CT-R3-0172,P8,SPECIFIED,EXPECTED_NOT_EXECUTED,EVID-SPEC-0172,本地状态变化、不可变事件和审计在同一原子提交边界内完成；提交前审计失败则不提交或回滚本地变化。,"{""outcome"": ""SUCCESS_OR_RULE_DEFINED_REJECTION"", ""description"": ""在“用例复制、归档和删除”中，审计必须满足：本地状态变化、不可变事件和审计在同一原子提交边界内完成；提交前审计失败则不提交或回滚本地变化。。"", ""failure_description"": ""返回明确失败原因且不部分提交""}"
ACC-R3-0173,USR-SCN-036,,BR-CASE-0076,CT-R3-0173,P5,SPECIFIED,EXPECTED_NOT_EXECUTED,EVID-SPEC-0173,发起用例复制、归档和删除,"{""outcome"": ""SUCCESS_OR_RULE_DEFINED_REJECTION"", ""description"": ""写操作使用幂等键和CAS，运行时按正式锁/租约规则"", ""failure_description"": ""并发门禁不通过时按规则等待、拒绝或返回既有幂等结果。""}"
ACC-R3-0174,USR-SCN-036,,BR-CASE-0077,CT-R3-0174,P2,SPECIFIED,EXPECTED_NOT_EXECUTED,EVID-SPEC-0174,发起用例复制、归档和删除,"{""outcome"": ""SUCCESS_OR_RULE_DEFINED_REJECTION"", ""description"": ""“用例复制、归档和删除”的读取、写入和历史查询仅作用于明确授权项目及active_scope/history_read_scope；敏感数据另行校验独立权限。"", ""failure_description"": ""超出数据范围时拒绝操作并记录审计。""}"
ACC-R3-0175,USR-SCN-036,,BR-CASE-0078,CT-R3-0175,P6,SPECIFIED,EXPECTED_NOT_EXECUTED,EVID-SPEC-0175,发起用例复制、归档和删除,"{""outcome"": ""SUCCESS_OR_RULE_DEFINED_REJECTION"", ""description"": ""被套件、计划、任务或报告引用时禁止破坏性删除"", ""failure_description"": ""被套件、计划、任务或报告引用时禁止破坏性删除""}"
ACC-R3-0176,USR-SCN-036,,BR-CASE-0079,CT-R3-0176,P8,SPECIFIED,EXPECTED_NOT_EXECUTED,EVID-SPEC-0176,发起用例复制、归档和删除,"{""outcome"": ""SUCCESS_OR_RULE_DEFINED_REJECTION"", ""description"": ""在“用例复制、归档和删除”中，失败判定必须满足：事务/补偿策略：LOCAL_TRANSACTION。。"", ""failure_description"": ""事务/补偿策略：LOCAL_TRANSACTION。""}"
ACC-R3-0177,USR-SCN-036,,BR-CASE-0080,CT-R3-0177,P6,SPECIFIED,EXPECTED_NOT_EXECUTED,EVID-SPEC-0177,复制时创建新主记录和新草稿修订,"{""outcome"": ""SUCCESS_OR_RULE_DEFINED_REJECTION"", ""description"": ""动作“复制时创建新主记录和新草稿修订”完成并形成可追溯结果。"", ""failure_description"": ""返回明确失败原因且不部分提交""}"
ACC-R3-0178,USR-SCN-036,,BR-CASE-0081,CT-R3-0178,P6,SPECIFIED,EXPECTED_NOT_EXECUTED,EVID-SPEC-0178,归档前检查活动引用和权限,"{""outcome"": ""SUCCESS_OR_RULE_DEFINED_REJECTION"", ""description"": ""动作“归档前检查活动引用和权限”完成并形成可追溯结果。"", ""failure_description"": ""返回明确失败原因且不部分提交""}"
ACC-R3-0179,USR-SCN-036,,BR-CASE-0082,CT-R3-0179,P6,SPECIFIED,EXPECTED_NOT_EXECUTED,EVID-SPEC-0179,归档主记录但保留不可变版本,"{""outcome"": ""SUCCESS_OR_RULE_DEFINED_REJECTION"", ""description"": ""动作“归档主记录但保留不可变版本”完成并形成可追溯结果。"", ""failure_description"": ""返回明确失败原因且不部分提交""}"
ACC-R3-0180,USR-SCN-036,,BR-CASE-0083,CT-R3-0180,P6,SPECIFIED,EXPECTED_NOT_EXECUTED,EVID-SPEC-0180,禁止物理删除有执行/报告引用的版本,"{""outcome"": ""SUCCESS_OR_RULE_DEFINED_REJECTION"", ""description"": ""动作“禁止物理删除有执行/报告引用的版本”完成并形成可追溯结果。"", ""failure_description"": ""返回明确失败原因且不部分提交""}"
ACC-R3-0181,USR-SCN-036,,BR-CASE-0084,CT-R3-0181,P6,SPECIFIED,EXPECTED_NOT_EXECUTED,EVID-SPEC-0181,历史查询按history范围保留,"{""outcome"": ""SUCCESS_OR_RULE_DEFINED_REJECTION"", ""description"": ""动作“历史查询按history范围保留”完成并形成可追溯结果。"", ""failure_description"": ""返回明确失败原因且不部分提交""}"
ACC-R3-0182,USR-SCN-036,,BR-CASE-0085,CT-R3-0182,P2,SPECIFIED,EXPECTED_NOT_EXECUTED,EVID-SPEC-0182,发起用例复制、归档和删除,"{""outcome"": ""SUCCESS_OR_RULE_DEFINED_REJECTION"", ""description"": ""ROLE-CASE-DESIGNER发起“用例复制、归档和删除”前必须具备对应菜单、操作或服务授权；系统主体只按自身服务身份执行；越权时拒绝且不产生业务写入。"", ""failure_description"": ""返回无权限或超范围结果，业务副作用为零。""}"
ACC-R3-0183,USR-SCN-036|USR-SCN-083,,BR-CASE-0086,CT-R3-0183,P8,SPECIFIED,EXPECTED_NOT_EXECUTED,EVID-SPEC-0183,发起用例复制、归档和删除,"{""outcome"": ""SUCCESS_OR_RULE_DEFINED_REJECTION"", ""description"": ""发起主体已登录并具备对应菜单、操作和数据范围权限"", ""failure_description"": ""前置条件不满足时拒绝进入主流程且业务副作用为零。""}"
ACC-R3-0184,USR-SCN-036|USR-SCN-083,,BR-CASE-0087,CT-R3-0184,P8,SPECIFIED,EXPECTED_NOT_EXECUTED,EVID-SPEC-0184,发起用例复制、归档和删除,"{""outcome"": ""SUCCESS_OR_RULE_DEFINED_REJECTION"", ""description"": ""相关项目及依赖对象处于允许状态"", ""failure_description"": ""前置条件不满足时拒绝进入主流程且业务副作用为零。""}"
ACC-R3-0185,USR-SCN-036,,BR-CASE-0088,CT-R3-0185,P6,SPECIFIED,EXPECTED_NOT_EXECUTED,EVID-SPEC-0185,恢复通过新主记录或新版本，不复活被终态归档的历史事实,"{""outcome"": ""SUCCESS_OR_RULE_DEFINED_REJECTION"", ""description"": ""恢复通过新主记录或新版本，不复活被终态归档的历史事实"", ""failure_description"": ""返回明确失败原因且不部分提交""}"
ACC-R3-0186,USR-SCN-036,,BR-CASE-0089,CT-R3-0186,P4,SPECIFIED,EXPECTED_NOT_EXECUTED,EVID-SPEC-0186,发起用例复制、归档和删除,"{""outcome"": ""SUCCESS_OR_RULE_DEFINED_REJECTION"", ""description"": ""用例主记录: ACTIVE→ARCHIVED；版本保持不可变"", ""failure_description"": ""返回明确失败原因且不部分提交""}"
ACC-R3-0187,USR-SCN-036,,BR-CASE-0090,CT-R3-0187,P8,SPECIFIED,EXPECTED_NOT_EXECUTED,EVID-SPEC-0187,发起用例复制、归档和删除,"{""outcome"": ""SUCCESS_OR_RULE_DEFINED_REJECTION"", ""description"": ""历史执行和报告仍能解析原用例版本"", ""failure_description"": ""返回明确失败原因且不部分提交""}"
ACC-R3-0188,USR-SCN-036,,BR-CASE-0091,CT-R3-0188,P6,SPECIFIED,EXPECTED_NOT_EXECUTED,EVID-SPEC-0188,先执行场景门禁，再进入首个业务副作用。,"{""outcome"": ""SUCCESS_OR_RULE_DEFINED_REJECTION"", ""description"": ""当“发起用例复制、归档和删除”发生时，ROLE-CASE-DESIGNER可以发起“用例复制、归档和删除”；发起后必须先完成本场景前置、权限、范围、资源和并发门禁。"", ""failure_description"": ""门禁不通过时不得产生业务副作用。""}"
ACC-R3-0189,USR-SCN-040,,BR-CASE-0092,CT-R3-0189,P6,SPECIFIED,EXPECTED_NOT_EXECUTED,EVID-SPEC-0189,可复制现有套件为新草稿,"{""outcome"": ""SUCCESS_OR_RULE_DEFINED_REJECTION"", ""description"": ""动作“可复制现有套件为新草稿”完成并形成可追溯结果。"", ""failure_description"": ""返回明确失败原因且不部分提交""}"
ACC-R3-0190,USR-SCN-040,,BR-CASE-0093,CT-R3-0190,P8,SPECIFIED,EXPECTED_NOT_EXECUTED,EVID-SPEC-0190,发起创建用例套件,"{""outcome"": ""SUCCESS_OR_RULE_DEFINED_REJECTION"", ""description"": ""产生并关联业务审计记录"", ""failure_description"": ""返回明确失败原因且不部分提交""}"
ACC-R3-0191,USR-SCN-040,,BR-CASE-0094,CT-R3-0191,P8,SPECIFIED,EXPECTED_NOT_EXECUTED,EVID-SPEC-0191,记录“创建用例套件”的发起主体、参与主体、对象ID、权限与数据范围判定、状态前后值、结果/原因码和时间。,"{""outcome"": ""SUCCESS_OR_RULE_DEFINED_REJECTION"", ""description"": ""记录“创建用例套件”的发起主体、参与主体、对象ID、权限与数据范围判定、状态前后值、结果/原因码和时间。"", ""failure_description"": ""返回明确失败原因且不部分提交""}"
ACC-R3-0192,USR-SCN-040,,BR-CASE-0095,CT-R3-0192,P8,SPECIFIED,EXPECTED_NOT_EXECUTED,EVID-SPEC-0192,本地状态变化、不可变事件和审计在同一原子提交边界内完成；提交前审计失败则不提交或回滚本地变化。,"{""outcome"": ""SUCCESS_OR_RULE_DEFINED_REJECTION"", ""description"": ""在“创建用例套件”中，审计必须满足：本地状态变化、不可变事件和审计在同一原子提交边界内完成；提交前审计失败则不提交或回滚本地变化。。"", ""failure_description"": ""返回明确失败原因且不部分提交""}"
ACC-R3-0193,USR-SCN-040,,BR-CASE-0096,CT-R3-0193,P5,SPECIFIED,EXPECTED_NOT_EXECUTED,EVID-SPEC-0193,发起创建用例套件,"{""outcome"": ""SUCCESS_OR_RULE_DEFINED_REJECTION"", ""description"": ""套件修订和发布使用版本锁；旧任务引用固定版本"", ""failure_description"": ""并发门禁不通过时按规则等待、拒绝或返回既有幂等结果。""}"
ACC-R3-0194,USR-SCN-040,,BR-CASE-0097,CT-R3-0194,P2,SPECIFIED,EXPECTED_NOT_EXECUTED,EVID-SPEC-0194,发起创建用例套件,"{""outcome"": ""SUCCESS_OR_RULE_DEFINED_REJECTION"", ""description"": ""“创建用例套件”的读取、写入和历史查询仅作用于明确授权项目及active_scope/history_read_scope；敏感数据另行校验独立权限。"", ""failure_description"": ""超出数据范围时拒绝操作并记录审计。""}"
ACC-R3-0195,USR-SCN-040,,BR-CASE-0098,CT-R3-0195,P6,SPECIFIED,EXPECTED_NOT_EXECUTED,EVID-SPEC-0195,发起创建用例套件,"{""outcome"": ""SUCCESS_OR_RULE_DEFINED_REJECTION"", ""description"": ""循环依赖、引用未发布/停用版本或无范围权限时拒绝"", ""failure_description"": ""循环依赖、引用未发布/停用版本或无范围权限时拒绝""}"
ACC-R3-0196,USR-SCN-040,,BR-CASE-0099,CT-R3-0196,P8,SPECIFIED,EXPECTED_NOT_EXECUTED,EVID-SPEC-0196,发起创建用例套件,"{""outcome"": ""SUCCESS_OR_RULE_DEFINED_REJECTION"", ""description"": ""任一前置、权限、数据范围、并发或明确资源条件不满足，或未进入声明状态、产生越权/重复副作用、证据未密封、审计缺失时失败。"", ""failure_description"": ""任一前置、权限、数据范围、并发或明确资源条件不满足，或未进入声明状态、产生越权/重复副作用、证据未密封、审计缺失时失败。""}"
ACC-R3-0197,USR-SCN-040,,BR-CASE-0100,CT-R3-0197,P8,SPECIFIED,EXPECTED_NOT_EXECUTED,EVID-SPEC-0197,发起创建用例套件,"{""outcome"": ""SUCCESS_OR_RULE_DEFINED_REJECTION"", ""description"": ""在“创建用例套件”中，失败判定必须满足：事务/补偿策略：LOCAL_TRANSACTION。。"", ""failure_description"": ""事务/补偿策略：LOCAL_TRANSACTION。""}"
ACC-R3-0198,USR-SCN-040,,BR-CASE-0101,CT-R3-0198,P6,SPECIFIED,EXPECTED_NOT_EXECUTED,EVID-SPEC-0198,创建套件主记录和草稿版本,"{""outcome"": ""SUCCESS_OR_RULE_DEFINED_REJECTION"", ""description"": ""动作“创建套件主记录和草稿版本”完成并形成可追溯结果。"", ""failure_description"": ""返回明确失败原因且不部分提交""}"
ACC-R3-0199,USR-SCN-040,,BR-CASE-0102,CT-R3-0199,P6,SPECIFIED,EXPECTED_NOT_EXECUTED,EVID-SPEC-0199,按顺序添加已发布用例版本或允许的子套件,"{""outcome"": ""SUCCESS_OR_RULE_DEFINED_REJECTION"", ""description"": ""动作“按顺序添加已发布用例版本或允许的子套件”完成并形成可追溯结果。"", ""failure_description"": ""返回明确失败原因且不部分提交""}"
ACC-R3-0200,USR-SCN-040,,BR-CASE-0103,CT-R3-0200,P6,SPECIFIED,EXPECTED_NOT_EXECUTED,EVID-SPEC-0200,配置参数和前置条件,"{""outcome"": ""SUCCESS_OR_RULE_DEFINED_REJECTION"", ""description"": ""动作“配置参数和前置条件”完成并形成可追溯结果。"", ""failure_description"": ""返回明确失败原因且不部分提交""}"
ACC-R3-0201,USR-SCN-040,,BR-CASE-0104,CT-R3-0201,P6,SPECIFIED,EXPECTED_NOT_EXECUTED,EVID-SPEC-0201,执行有向无环与依赖闭包校验,"{""outcome"": ""SUCCESS_OR_RULE_DEFINED_REJECTION"", ""description"": ""动作“执行有向无环与依赖闭包校验”完成并形成可追溯结果。"", ""failure_description"": ""返回明确失败原因且不部分提交""}"
ACC-R3-0202,USR-SCN-040,,BR-CASE-0105,CT-R3-0202,P6,SPECIFIED,EXPECTED_NOT_EXECUTED,EVID-SPEC-0202,提交审核并发布不可变套件版本,"{""outcome"": ""SUCCESS_OR_RULE_DEFINED_REJECTION"", ""description"": ""动作“提交审核并发布不可变套件版本”完成并形成可追溯结果。"", ""failure_description"": ""返回明确失败原因且不部分提交""}"
ACC-R3-0203,USR-SCN-040,,BR-CASE-0106,CT-R3-0203,P2,SPECIFIED,EXPECTED_NOT_EXECUTED,EVID-SPEC-0203,发起创建用例套件,"{""outcome"": ""SUCCESS_OR_RULE_DEFINED_REJECTION"", ""description"": ""ROLE-CASE-DESIGNER发起“创建用例套件”前必须具备对应菜单、操作或服务授权；系统主体只按自身服务身份执行；越权时拒绝且不产生业务写入。"", ""failure_description"": ""返回无权限或超范围结果，业务副作用为零。""}"
ACC-R3-0204,USR-SCN-040,,BR-CASE-0107,CT-R3-0204,P8,SPECIFIED,EXPECTED_NOT_EXECUTED,EVID-SPEC-0204,发起创建用例套件,"{""outcome"": ""SUCCESS_OR_RULE_DEFINED_REJECTION"", ""description"": ""发起主体已登录并具备对应菜单、操作和数据范围权限"", ""failure_description"": ""前置条件不满足时拒绝进入主流程且业务副作用为零。""}"
ACC-R3-0205,USR-SCN-040,,BR-CASE-0108,CT-R3-0205,P8,SPECIFIED,EXPECTED_NOT_EXECUTED,EVID-SPEC-0205,发起创建用例套件,"{""outcome"": ""SUCCESS_OR_RULE_DEFINED_REJECTION"", ""description"": ""相关项目及依赖对象处于允许状态"", ""failure_description"": ""前置条件不满足时拒绝进入主流程且业务副作用为零。""}"
ACC-R3-0206,USR-SCN-040,,BR-CASE-0109,CT-R3-0206,P6,SPECIFIED,EXPECTED_NOT_EXECUTED,EVID-SPEC-0206,修复前置原因后使用幂等命令重试；不得改写已提交历史。,"{""outcome"": ""SUCCESS_OR_RULE_DEFINED_REJECTION"", ""description"": ""修复前置原因后使用幂等命令重试；不得改写已提交历史。"", ""failure_description"": ""返回明确失败原因且不部分提交""}"
ACC-R3-0207,USR-SCN-040,,BR-CASE-0110,CT-R3-0207,P6,SPECIFIED,EXPECTED_NOT_EXECUTED,EVID-SPEC-0207,移除非法依赖后创建新修订再发布,"{""outcome"": ""SUCCESS_OR_RULE_DEFINED_REJECTION"", ""description"": ""移除非法依赖后创建新修订再发布"", ""failure_description"": ""返回明确失败原因且不部分提交""}"
ACC-R3-0208,USR-SCN-040,,BR-CASE-0111,CT-R3-0208,P8,SPECIFIED,EXPECTED_NOT_EXECUTED,EVID-SPEC-0208,执行规则对应动作,"{""outcome"": ""SUCCESS_OR_RULE_DEFINED_REJECTION"", ""description"": ""平台存储/审计：REQUIRED；predicate=TRUE; 平台存储/审计不可用时不得执行对应业务副作用；进入明确的PRESTART_BLOCKED、WAITING_RESOURCE或场景失败结果，并记录资源原因。"", ""failure_description"": ""资源条件不满足时不得执行对应业务副作用；进入明确等待、阻断或失败结果。""}"
ACC-R3-0209,USR-SCN-040,,BR-CASE-0112,CT-R3-0209,P4,SPECIFIED,EXPECTED_NOT_EXECUTED,EVID-SPEC-0209,发起创建用例套件,"{""outcome"": ""SUCCESS_OR_RULE_DEFINED_REJECTION"", ""description"": ""套件版本: DRAFT→PENDING_REVIEW→PUBLISHED→RETIRED"", ""failure_description"": ""返回明确失败原因且不部分提交""}"
ACC-R3-0210,USR-SCN-040,,BR-CASE-0113,CT-R3-0210,P8,SPECIFIED,EXPECTED_NOT_EXECUTED,EVID-SPEC-0210,发起创建用例套件,"{""outcome"": ""SUCCESS_OR_RULE_DEFINED_REJECTION"", ""description"": ""套件依赖无环、排序稳定且所有引用可追溯"", ""failure_description"": ""返回明确失败原因且不部分提交""}"
ACC-R3-0211,USR-SCN-040,,BR-CASE-0114,CT-R3-0211,P6,SPECIFIED,EXPECTED_NOT_EXECUTED,EVID-SPEC-0211,先执行场景门禁，再进入首个业务副作用。,"{""outcome"": ""SUCCESS_OR_RULE_DEFINED_REJECTION"", ""description"": ""当“发起创建用例套件”发生时，ROLE-CASE-DESIGNER可以发起“创建用例套件”；发起后必须先完成本场景前置、权限、范围、资源和并发门禁。"", ""failure_description"": ""门禁不通过时不得产生业务副作用。""}"
ACC-R3-0212,USR-SCN-083,,BR-CONTEXT-0001,CT-R3-0212,P8,SPECIFIED,EXPECTED_NOT_EXECUTED,EVID-SPEC-0212,记录“管理端—客户端—PDA完整跨端闭环”的发起主体、参与主体、对象ID、权限与数据范围判定、状态前后值、结果/原因码和时间。,"{""outcome"": ""SUCCESS_OR_RULE_DEFINED_REJECTION"", ""description"": ""记录“管理端—客户端—PDA完整跨端闭环”的发起主体、参与主体、对象ID、权限与数据范围判定、状态前后值、结果/原因码和时间。"", ""failure_description"": ""返回明确失败原因且不部分提交""}"
ACC-R3-0213,USR-SCN-083,,BR-CONTEXT-0002,CT-R3-0213,P8,SPECIFIED,EXPECTED_NOT_EXECUTED,EVID-SPEC-0213,受理意图和平台状态在本地原子提交；已发生的Runner、模型、被测系统或组件副作用不得宣称全局回滚，失败时密封证据并执行受控补偿/恢复。,"{""outcome"": ""SUCCESS_OR_RULE_DEFINED_REJECTION"", ""description"": ""受理意图和平台状态在本地原子提交；已发生的Runner、模型、被测系统或组件副作用不得宣称全局回滚，失败时密封证据并执行受控补偿/恢复。"", ""failure_description"": ""返回明确失败原因且不部分提交""}"
ACC-R3-0214,USR-SCN-083,,BR-CONTEXT-0003,CT-R3-0214,P5,SPECIFIED,EXPECTED_NOT_EXECUTED,EVID-SPEC-0214,发起管理端—客户端—PDA完整跨端闭环,"{""outcome"": ""SUCCESS_OR_RULE_DEFINED_REJECTION"", ""description"": ""在“管理端—客户端—PDA完整跨端闭环”中，并发校验必须满足：单attempt顺序执行；变量仅在当前attempt可见。"", ""failure_description"": ""并发门禁不通过时按规则等待、拒绝或返回既有幂等结果。""}"
ACC-R3-0215,USR-SCN-083,,BR-CONTEXT-0004,CT-R3-0215,P2,SPECIFIED,EXPECTED_NOT_EXECUTED,EVID-SPEC-0215,发起管理端—客户端—PDA完整跨端闭环,"{""outcome"": ""SUCCESS_OR_RULE_DEFINED_REJECTION"", ""description"": ""“管理端—客户端—PDA完整跨端闭环”的读取、写入和历史查询仅作用于明确授权项目及active_scope/history_read_scope；敏感数据另行校验独立权限。"", ""failure_description"": ""超出数据范围时拒绝操作并记录审计。""}"
ACC-R3-0216,USR-SCN-083,,BR-CONTEXT-0005,CT-R3-0216,P6,SPECIFIED,EXPECTED_NOT_EXECUTED,EVID-SPEC-0216,发起管理端—客户端—PDA完整跨端闭环,"{""outcome"": ""SUCCESS_OR_RULE_DEFINED_REJECTION"", ""description"": ""在“管理端—客户端—PDA完整跨端闭环”中，异常流程必须满足：任一端失败、变量缺失或敏感变量泄露则任务失败并定位终端。"", ""failure_description"": ""任一端失败、变量缺失或敏感变量泄露则任务失败并定位终端""}"
ACC-R3-0217,USR-SCN-083,,BR-CONTEXT-0006,CT-R3-0217,P8,SPECIFIED,EXPECTED_NOT_EXECUTED,EVID-SPEC-0217,发起管理端—客户端—PDA完整跨端闭环,"{""outcome"": ""SUCCESS_OR_RULE_DEFINED_REJECTION"", ""description"": ""在“管理端—客户端—PDA完整跨端闭环”中，失败判定必须满足：事务/补偿策略：EXTERNAL_SIDE_EFFECT。。"", ""failure_description"": ""事务/补偿策略：EXTERNAL_SIDE_EFFECT。""}"
ACC-R3-0218,USR-SCN-083,,BR-CONTEXT-0007,CT-R3-0218,P6,SPECIFIED,EXPECTED_NOT_EXECUTED,EVID-SPEC-0218,管理端创建业务数据并监听响应提取order_no,"{""outcome"": ""SUCCESS_OR_RULE_DEFINED_REJECTION"", ""description"": ""动作“管理端创建业务数据并监听响应提取order_no”完成并形成可追溯结果。"", ""failure_description"": ""返回明确失败原因且不部分提交""}"
ACC-R3-0219,USR-SCN-083,,BR-CONTEXT-0008,CT-R3-0219,P6,SPECIFIED,EXPECTED_NOT_EXECUTED,EVID-SPEC-0219,客户端消费order_no继续业务并提取barcode,"{""outcome"": ""SUCCESS_OR_RULE_DEFINED_REJECTION"", ""description"": ""动作“客户端消费order_no继续业务并提取barcode”完成并形成可追溯结果。"", ""failure_description"": ""返回明确失败原因且不部分提交""}"
ACC-R3-0220,USR-SCN-083,,BR-CONTEXT-0009,CT-R3-0220,P6,SPECIFIED,EXPECTED_NOT_EXECUTED,EVID-SPEC-0220,PDA消费barcode完成核销,"{""outcome"": ""SUCCESS_OR_RULE_DEFINED_REJECTION"", ""description"": ""动作“PDA消费barcode完成核销”完成并形成可追溯结果。"", ""failure_description"": ""返回明确失败原因且不部分提交""}"
ACC-R3-0221,USR-SCN-083,,BR-CONTEXT-0010,CT-R3-0221,P6,SPECIFIED,EXPECTED_NOT_EXECUTED,EVID-SPEC-0221,返回管理端查询最终状态,"{""outcome"": ""SUCCESS_OR_RULE_DEFINED_REJECTION"", ""description"": ""动作“返回管理端查询最终状态”完成并形成可追溯结果。"", ""failure_description"": ""返回明确失败原因且不部分提交""}"
ACC-R3-0222,USR-SCN-083,,BR-CONTEXT-0011,CT-R3-0222,P6,SPECIFIED,EXPECTED_NOT_EXECUTED,EVID-SPEC-0222,聚合三端步骤、变量、日志和制品,"{""outcome"": ""SUCCESS_OR_RULE_DEFINED_REJECTION"", ""description"": ""动作“聚合三端步骤、变量、日志和制品”完成并形成可追溯结果。"", ""failure_description"": ""返回明确失败原因且不部分提交""}"
ACC-R3-0223,USR-SCN-083,,BR-CONTEXT-0012,CT-R3-0223,P2,SPECIFIED,EXPECTED_NOT_EXECUTED,EVID-SPEC-0223,发起管理端—客户端—PDA完整跨端闭环,"{""outcome"": ""SUCCESS_OR_RULE_DEFINED_REJECTION"", ""description"": ""ROLE-TASK-EXECUTOR发起“管理端—客户端—PDA完整跨端闭环”前必须具备对应菜单、操作或服务授权；系统主体只按自身服务身份执行；越权时拒绝且不产生业务写入。"", ""failure_description"": ""返回无权限或超范围结果，业务副作用为零。""}"
ACC-R3-0224,USR-SCN-083,,BR-CONTEXT-0013,CT-R3-0224,P6,SPECIFIED,EXPECTED_NOT_EXECUTED,EVID-SPEC-0224,保留外部副作用与失败原因，创建新的补偿、恢复或重试记录；不得改写旧执行记录。,"{""outcome"": ""SUCCESS_OR_RULE_DEFINED_REJECTION"", ""description"": ""保留外部副作用与失败原因，创建新的补偿、恢复或重试记录；不得改写旧执行记录。"", ""failure_description"": ""返回明确失败原因且不部分提交""}"
ACC-R3-0225,USR-SCN-083,,BR-CONTEXT-0014,CT-R3-0225,P6,SPECIFIED,EXPECTED_NOT_EXECUTED,EVID-SPEC-0225,新attempt从管理端重新生成业务数据，不复用旧变量,"{""outcome"": ""SUCCESS_OR_RULE_DEFINED_REJECTION"", ""description"": ""新attempt从管理端重新生成业务数据，不复用旧变量"", ""failure_description"": ""返回明确失败原因且不部分提交""}"
ACC-R3-0226,USR-SCN-083,,BR-CONTEXT-0015,CT-R3-0226,P5,SPECIFIED,EXPECTED_NOT_EXECUTED,EVID-SPEC-0226,执行规则对应动作,"{""outcome"": ""SUCCESS_OR_RULE_DEFINED_REJECTION"", ""description"": ""Runner节点：REQUIRED；predicate=TRUE; Runner节点不可用时不得执行对应业务副作用；进入明确的PRESTART_BLOCKED、WAITING_RESOURCE或场景失败结果，并记录资源原因。"", ""failure_description"": ""资源条件不满足时不得执行对应业务副作用；进入明确等待、阻断或失败结果。""}"
ACC-R3-0227,USR-SCN-083,,BR-CONTEXT-0016,CT-R3-0227,P8,SPECIFIED,EXPECTED_NOT_EXECUTED,EVID-SPEC-0227,执行规则对应动作,"{""outcome"": ""SUCCESS_OR_RULE_DEFINED_REJECTION"", ""description"": ""被测环境：REQUIRED；predicate=TRUE; 被测环境不可用时不得执行对应业务副作用；进入明确的PRESTART_BLOCKED、WAITING_RESOURCE或场景失败结果，并记录资源原因。"", ""failure_description"": ""资源条件不满足时不得执行对应业务副作用；进入明确等待、阻断或失败结果。""}"
ACC-R3-0228,USR-SCN-083,,BR-CONTEXT-0017,CT-R3-0228,P4,SPECIFIED,EXPECTED_NOT_EXECUTED,EVID-SPEC-0228,发起管理端—客户端—PDA完整跨端闭环,"{""outcome"": ""SUCCESS_OR_RULE_DEFINED_REJECTION"", ""description"": ""各终端业务状态由被测系统负责；平台attempt按统一状态机最终化"", ""failure_description"": ""返回明确失败原因且不部分提交""}"
ACC-R3-0229,USR-SCN-083,,BR-CONTEXT-0018,CT-R3-0229,P8,SPECIFIED,EXPECTED_NOT_EXECUTED,EVID-SPEC-0229,发起管理端—客户端—PDA完整跨端闭环,"{""outcome"": ""SUCCESS_OR_RULE_DEFINED_REJECTION"", ""description"": ""订单号和条码来源/消费链可追溯，最终状态断言通过"", ""failure_description"": ""返回明确失败原因且不部分提交""}"
ACC-R3-0230,USR-SCN-083,,BR-CONTEXT-0019,CT-R3-0230,P6,SPECIFIED,EXPECTED_NOT_EXECUTED,EVID-SPEC-0230,先执行场景门禁，再进入首个业务副作用。,"{""outcome"": ""SUCCESS_OR_RULE_DEFINED_REJECTION"", ""description"": ""当“发起管理端—客户端—PDA完整跨端闭环”发生时，ROLE-TASK-EXECUTOR可以发起“管理端—客户端—PDA完整跨端闭环”；发起后必须先完成本场景前置、权限、范围、资源和并发门禁。"", ""failure_description"": ""门禁不通过时不得产生业务副作用。""}"
ACC-R3-0231,USR-SCN-053,,BR-EXEC-0001,CT-R3-0231,P6,SPECIFIED,EXPECTED_NOT_EXECUTED,EVID-SPEC-0231,不同环境或不同真实身份按正式规则并行,"{""outcome"": ""SUCCESS_OR_RULE_DEFINED_REJECTION"", ""description"": ""动作“不同环境或不同真实身份按正式规则并行”完成并形成可追溯结果。"", ""failure_description"": ""返回明确失败原因且不部分提交""}"
ACC-R3-0232,USR-SCN-053,,BR-EXEC-0002,CT-R3-0232,P8,SPECIFIED,EXPECTED_NOT_EXECUTED,EVID-SPEC-0232,记录“同账号并发冲突”的发起主体、参与主体、对象ID、权限与数据范围判定、状态前后值、结果/原因码和时间。,"{""outcome"": ""SUCCESS_OR_RULE_DEFINED_REJECTION"", ""description"": ""记录“同账号并发冲突”的发起主体、参与主体、对象ID、权限与数据范围判定、状态前后值、结果/原因码和时间。"", ""failure_description"": ""返回明确失败原因且不部分提交""}"
ACC-R3-0233,USR-SCN-053,,BR-EXEC-0003,CT-R3-0233,P8,SPECIFIED,EXPECTED_NOT_EXECUTED,EVID-SPEC-0233,受理意图和平台状态在本地原子提交；已发生的Runner、模型、被测系统或组件副作用不得宣称全局回滚，失败时密封证据并执行受控补偿/恢复。,"{""outcome"": ""SUCCESS_OR_RULE_DEFINED_REJECTION"", ""description"": ""受理意图和平台状态在本地原子提交；已发生的Runner、模型、被测系统或组件副作用不得宣称全局回滚，失败时密封证据并执行受控补偿/恢复。"", ""failure_description"": ""返回明确失败原因且不部分提交""}"
ACC-R3-0234,USR-SCN-053,,BR-EXEC-0004,CT-R3-0234,P5,SPECIFIED,EXPECTED_NOT_EXECUTED,EVID-SPEC-0234,任务进入并发预检或获取账号租约,"{""outcome"": ""SUCCESS_OR_RULE_DEFINED_REJECTION"", ""description"": ""账号租约唯一；续期使用fencing；同账号最多一个正式根执行合集"", ""failure_description"": ""并发门禁不通过时按规则等待、拒绝或返回既有幂等结果。""}"
ACC-R3-0235,USR-SCN-053,,BR-EXEC-0005,CT-R3-0235,P2,SPECIFIED,EXPECTED_NOT_EXECUTED,EVID-SPEC-0235,任务进入并发预检或获取账号租约,"{""outcome"": ""SUCCESS_OR_RULE_DEFINED_REJECTION"", ""description"": ""“同账号并发冲突”的读取、写入和历史查询仅作用于明确授权项目及active_scope/history_read_scope；敏感数据另行校验独立权限。"", ""failure_description"": ""超出数据范围时拒绝操作并记录审计。""}"
ACC-R3-0236,USR-SCN-053,,BR-EXEC-0006,CT-R3-0236,P6,SPECIFIED,EXPECTED_NOT_EXECUTED,EVID-SPEC-0236,任务进入并发预检或获取账号租约,"{""outcome"": ""SUCCESS_OR_RULE_DEFINED_REJECTION"", ""description"": ""租约失效、重复owner或外部SSO仍冲突时分别记录平台冲突与外部冲突"", ""failure_description"": ""租约失效、重复owner或外部SSO仍冲突时分别记录平台冲突与外部冲突""}"
ACC-R3-0237,USR-SCN-053,,BR-EXEC-0007,CT-R3-0237,P8,SPECIFIED,EXPECTED_NOT_EXECUTED,EVID-SPEC-0237,任务进入并发预检或获取账号租约,"{""outcome"": ""SUCCESS_OR_RULE_DEFINED_REJECTION"", ""description"": ""在“同账号并发冲突”中，失败判定必须满足：事务/补偿策略：EXTERNAL_SIDE_EFFECT。。"", ""failure_description"": ""事务/补偿策略：EXTERNAL_SIDE_EFFECT。""}"
ACC-R3-0238,USR-SCN-053,,BR-EXEC-0008,CT-R3-0238,P6,SPECIFIED,EXPECTED_NOT_EXECUTED,EVID-SPEC-0238,计算项目+环境+identity_key并发唯一键,"{""outcome"": ""SUCCESS_OR_RULE_DEFINED_REJECTION"", ""description"": ""动作“计算项目+环境+identity_key并发唯一键”完成并形成可追溯结果。"", ""failure_description"": ""返回明确失败原因且不部分提交""}"
ACC-R3-0239,USR-SCN-053,,BR-EXEC-0009,CT-R3-0239,P6,SPECIFIED,EXPECTED_NOT_EXECUTED,EVID-SPEC-0239,尝试获取账号/SSO身份租约,"{""outcome"": ""SUCCESS_OR_RULE_DEFINED_REJECTION"", ""description"": ""动作“尝试获取账号/SSO身份租约”完成并形成可追溯结果。"", ""failure_description"": ""返回明确失败原因且不部分提交""}"
ACC-R3-0240,USR-SCN-053,,BR-EXEC-0010,CT-R3-0240,P6,SPECIFIED,EXPECTED_NOT_EXECUTED,EVID-SPEC-0240,冲突任务进入等待或按配置拒绝,"{""outcome"": ""SUCCESS_OR_RULE_DEFINED_REJECTION"", ""description"": ""动作“冲突任务进入等待或按配置拒绝”完成并形成可追溯结果。"", ""failure_description"": ""返回明确失败原因且不部分提交""}"
ACC-R3-0241,USR-SCN-053,,BR-EXEC-0011,CT-R3-0241,P6,SPECIFIED,EXPECTED_NOT_EXECUTED,EVID-SPEC-0241,不同identity_key可并行,"{""outcome"": ""SUCCESS_OR_RULE_DEFINED_REJECTION"", ""description"": ""动作“不同identity_key可并行”完成并形成可追溯结果。"", ""failure_description"": ""返回明确失败原因且不部分提交""}"
ACC-R3-0242,USR-SCN-053,,BR-EXEC-0012,CT-R3-0242,P6,SPECIFIED,EXPECTED_NOT_EXECUTED,EVID-SPEC-0242,任务终态后释放租约,"{""outcome"": ""SUCCESS_OR_RULE_DEFINED_REJECTION"", ""description"": ""动作“任务终态后释放租约”完成并形成可追溯结果。"", ""failure_description"": ""返回明确失败原因且不部分提交""}"
ACC-R3-0243,USR-SCN-053,,BR-EXEC-0013,CT-R3-0243,P2,SPECIFIED,EXPECTED_NOT_EXECUTED,EVID-SPEC-0243,任务进入并发预检或获取账号租约,"{""outcome"": ""SUCCESS_OR_RULE_DEFINED_REJECTION"", ""description"": ""SYS-SCHEDULER发起“同账号并发冲突”前必须具备对应菜单、操作或服务授权；系统主体只按自身服务身份执行；越权时拒绝且不产生业务写入。"", ""failure_description"": ""返回无权限或超范围结果，业务副作用为零。""}"
ACC-R3-0244,USR-SCN-053,,BR-EXEC-0014,CT-R3-0244,P8,SPECIFIED,EXPECTED_NOT_EXECUTED,EVID-SPEC-0244,任务进入并发预检或获取账号租约,"{""outcome"": ""SUCCESS_OR_RULE_DEFINED_REJECTION"", ""description"": ""任务使用受管账号映射且task_type=FORMAL"", ""failure_description"": ""前置条件不满足时拒绝进入主流程且业务副作用为零。""}"
ACC-R3-0245,USR-SCN-053,,BR-EXEC-0015,CT-R3-0245,P6,SPECIFIED,EXPECTED_NOT_EXECUTED,EVID-SPEC-0245,保留外部副作用与失败原因，创建新的补偿、恢复或重试记录；不得改写旧执行记录。,"{""outcome"": ""SUCCESS_OR_RULE_DEFINED_REJECTION"", ""description"": ""保留外部副作用与失败原因，创建新的补偿、恢复或重试记录；不得改写旧执行记录。"", ""failure_description"": ""返回明确失败原因且不部分提交""}"
ACC-R3-0246,USR-SCN-053,,BR-EXEC-0016,CT-R3-0246,P6,SPECIFIED,EXPECTED_NOT_EXECUTED,EVID-SPEC-0246,等待租约释放、修正账号映射或人工处理外部SSO冲突,"{""outcome"": ""SUCCESS_OR_RULE_DEFINED_REJECTION"", ""description"": ""等待租约释放、修正账号映射或人工处理外部SSO冲突"", ""failure_description"": ""返回明确失败原因且不部分提交""}"
ACC-R3-0247,USR-SCN-053,,BR-EXEC-0017,CT-R3-0247,P5,SPECIFIED,EXPECTED_NOT_EXECUTED,EVID-SPEC-0247,执行规则对应动作,"{""outcome"": ""SUCCESS_OR_RULE_DEFINED_REJECTION"", ""description"": ""Runner节点：REQUIRED；predicate=TRUE; Runner节点不可用时不得执行对应业务副作用；进入明确的PRESTART_BLOCKED、WAITING_RESOURCE或场景失败结果，并记录资源原因。"", ""failure_description"": ""资源条件不满足时不得执行对应业务副作用；进入明确等待、阻断或失败结果。""}"
ACC-R3-0248,USR-SCN-053,,BR-EXEC-0018,CT-R3-0248,P8,SPECIFIED,EXPECTED_NOT_EXECUTED,EVID-SPEC-0248,执行规则对应动作,"{""outcome"": ""SUCCESS_OR_RULE_DEFINED_REJECTION"", ""description"": ""被测环境：REQUIRED；predicate=TRUE; 被测环境不可用时不得执行对应业务副作用；进入明确的PRESTART_BLOCKED、WAITING_RESOURCE或场景失败结果，并记录资源原因。"", ""failure_description"": ""资源条件不满足时不得执行对应业务副作用；进入明确等待、阻断或失败结果。""}"
ACC-R3-0249,USR-SCN-053,,BR-EXEC-0019,CT-R3-0249,P4,SPECIFIED,EXPECTED_NOT_EXECUTED,EVID-SPEC-0249,任务进入并发预检或获取账号租约,"{""outcome"": ""SUCCESS_OR_RULE_DEFINED_REJECTION"", ""description"": ""任务: QUEUED→WAITING_ACCOUNT/REJECTED或继续DISPATCHING"", ""failure_description"": ""返回明确失败原因且不部分提交""}"
ACC-R3-0250,USR-SCN-053,,BR-EXEC-0020,CT-R3-0250,P8,SPECIFIED,EXPECTED_NOT_EXECUTED,EVID-SPEC-0250,任务进入并发预检或获取账号租约,"{""outcome"": ""SUCCESS_OR_RULE_DEFINED_REJECTION"", ""description"": ""同身份正式任务不重叠，不同账号任务可并行"", ""failure_description"": ""返回明确失败原因且不部分提交""}"
ACC-R3-0251,USR-SCN-053,,BR-EXEC-0021,CT-R3-0251,P6,SPECIFIED,EXPECTED_NOT_EXECUTED,EVID-SPEC-0251,先执行场景门禁，再进入首个业务副作用。,"{""outcome"": ""SUCCESS_OR_RULE_DEFINED_REJECTION"", ""description"": ""当“任务进入并发预检或获取账号租约”发生时，SYS-SCHEDULER可以发起“同账号并发冲突”；发起后必须先完成本场景前置、权限、范围、资源和并发门禁。"", ""failure_description"": ""门禁不通过时不得产生业务副作用。""}"
ACC-R3-0252,USR-SCN-054,,BR-EXEC-0022,CT-R3-0252,P6,SPECIFIED,EXPECTED_NOT_EXECUTED,EVID-SPEC-0252,测试负责人可按权限决定停止录制或已有任务，但必须显式操作,"{""outcome"": ""SUCCESS_OR_RULE_DEFINED_REJECTION"", ""description"": ""动作“测试负责人可按权限决定停止录制或已有任务，但必须显式操作”完成并形成可追溯结果。"", ""failure_description"": ""返回明确失败原因且不部分提交""}"
ACC-R3-0253,USR-SCN-054,,BR-EXEC-0023,CT-R3-0253,P8,SPECIFIED,EXPECTED_NOT_EXECUTED,EVID-SPEC-0253,记录“人工录制与正式任务并行”的发起主体、参与主体、对象ID、权限与数据范围判定、状态前后值、结果/原因码和时间。,"{""outcome"": ""SUCCESS_OR_RULE_DEFINED_REJECTION"", ""description"": ""记录“人工录制与正式任务并行”的发起主体、参与主体、对象ID、权限与数据范围判定、状态前后值、结果/原因码和时间。"", ""failure_description"": ""返回明确失败原因且不部分提交""}"
ACC-R3-0254,USR-SCN-054,,BR-EXEC-0024,CT-R3-0254,P5,SPECIFIED,EXPECTED_NOT_EXECUTED,EVID-SPEC-0254,发起人工录制与正式任务并行,"{""outcome"": ""SUCCESS_OR_RULE_DEFINED_REJECTION"", ""description"": ""在“人工录制与正式任务并行”中，并发校验必须满足：录制无账号/环境业务锁；正式任务继续遵循账号、环境和Runner租约。"", ""failure_description"": ""并发门禁不通过时按规则等待、拒绝或返回既有幂等结果。""}"
ACC-R3-0255,USR-SCN-054,,BR-EXEC-0025,CT-R3-0255,P2,SPECIFIED,EXPECTED_NOT_EXECUTED,EVID-SPEC-0255,发起人工录制与正式任务并行,"{""outcome"": ""SUCCESS_OR_RULE_DEFINED_REJECTION"", ""description"": ""“人工录制与正式任务并行”的读取、写入和历史查询仅作用于明确授权项目及active_scope/history_read_scope；敏感数据另行校验独立权限。"", ""failure_description"": ""超出数据范围时拒绝操作并记录审计。""}"
ACC-R3-0256,USR-SCN-054,,BR-EXEC-0026,CT-R3-0256,P6,SPECIFIED,EXPECTED_NOT_EXECUTED,EVID-SPEC-0256,发起人工录制与正式任务并行,"{""outcome"": ""SUCCESS_OR_RULE_DEFINED_REJECTION"", ""description"": ""物理资源不足时拒绝/等待录制；实际SSO冲突按被测系统失败记录"", ""failure_description"": ""物理资源不足时拒绝/等待录制；实际SSO冲突按被测系统失败记录""}"
ACC-R3-0257,USR-SCN-054,,BR-EXEC-0027,CT-R3-0257,P8,SPECIFIED,EXPECTED_NOT_EXECUTED,EVID-SPEC-0257,发起人工录制与正式任务并行,"{""outcome"": ""SUCCESS_OR_RULE_DEFINED_REJECTION"", ""description"": ""在“人工录制与正式任务并行”中，失败判定必须满足：事务/补偿策略：EXTERNAL_SIDE_EFFECT。。"", ""failure_description"": ""事务/补偿策略：EXTERNAL_SIDE_EFFECT。""}"
ACC-R3-0258,USR-SCN-054,,BR-EXEC-0028,CT-R3-0258,P6,SPECIFIED,EXPECTED_NOT_EXECUTED,EVID-SPEC-0258,录制创建时不查询环境/受管账号任务占用,"{""outcome"": ""SUCCESS_OR_RULE_DEFINED_REJECTION"", ""description"": ""动作“录制创建时不查询环境/受管账号任务占用”完成并形成可追溯结果。"", ""failure_description"": ""返回明确失败原因且不部分提交""}"
ACC-R3-0259,USR-SCN-054,,BR-EXEC-0029,CT-R3-0259,P6,SPECIFIED,EXPECTED_NOT_EXECUTED,EVID-SPEC-0259,仅校验Runner槽位、设备、文件和测试数据资源,"{""outcome"": ""SUCCESS_OR_RULE_DEFINED_REJECTION"", ""description"": ""动作“仅校验Runner槽位、设备、文件和测试数据资源”完成并形成可追溯结果。"", ""failure_description"": ""返回明确失败原因且不部分提交""}"
ACC-R3-0260,USR-SCN-054,,BR-EXEC-0030,CT-R3-0260,P6,SPECIFIED,EXPECTED_NOT_EXECUTED,EVID-SPEC-0260,不抢占或中止已有正式任务,"{""outcome"": ""SUCCESS_OR_RULE_DEFINED_REJECTION"", ""description"": ""动作“不抢占或中止已有正式任务”完成并形成可追溯结果。"", ""failure_description"": ""返回明确失败原因且不部分提交""}"
ACC-R3-0261,USR-SCN-054,,BR-EXEC-0031,CT-R3-0261,P6,SPECIFIED,EXPECTED_NOT_EXECUTED,EVID-SPEC-0261,向用户提示未知手工身份可能与SSO冲突,"{""outcome"": ""SUCCESS_OR_RULE_DEFINED_REJECTION"", ""description"": ""动作“向用户提示未知手工身份可能与SSO冲突”完成并形成可追溯结果。"", ""failure_description"": ""返回明确失败原因且不部分提交""}"
ACC-R3-0262,USR-SCN-054,,BR-EXEC-0032,CT-R3-0262,P6,SPECIFIED,EXPECTED_NOT_EXECUTED,EVID-SPEC-0262,两个流程分别记录状态和证据,"{""outcome"": ""SUCCESS_OR_RULE_DEFINED_REJECTION"", ""description"": ""动作“两个流程分别记录状态和证据”完成并形成可追溯结果。"", ""failure_description"": ""返回明确失败原因且不部分提交""}"
ACC-R3-0263,USR-SCN-054,,BR-EXEC-0033,CT-R3-0263,P2,SPECIFIED,EXPECTED_NOT_EXECUTED,EVID-SPEC-0263,发起人工录制与正式任务并行,"{""outcome"": ""SUCCESS_OR_RULE_DEFINED_REJECTION"", ""description"": ""ROLE-CASE-DESIGNER发起“人工录制与正式任务并行”前必须具备对应菜单、操作或服务授权；系统主体只按自身服务身份执行；越权时拒绝且不产生业务写入。"", ""failure_description"": ""返回无权限或超范围结果，业务副作用为零。""}"
ACC-R3-0264,USR-SCN-054,,BR-EXEC-0034,CT-R3-0264,P8,SPECIFIED,EXPECTED_NOT_EXECUTED,EVID-SPEC-0264,发起人工录制与正式任务并行,"{""outcome"": ""SUCCESS_OR_RULE_DEFINED_REJECTION"", ""description"": ""在“人工录制与正式任务并行”中，前置条件必须满足：录制和正式任务均具备自身权限。"", ""failure_description"": ""前置条件不满足时拒绝进入主流程且业务副作用为零。""}"
ACC-R3-0265,USR-SCN-054,,BR-EXEC-0035,CT-R3-0265,P8,SPECIFIED,EXPECTED_NOT_EXECUTED,EVID-SPEC-0265,发起人工录制与正式任务并行,"{""outcome"": ""SUCCESS_OR_RULE_DEFINED_REJECTION"", ""description"": ""在“人工录制与正式任务并行”中，前置条件必须满足：Runner仍有独立活动槽位或物理隔离资源。"", ""failure_description"": ""前置条件不满足时拒绝进入主流程且业务副作用为零。""}"
ACC-R3-0266,USR-SCN-054,,BR-EXEC-0036,CT-R3-0266,P6,SPECIFIED,EXPECTED_NOT_EXECUTED,EVID-SPEC-0266,释放资源后重试录制；SSO风险由用户调整手工输入身份,"{""outcome"": ""SUCCESS_OR_RULE_DEFINED_REJECTION"", ""description"": ""释放资源后重试录制；SSO风险由用户调整手工输入身份"", ""failure_description"": ""返回明确失败原因且不部分提交""}"
ACC-R3-0267,USR-SCN-054,,BR-EXEC-0037,CT-R3-0267,P4,SPECIFIED,EXPECTED_NOT_EXECUTED,EVID-SPEC-0267,发起人工录制与正式任务并行,"{""outcome"": ""SUCCESS_OR_RULE_DEFINED_REJECTION"", ""description"": ""录制与执行根任务状态机独立"", ""failure_description"": ""返回明确失败原因且不部分提交""}"
ACC-R3-0268,USR-SCN-054,,BR-EXEC-0038,CT-R3-0268,P8,SPECIFIED,EXPECTED_NOT_EXECUTED,EVID-SPEC-0268,发起人工录制与正式任务并行,"{""outcome"": ""SUCCESS_OR_RULE_DEFINED_REJECTION"", ""description"": ""无静默抢占、无错误身份绑定、真实资源不争用"", ""failure_description"": ""返回明确失败原因且不部分提交""}"
ACC-R3-0269,USR-SCN-054,,BR-EXEC-0039,CT-R3-0269,P6,SPECIFIED,EXPECTED_NOT_EXECUTED,EVID-SPEC-0269,先执行场景门禁，再进入首个业务副作用。,"{""outcome"": ""SUCCESS_OR_RULE_DEFINED_REJECTION"", ""description"": ""当“发起人工录制与正式任务并行”发生时，ROLE-CASE-DESIGNER可以发起“人工录制与正式任务并行”；发起后必须先完成本场景前置、权限、范围、资源和并发门禁。"", ""failure_description"": ""门禁不通过时不得产生业务副作用。""}"
ACC-R3-0270,USR-SCN-050,,BR-EXEC-0040,CT-R3-0270,P6,SPECIFIED,EXPECTED_NOT_EXECUTED,EVID-SPEC-0270,指定Runner忙碌时等待；PRESTART_REPLACEMENT创建替代attempt且不消耗重试额度,"{""outcome"": ""SUCCESS_OR_RULE_DEFINED_REJECTION"", ""description"": ""动作“指定Runner忙碌时等待；PRESTART_REPLACEMENT创建替代attempt且不消耗重试额度”完成并形成可追溯结果。"", ""failure_description"": ""返回明确失败原因且不部分提交""}"
ACC-R3-0271,USR-SCN-050,,BR-EXEC-0041,CT-R3-0271,P8,SPECIFIED,EXPECTED_NOT_EXECUTED,EVID-SPEC-0271,记录“正式执行任务调度”的发起主体、参与主体、对象ID、权限与数据范围判定、状态前后值、结果/原因码和时间。,"{""outcome"": ""SUCCESS_OR_RULE_DEFINED_REJECTION"", ""description"": ""记录“正式执行任务调度”的发起主体、参与主体、对象ID、权限与数据范围判定、状态前后值、结果/原因码和时间。"", ""failure_description"": ""返回明确失败原因且不部分提交""}"
ACC-R3-0272,USR-SCN-050,,BR-EXEC-0042,CT-R3-0272,P5,SPECIFIED,EXPECTED_NOT_EXECUTED,EVID-SPEC-0272,执行根任务进入可调度队列,"{""outcome"": ""SUCCESS_OR_RULE_DEFINED_REJECTION"", ""description"": ""在“正式执行任务调度”中，并发校验必须满足：幂等下发、attempt编号、防陈旧令牌、锁和租约owner。"", ""failure_description"": ""并发门禁不通过时按规则等待、拒绝或返回既有幂等结果。""}"
ACC-R3-0273,USR-SCN-050,,BR-EXEC-0043,CT-R3-0273,P2,SPECIFIED,EXPECTED_NOT_EXECUTED,EVID-SPEC-0273,执行根任务进入可调度队列,"{""outcome"": ""SUCCESS_OR_RULE_DEFINED_REJECTION"", ""description"": ""“正式执行任务调度”的读取、写入和历史查询仅作用于明确授权项目及active_scope/history_read_scope；敏感数据另行校验独立权限。"", ""failure_description"": ""超出数据范围时拒绝操作并记录审计。""}"
ACC-R3-0274,USR-SCN-050,,BR-EXEC-0044,CT-R3-0274,P6,SPECIFIED,EXPECTED_NOT_EXECUTED,EVID-SPEC-0274,执行根任务进入可调度队列,"{""outcome"": ""SUCCESS_OR_RULE_DEFINED_REJECTION"", ""description"": ""在“正式执行任务调度”中，异常流程必须满足：硬冲突、锁失败、租约续期失败或重复投递按稳定规则处理。"", ""failure_description"": ""硬冲突、锁失败、租约续期失败或重复投递按稳定规则处理""}"
ACC-R3-0275,USR-SCN-050,,BR-EXEC-0045,CT-R3-0275,P8,SPECIFIED,EXPECTED_NOT_EXECUTED,EVID-SPEC-0275,执行根任务进入可调度队列,"{""outcome"": ""SUCCESS_OR_RULE_DEFINED_REJECTION"", ""description"": ""在“正式执行任务调度”中，失败判定必须满足：事务/补偿策略：ASYNC_ORCHESTRATION。。"", ""failure_description"": ""事务/补偿策略：ASYNC_ORCHESTRATION。""}"
ACC-R3-0276,USR-SCN-050,,BR-EXEC-0046,CT-R3-0276,P6,SPECIFIED,EXPECTED_NOT_EXECUTED,EVID-SPEC-0276,过滤项目绑定和能力不匹配Runner,"{""outcome"": ""SUCCESS_OR_RULE_DEFINED_REJECTION"", ""description"": ""动作“过滤项目绑定和能力不匹配Runner”完成并形成可追溯结果。"", ""failure_description"": ""返回明确失败原因且不部分提交""}"
ACC-R3-0277,USR-SCN-050,,BR-EXEC-0047,CT-R3-0277,P6,SPECIFIED,EXPECTED_NOT_EXECUTED,EVID-SPEC-0277,校验健康、网络和资源槽位,"{""outcome"": ""SUCCESS_OR_RULE_DEFINED_REJECTION"", ""description"": ""动作“校验健康、网络和资源槽位”完成并形成可追溯结果。"", ""failure_description"": ""返回明确失败原因且不部分提交""}"
ACC-R3-0278,USR-SCN-050,,BR-EXEC-0048,CT-R3-0278,P6,SPECIFIED,EXPECTED_NOT_EXECUTED,EVID-SPEC-0278,获取账号/环境/Runner资源锁与租约,"{""outcome"": ""SUCCESS_OR_RULE_DEFINED_REJECTION"", ""description"": ""动作“获取账号/环境/Runner资源锁与租约”完成并形成可追溯结果。"", ""failure_description"": ""返回明确失败原因且不部分提交""}"
ACC-R3-0279,USR-SCN-050,,BR-EXEC-0049,CT-R3-0279,P6,SPECIFIED,EXPECTED_NOT_EXECUTED,EVID-SPEC-0279,创建执行尝试,"{""outcome"": ""SUCCESS_OR_RULE_DEFINED_REJECTION"", ""description"": ""动作“创建执行尝试”完成并形成可追溯结果。"", ""failure_description"": ""返回明确失败原因且不部分提交""}"
ACC-R3-0280,USR-SCN-050,,BR-EXEC-0050,CT-R3-0280,P6,SPECIFIED,EXPECTED_NOT_EXECUTED,EVID-SPEC-0280,下发含fencing的任务快照,"{""outcome"": ""SUCCESS_OR_RULE_DEFINED_REJECTION"", ""description"": ""动作“下发含fencing的任务快照”完成并形成可追溯结果。"", ""failure_description"": ""返回明确失败原因且不部分提交""}"
ACC-R3-0281,USR-SCN-050,,BR-EXEC-0051,CT-R3-0281,P6,SPECIFIED,EXPECTED_NOT_EXECUTED,EVID-SPEC-0281,确认领取并进入RUNNING,"{""outcome"": ""SUCCESS_OR_RULE_DEFINED_REJECTION"", ""description"": ""动作“确认领取并进入RUNNING”完成并形成可追溯结果。"", ""failure_description"": ""返回明确失败原因且不部分提交""}"
ACC-R3-0282,USR-SCN-050,,BR-EXEC-0052,CT-R3-0282,P2,SPECIFIED,EXPECTED_NOT_EXECUTED,EVID-SPEC-0282,执行根任务进入可调度队列,"{""outcome"": ""SUCCESS_OR_RULE_DEFINED_REJECTION"", ""description"": ""SYS-SCHEDULER发起“正式执行任务调度”前必须具备对应菜单、操作或服务授权；系统主体只按自身服务身份执行；越权时拒绝且不产生业务写入。"", ""failure_description"": ""返回无权限或超范围结果，业务副作用为零。""}"
ACC-R3-0283,USR-SCN-050,,BR-EXEC-0053,CT-R3-0283,P8,SPECIFIED,EXPECTED_NOT_EXECUTED,EVID-SPEC-0283,执行根任务进入可调度队列,"{""outcome"": ""SUCCESS_OR_RULE_DEFINED_REJECTION"", ""description"": ""在“正式执行任务调度”中，前置条件必须满足：任务快照有效。"", ""failure_description"": ""前置条件不满足时拒绝进入主流程且业务副作用为零。""}"
ACC-R3-0284,USR-SCN-050,,BR-EXEC-0054,CT-R3-0284,P8,SPECIFIED,EXPECTED_NOT_EXECUTED,EVID-SPEC-0284,执行根任务进入可调度队列,"{""outcome"": ""SUCCESS_OR_RULE_DEFINED_REJECTION"", ""description"": ""至少存在项目绑定Runner候选"", ""failure_description"": ""前置条件不满足时拒绝进入主流程且业务副作用为零。""}"
ACC-R3-0285,USR-SCN-050,,BR-EXEC-0055,CT-R3-0285,P6,SPECIFIED,EXPECTED_NOT_EXECUTED,EVID-SPEC-0285,释放失败锁；可恢复条件下创建新attempt或等待资源,"{""outcome"": ""SUCCESS_OR_RULE_DEFINED_REJECTION"", ""description"": ""释放失败锁；可恢复条件下创建新attempt或等待资源"", ""failure_description"": ""返回明确失败原因且不部分提交""}"
ACC-R3-0286,USR-SCN-050|USR-SCN-051|USR-SCN-052|USR-SCN-056,,BR-EXEC-0056,CT-R3-0286,P5,SPECIFIED,EXPECTED_NOT_EXECUTED,EVID-SPEC-0286,执行规则对应动作,"{""outcome"": ""SUCCESS_OR_RULE_DEFINED_REJECTION"", ""description"": ""Runner节点：REQUIRED；predicate=TRUE; Runner节点不可用时不得执行对应业务副作用；进入明确的PRESTART_BLOCKED、WAITING_RESOURCE或场景失败结果，并记录资源原因。"", ""failure_description"": ""资源条件不满足时不得执行对应业务副作用；进入明确等待、阻断或失败结果。""}"
ACC-R3-0287,USR-SCN-050,,BR-EXEC-0057,CT-R3-0287,P4,SPECIFIED,EXPECTED_NOT_EXECUTED,EVID-SPEC-0287,执行根任务进入可调度队列,"{""outcome"": ""SUCCESS_OR_RULE_DEFINED_REJECTION"", ""description"": ""执行根任务: QUEUED→DISPATCHING→RUNNING/WAITING_RESOURCE"", ""failure_description"": ""返回明确失败原因且不部分提交""}"
ACC-R3-0288,USR-SCN-050,,BR-EXEC-0058,CT-R3-0288,P4,SPECIFIED,EXPECTED_NOT_EXECUTED,EVID-SPEC-0288,执行根任务进入可调度队列,"{""outcome"": ""SUCCESS_OR_RULE_DEFINED_REJECTION"", ""description"": ""attempt: CREATED→DISPATCHED→RUNNING"", ""failure_description"": ""返回明确失败原因且不部分提交""}"
ACC-R3-0289,USR-SCN-050,,BR-EXEC-0059,CT-R3-0289,P8,SPECIFIED,EXPECTED_NOT_EXECUTED,EVID-SPEC-0289,执行根任务进入可调度队列,"{""outcome"": ""SUCCESS_OR_RULE_DEFINED_REJECTION"", ""description"": ""单attempt固定一台Runner且不会重复执行"", ""failure_description"": ""返回明确失败原因且不部分提交""}"
ACC-R3-0290,USR-SCN-050,,BR-EXEC-0060,CT-R3-0290,P6,SPECIFIED,EXPECTED_NOT_EXECUTED,EVID-SPEC-0290,先执行场景门禁，再进入首个业务副作用。,"{""outcome"": ""SUCCESS_OR_RULE_DEFINED_REJECTION"", ""description"": ""当“执行根任务进入可调度队列”发生时，SYS-SCHEDULER可以发起“正式执行任务调度”；发起后必须先完成本场景前置、权限、范围、资源和并发门禁。"", ""failure_description"": ""门禁不通过时不得产生业务副作用。""}"
ACC-R3-0291,USR-SCN-051,,BR-EXEC-0061,CT-R3-0291,P6,SPECIFIED,EXPECTED_NOT_EXECUTED,EVID-SPEC-0291,静态资源失败不作为业务等待条件；仅按业务就绪条件等待,"{""outcome"": ""SUCCESS_OR_RULE_DEFINED_REJECTION"", ""description"": ""动作“静态资源失败不作为业务等待条件；仅按业务就绪条件等待”完成并形成可追溯结果。"", ""failure_description"": ""返回明确失败原因且不部分提交""}"
ACC-R3-0292,USR-SCN-051,,BR-EXEC-0062,CT-R3-0292,P8,SPECIFIED,EXPECTED_NOT_EXECUTED,EVID-SPEC-0292,记录“单端自动化执行”的发起主体、参与主体、对象ID、权限与数据范围判定、状态前后值、结果/原因码和时间。,"{""outcome"": ""SUCCESS_OR_RULE_DEFINED_REJECTION"", ""description"": ""记录“单端自动化执行”的发起主体、参与主体、对象ID、权限与数据范围判定、状态前后值、结果/原因码和时间。"", ""failure_description"": ""返回明确失败原因且不部分提交""}"
ACC-R3-0293,USR-SCN-051|USR-SCN-052|USR-SCN-055|USR-SCN-056,,BR-EXEC-0063,CT-R3-0293,P8,SPECIFIED,EXPECTED_NOT_EXECUTED,EVID-SPEC-0293,受理意图和平台状态在本地原子提交；已发生的Runner、模型、被测系统或组件副作用不得宣称全局回滚，失败时密封证据并执行受控补偿/恢复。,"{""outcome"": ""SUCCESS_OR_RULE_DEFINED_REJECTION"", ""description"": ""受理意图和平台状态在本地原子提交；已发生的Runner、模型、被测系统或组件副作用不得宣称全局回滚，失败时密封证据并执行受控补偿/恢复。"", ""failure_description"": ""返回明确失败原因且不部分提交""}"
ACC-R3-0294,USR-SCN-051,,BR-EXEC-0064,CT-R3-0294,P5,SPECIFIED,EXPECTED_NOT_EXECUTED,EVID-SPEC-0294,发起单端自动化执行,"{""outcome"": ""SUCCESS_OR_RULE_DEFINED_REJECTION"", ""description"": ""在“单端自动化执行”中，并发校验必须满足：同attempt步骤按顺序；变量仅在attempt scope；旧fencing结果拒绝。"", ""failure_description"": ""并发门禁不通过时按规则等待、拒绝或返回既有幂等结果。""}"
ACC-R3-0295,USR-SCN-051,,BR-EXEC-0065,CT-R3-0295,P2,SPECIFIED,EXPECTED_NOT_EXECUTED,EVID-SPEC-0295,发起单端自动化执行,"{""outcome"": ""SUCCESS_OR_RULE_DEFINED_REJECTION"", ""description"": ""“单端自动化执行”的读取、写入和历史查询仅作用于明确授权项目及active_scope/history_read_scope；敏感数据另行校验独立权限。"", ""failure_description"": ""超出数据范围时拒绝操作并记录审计。""}"
ACC-R3-0296,USR-SCN-051,,BR-EXEC-0066,CT-R3-0296,P6,SPECIFIED,EXPECTED_NOT_EXECUTED,EVID-SPEC-0296,发起单端自动化执行,"{""outcome"": ""SUCCESS_OR_RULE_DEFINED_REJECTION"", ""description"": ""浏览器崩溃、登录态失效、步骤超时或上传失败进入异常/恢复路径"", ""failure_description"": ""浏览器崩溃、登录态失效、步骤超时或上传失败进入异常/恢复路径""}"
ACC-R3-0297,USR-SCN-051,,BR-EXEC-0067,CT-R3-0297,P8,SPECIFIED,EXPECTED_NOT_EXECUTED,EVID-SPEC-0297,发起单端自动化执行,"{""outcome"": ""SUCCESS_OR_RULE_DEFINED_REJECTION"", ""description"": ""在“单端自动化执行”中，失败判定必须满足：事务/补偿策略：EXTERNAL_SIDE_EFFECT。。"", ""failure_description"": ""事务/补偿策略：EXTERNAL_SIDE_EFFECT。""}"
ACC-R3-0298,USR-SCN-051,,BR-EXEC-0068,CT-R3-0298,P6,SPECIFIED,EXPECTED_NOT_EXECUTED,EVID-SPEC-0298,启动Playwright浏览器上下文,"{""outcome"": ""SUCCESS_OR_RULE_DEFINED_REJECTION"", ""description"": ""动作“启动Playwright浏览器上下文”完成并形成可追溯结果。"", ""failure_description"": ""返回明确失败原因且不部分提交""}"
ACC-R3-0299,USR-SCN-051,,BR-EXEC-0069,CT-R3-0299,P6,SPECIFIED,EXPECTED_NOT_EXECUTED,EVID-SPEC-0299,按终端配置完成localStorage/验证码等登录前置,"{""outcome"": ""SUCCESS_OR_RULE_DEFINED_REJECTION"", ""description"": ""动作“按终端配置完成localStorage/验证码等登录前置”完成并形成可追溯结果。"", ""failure_description"": ""返回明确失败原因且不部分提交""}"
ACC-R3-0300,USR-SCN-051,,BR-EXEC-0070,CT-R3-0300,P6,SPECIFIED,EXPECTED_NOT_EXECUTED,EVID-SPEC-0300,执行已发布步骤和断言,"{""outcome"": ""SUCCESS_OR_RULE_DEFINED_REJECTION"", ""description"": ""动作“执行已发布步骤和断言”完成并形成可追溯结果。"", ""failure_description"": ""返回明确失败原因且不部分提交""}"
ACC-R3-0301,USR-SCN-051,,BR-EXEC-0071,CT-R3-0301,P6,SPECIFIED,EXPECTED_NOT_EXECUTED,EVID-SPEC-0301,通过UI触发并监听网络响应提取数据,"{""outcome"": ""SUCCESS_OR_RULE_DEFINED_REJECTION"", ""description"": ""动作“通过UI触发并监听网络响应提取数据”完成并形成可追溯结果。"", ""failure_description"": ""返回明确失败原因且不部分提交""}"
ACC-R3-0302,USR-SCN-051,,BR-EXEC-0072,CT-R3-0302,P6,SPECIFIED,EXPECTED_NOT_EXECUTED,EVID-SPEC-0302,采集步骤日志、截图、视频和Trace,"{""outcome"": ""SUCCESS_OR_RULE_DEFINED_REJECTION"", ""description"": ""动作“采集步骤日志、截图、视频和Trace”完成并形成可追溯结果。"", ""failure_description"": ""返回明确失败原因且不部分提交""}"
ACC-R3-0303,USR-SCN-051,,BR-EXEC-0073,CT-R3-0303,P6,SPECIFIED,EXPECTED_NOT_EXECUTED,EVID-SPEC-0303,最终化case/attempt结果并上传证据,"{""outcome"": ""SUCCESS_OR_RULE_DEFINED_REJECTION"", ""description"": ""动作“最终化case/attempt结果并上传证据”完成并形成可追溯结果。"", ""failure_description"": ""返回明确失败原因且不部分提交""}"
ACC-R3-0304,USR-SCN-051,,BR-EXEC-0074,CT-R3-0304,P2,SPECIFIED,EXPECTED_NOT_EXECUTED,EVID-SPEC-0304,发起单端自动化执行,"{""outcome"": ""SUCCESS_OR_RULE_DEFINED_REJECTION"", ""description"": ""SYS-RUNNER-AGENT发起“单端自动化执行”前必须具备对应菜单、操作或服务授权；系统主体只按自身服务身份执行；越权时拒绝且不产生业务写入。"", ""failure_description"": ""返回无权限或超范围结果，业务副作用为零。""}"
ACC-R3-0305,USR-SCN-051,,BR-EXEC-0075,CT-R3-0305,P8,SPECIFIED,EXPECTED_NOT_EXECUTED,EVID-SPEC-0305,发起单端自动化执行,"{""outcome"": ""SUCCESS_OR_RULE_DEFINED_REJECTION"", ""description"": ""在“单端自动化执行”中，前置条件必须满足：attempt已获得有效fencing和资源租约。"", ""failure_description"": ""前置条件不满足时拒绝进入主流程且业务副作用为零。""}"
ACC-R3-0306,USR-SCN-051,,BR-EXEC-0076,CT-R3-0306,P8,SPECIFIED,EXPECTED_NOT_EXECUTED,EVID-SPEC-0306,发起单端自动化执行,"{""outcome"": ""SUCCESS_OR_RULE_DEFINED_REJECTION"", ""description"": ""在“单端自动化执行”中，前置条件必须满足：Runner满足终端能力。"", ""failure_description"": ""前置条件不满足时拒绝进入主流程且业务副作用为零。""}"
ACC-R3-0307,USR-SCN-051|USR-SCN-052|USR-SCN-055|USR-SCN-056,,BR-EXEC-0077,CT-R3-0307,P6,SPECIFIED,EXPECTED_NOT_EXECUTED,EVID-SPEC-0307,保留外部副作用与失败原因，创建新的补偿、恢复或重试记录；不得改写旧执行记录。,"{""outcome"": ""SUCCESS_OR_RULE_DEFINED_REJECTION"", ""description"": ""保留外部副作用与失败原因，创建新的补偿、恢复或重试记录；不得改写旧执行记录。"", ""failure_description"": ""返回明确失败原因且不部分提交""}"
ACC-R3-0308,USR-SCN-051,,BR-EXEC-0078,CT-R3-0308,P6,SPECIFIED,EXPECTED_NOT_EXECUTED,EVID-SPEC-0308,浏览器或Runner异常按新attempt重试；旧attempt不回退,"{""outcome"": ""SUCCESS_OR_RULE_DEFINED_REJECTION"", ""description"": ""在“单端自动化执行”中，恢复必须满足：浏览器或Runner异常按新attempt重试；旧attempt不回退。"", ""failure_description"": ""返回明确失败原因且不部分提交""}"
ACC-R3-0309,USR-SCN-051|USR-SCN-052|USR-SCN-056,,BR-EXEC-0079,CT-R3-0309,P8,SPECIFIED,EXPECTED_NOT_EXECUTED,EVID-SPEC-0309,执行规则对应动作,"{""outcome"": ""SUCCESS_OR_RULE_DEFINED_REJECTION"", ""description"": ""被测环境：REQUIRED；predicate=TRUE; 被测环境不可用时不得执行对应业务副作用；进入明确的PRESTART_BLOCKED、WAITING_RESOURCE或场景失败结果，并记录资源原因。"", ""failure_description"": ""资源条件不满足时不得执行对应业务副作用；进入明确等待、阻断或失败结果。""}"
ACC-R3-0310,USR-SCN-051,,BR-EXEC-0080,CT-R3-0310,P4,SPECIFIED,EXPECTED_NOT_EXECUTED,EVID-SPEC-0310,发起单端自动化执行,"{""outcome"": ""SUCCESS_OR_RULE_DEFINED_REJECTION"", ""description"": ""attempt: RUNNING→SUCCEEDED/FAILED/INTERRUPTED"", ""failure_description"": ""返回明确失败原因且不部分提交""}"
ACC-R3-0311,USR-SCN-051,,BR-EXEC-0081,CT-R3-0311,P8,SPECIFIED,EXPECTED_NOT_EXECUTED,EVID-SPEC-0311,发起单端自动化执行,"{""outcome"": ""SUCCESS_OR_RULE_DEFINED_REJECTION"", ""description"": ""结果、断言、日志和制品可追溯到任务快照与用例版本"", ""failure_description"": ""返回明确失败原因且不部分提交""}"
ACC-R3-0312,USR-SCN-051,,BR-EXEC-0082,CT-R3-0312,P6,SPECIFIED,EXPECTED_NOT_EXECUTED,EVID-SPEC-0312,先执行场景门禁，再进入首个业务副作用。,"{""outcome"": ""SUCCESS_OR_RULE_DEFINED_REJECTION"", ""description"": ""当“发起单端自动化执行”发生时，SYS-RUNNER-AGENT可以发起“单端自动化执行”；发起后必须先完成本场景前置、权限、范围、资源和并发门禁。"", ""failure_description"": ""门禁不通过时不得产生业务副作用。""}"
ACC-R3-0313,USR-SCN-052,,BR-EXEC-0083,CT-R3-0313,P6,SPECIFIED,EXPECTED_NOT_EXECUTED,EVID-SPEC-0313,同名变量按正式覆盖规则处理；终端可使用独立浏览器上下文,"{""outcome"": ""SUCCESS_OR_RULE_DEFINED_REJECTION"", ""description"": ""动作“同名变量按正式覆盖规则处理；终端可使用独立浏览器上下文”完成并形成可追溯结果。"", ""failure_description"": ""返回明确失败原因且不部分提交""}"
ACC-R3-0314,USR-SCN-052,,BR-EXEC-0084,CT-R3-0314,P8,SPECIFIED,EXPECTED_NOT_EXECUTED,EVID-SPEC-0314,记录“跨端自动化执行”的发起主体、参与主体、对象ID、权限与数据范围判定、状态前后值、结果/原因码和时间。,"{""outcome"": ""SUCCESS_OR_RULE_DEFINED_REJECTION"", ""description"": ""记录“跨端自动化执行”的发起主体、参与主体、对象ID、权限与数据范围判定、状态前后值、结果/原因码和时间。"", ""failure_description"": ""返回明确失败原因且不部分提交""}"
ACC-R3-0315,USR-SCN-052,,BR-EXEC-0085,CT-R3-0315,P5,SPECIFIED,EXPECTED_NOT_EXECUTED,EVID-SPEC-0315,发起跨端自动化执行,"{""outcome"": ""SUCCESS_OR_RULE_DEFINED_REJECTION"", ""description"": ""同attempt变量共享；不同attempt完全隔离；不得复用原attempt变量"", ""failure_description"": ""并发门禁不通过时按规则等待、拒绝或返回既有幂等结果。""}"
ACC-R3-0316,USR-SCN-052,,BR-EXEC-0086,CT-R3-0316,P2,SPECIFIED,EXPECTED_NOT_EXECUTED,EVID-SPEC-0316,发起跨端自动化执行,"{""outcome"": ""SUCCESS_OR_RULE_DEFINED_REJECTION"", ""description"": ""“跨端自动化执行”的读取、写入和历史查询仅作用于明确授权项目及active_scope/history_read_scope；敏感数据另行校验独立权限。"", ""failure_description"": ""超出数据范围时拒绝操作并记录审计。""}"
ACC-R3-0317,USR-SCN-052,,BR-EXEC-0087,CT-R3-0317,P6,SPECIFIED,EXPECTED_NOT_EXECUTED,EVID-SPEC-0317,发起跨端自动化执行,"{""outcome"": ""SUCCESS_OR_RULE_DEFINED_REJECTION"", ""description"": ""在“跨端自动化执行”中，异常流程必须满足：变量提取失败、终端不可达或后续消费缺失时定位失败终端和步骤。"", ""failure_description"": ""变量提取失败、终端不可达或后续消费缺失时定位失败终端和步骤""}"
ACC-R3-0318,USR-SCN-052,,BR-EXEC-0088,CT-R3-0318,P8,SPECIFIED,EXPECTED_NOT_EXECUTED,EVID-SPEC-0318,发起跨端自动化执行,"{""outcome"": ""SUCCESS_OR_RULE_DEFINED_REJECTION"", ""description"": ""在“跨端自动化执行”中，失败判定必须满足：事务/补偿策略：EXTERNAL_SIDE_EFFECT。。"", ""failure_description"": ""事务/补偿策略：EXTERNAL_SIDE_EFFECT。""}"
ACC-R3-0319,USR-SCN-052,,BR-EXEC-0089,CT-R3-0319,P6,SPECIFIED,EXPECTED_NOT_EXECUTED,EVID-SPEC-0319,在同一attempt建立跨端上下文,"{""outcome"": ""SUCCESS_OR_RULE_DEFINED_REJECTION"", ""description"": ""动作“在同一attempt建立跨端上下文”完成并形成可追溯结果。"", ""failure_description"": ""返回明确失败原因且不部分提交""}"
ACC-R3-0320,USR-SCN-052,,BR-EXEC-0090,CT-R3-0320,P6,SPECIFIED,EXPECTED_NOT_EXECUTED,EVID-SPEC-0320,按步骤打开管理端并生成业务数据,"{""outcome"": ""SUCCESS_OR_RULE_DEFINED_REJECTION"", ""description"": ""动作“按步骤打开管理端并生成业务数据”完成并形成可追溯结果。"", ""failure_description"": ""返回明确失败原因且不部分提交""}"
ACC-R3-0321,USR-SCN-052,,BR-EXEC-0091,CT-R3-0321,P6,SPECIFIED,EXPECTED_NOT_EXECUTED,EVID-SPEC-0321,从UI触发响应监听提取订单号,"{""outcome"": ""SUCCESS_OR_RULE_DEFINED_REJECTION"", ""description"": ""动作“从UI触发响应监听提取订单号”完成并形成可追溯结果。"", ""failure_description"": ""返回明确失败原因且不部分提交""}"
ACC-R3-0322,USR-SCN-052,,BR-EXEC-0092,CT-R3-0322,P6,SPECIFIED,EXPECTED_NOT_EXECUTED,EVID-SPEC-0322,切换客户端消费订单号并提取条码,"{""outcome"": ""SUCCESS_OR_RULE_DEFINED_REJECTION"", ""description"": ""动作“切换客户端消费订单号并提取条码”完成并形成可追溯结果。"", ""failure_description"": ""返回明确失败原因且不部分提交""}"
ACC-R3-0323,USR-SCN-052,,BR-EXEC-0093,CT-R3-0323,P6,SPECIFIED,EXPECTED_NOT_EXECUTED,EVID-SPEC-0323,切换PDA完成核销,"{""outcome"": ""SUCCESS_OR_RULE_DEFINED_REJECTION"", ""description"": ""动作“切换PDA完成核销”完成并形成可追溯结果。"", ""failure_description"": ""返回明确失败原因且不部分提交""}"
ACC-R3-0324,USR-SCN-052,,BR-EXEC-0094,CT-R3-0324,P6,SPECIFIED,EXPECTED_NOT_EXECUTED,EVID-SPEC-0324,回管理端校验最终状态,"{""outcome"": ""SUCCESS_OR_RULE_DEFINED_REJECTION"", ""description"": ""动作“回管理端校验最终状态”完成并形成可追溯结果。"", ""failure_description"": ""返回明确失败原因且不部分提交""}"
ACC-R3-0325,USR-SCN-052,,BR-EXEC-0095,CT-R3-0325,P6,SPECIFIED,EXPECTED_NOT_EXECUTED,EVID-SPEC-0325,按终端聚合报告与制品,"{""outcome"": ""SUCCESS_OR_RULE_DEFINED_REJECTION"", ""description"": ""动作“按终端聚合报告与制品”完成并形成可追溯结果。"", ""failure_description"": ""返回明确失败原因且不部分提交""}"
ACC-R3-0326,USR-SCN-052,,BR-EXEC-0096,CT-R3-0326,P2,SPECIFIED,EXPECTED_NOT_EXECUTED,EVID-SPEC-0326,发起跨端自动化执行,"{""outcome"": ""SUCCESS_OR_RULE_DEFINED_REJECTION"", ""description"": ""SYS-RUNNER-AGENT发起“跨端自动化执行”前必须具备对应菜单、操作或服务授权；系统主体只按自身服务身份执行；越权时拒绝且不产生业务写入。"", ""failure_description"": ""返回无权限或超范围结果，业务副作用为零。""}"
ACC-R3-0327,USR-SCN-052,,BR-EXEC-0097,CT-R3-0327,P8,SPECIFIED,EXPECTED_NOT_EXECUTED,EVID-SPEC-0327,发起跨端自动化执行,"{""outcome"": ""SUCCESS_OR_RULE_DEFINED_REJECTION"", ""description"": ""跨端用例版本已发布"", ""failure_description"": ""前置条件不满足时拒绝进入主流程且业务副作用为零。""}"
ACC-R3-0328,USR-SCN-052,,BR-EXEC-0098,CT-R3-0328,P8,SPECIFIED,EXPECTED_NOT_EXECUTED,EVID-SPEC-0328,发起跨端自动化执行,"{""outcome"": ""SUCCESS_OR_RULE_DEFINED_REJECTION"", ""description"": ""在“跨端自动化执行”中，前置条件必须满足：Runner具备所有Web终端和网络能力。"", ""failure_description"": ""前置条件不满足时拒绝进入主流程且业务副作用为零。""}"
ACC-R3-0329,USR-SCN-052,,BR-EXEC-0099,CT-R3-0329,P6,SPECIFIED,EXPECTED_NOT_EXECUTED,EVID-SPEC-0329,失败重试创建新attempt并重新生成变量，不从旧attempt续用,"{""outcome"": ""SUCCESS_OR_RULE_DEFINED_REJECTION"", ""description"": ""失败重试创建新attempt并重新生成变量，不从旧attempt续用"", ""failure_description"": ""返回明确失败原因且不部分提交""}"
ACC-R3-0330,USR-SCN-052,,BR-EXEC-0100,CT-R3-0330,P4,SPECIFIED,EXPECTED_NOT_EXECUTED,EVID-SPEC-0330,发起跨端自动化执行,"{""outcome"": ""SUCCESS_OR_RULE_DEFINED_REJECTION"", ""description"": ""attempt保持RUNNING；各terminal step产生独立步骤结果；最终统一终态"", ""failure_description"": ""返回明确失败原因且不部分提交""}"
ACC-R3-0331,USR-SCN-052,,BR-EXEC-0101,CT-R3-0331,P8,SPECIFIED,EXPECTED_NOT_EXECUTED,EVID-SPEC-0331,发起跨端自动化执行,"{""outcome"": ""SUCCESS_OR_RULE_DEFINED_REJECTION"", ""description"": ""变量来源、敏感性、消费链和每个终端证据完整"", ""failure_description"": ""返回明确失败原因且不部分提交""}"
ACC-R3-0332,USR-SCN-052,,BR-EXEC-0102,CT-R3-0332,P6,SPECIFIED,EXPECTED_NOT_EXECUTED,EVID-SPEC-0332,先执行场景门禁，再进入首个业务副作用。,"{""outcome"": ""SUCCESS_OR_RULE_DEFINED_REJECTION"", ""description"": ""当“发起跨端自动化执行”发生时，SYS-RUNNER-AGENT可以发起“跨端自动化执行”；发起后必须先完成本场景前置、权限、范围、资源和并发门禁。"", ""failure_description"": ""门禁不通过时不得产生业务副作用。""}"
ACC-R3-0333,USR-SCN-055,,BR-EXEC-0103,CT-R3-0333,P6,SPECIFIED,EXPECTED_NOT_EXECUTED,EVID-SPEC-0333,已终态任务返回既有结果；重复命令按幂等键返回同一取消/中止结果,"{""outcome"": ""SUCCESS_OR_RULE_DEFINED_REJECTION"", ""description"": ""动作“已终态任务返回既有结果；重复命令按幂等键返回同一取消/中止结果”完成并形成可追溯结果。"", ""failure_description"": ""返回明确失败原因且不部分提交""}"
ACC-R3-0334,USR-SCN-055,,BR-EXEC-0104,CT-R3-0334,P8,SPECIFIED,EXPECTED_NOT_EXECUTED,EVID-SPEC-0334,记录“任务取消和系统中止”的发起主体、参与主体、对象ID、权限与数据范围判定、状态前后值、结果/原因码和时间。,"{""outcome"": ""SUCCESS_OR_RULE_DEFINED_REJECTION"", ""description"": ""记录“任务取消和系统中止”的发起主体、参与主体、对象ID、权限与数据范围判定、状态前后值、结果/原因码和时间。"", ""failure_description"": ""返回明确失败原因且不部分提交""}"
ACC-R3-0335,USR-SCN-055,,BR-EXEC-0105,CT-R3-0335,P5,SPECIFIED,EXPECTED_NOT_EXECUTED,EVID-SPEC-0335,发起任务取消和系统中止,"{""outcome"": ""SUCCESS_OR_RULE_DEFINED_REJECTION"", ""description"": ""在“任务取消和系统中止”中，并发校验必须满足：取消命令幂等；状态CAS；旧fencing拒绝。"", ""failure_description"": ""并发门禁不通过时按规则等待、拒绝或返回既有幂等结果。""}"
ACC-R3-0336,USR-SCN-055,,BR-EXEC-0106,CT-R3-0336,P2,SPECIFIED,EXPECTED_NOT_EXECUTED,EVID-SPEC-0336,发起任务取消和系统中止,"{""outcome"": ""SUCCESS_OR_RULE_DEFINED_REJECTION"", ""description"": ""用户取消作用于本人或明确授权项目内的具体任务；系统中止作用于系统已识别的具体受影响任务集合，不得使用无对象约束的平台全局范围。"", ""failure_description"": ""超出数据范围时拒绝操作并记录审计。""}"
ACC-R3-0337,USR-SCN-055,,BR-EXEC-0107,CT-R3-0337,P6,SPECIFIED,EXPECTED_NOT_EXECUTED,EVID-SPEC-0337,发起任务取消和系统中止,"{""outcome"": ""SUCCESS_OR_RULE_DEFINED_REJECTION"", ""description"": ""无权限、任务不在范围、系统主体不受信或原因缺失时拒绝；外部副作用已发生时不得宣称全局回滚"", ""failure_description"": ""无权限、任务不在范围、系统主体不受信或原因缺失时拒绝；外部副作用已发生时不得宣称全局回滚""}"
ACC-R3-0338,USR-SCN-055,,BR-EXEC-0108,CT-R3-0338,P8,SPECIFIED,EXPECTED_NOT_EXECUTED,EVID-SPEC-0338,发起任务取消和系统中止,"{""outcome"": ""SUCCESS_OR_RULE_DEFINED_REJECTION"", ""description"": ""在“任务取消和系统中止”中，失败判定必须满足：事务/补偿策略：EXTERNAL_SIDE_EFFECT。。"", ""failure_description"": ""事务/补偿策略：EXTERNAL_SIDE_EFFECT。""}"
ACC-R3-0339,USR-SCN-055,,BR-EXEC-0109,CT-R3-0339,P6,SPECIFIED,EXPECTED_NOT_EXECUTED,EVID-SPEC-0339,识别用户取消命令或系统中止命令及原因,"{""outcome"": ""SUCCESS_OR_RULE_DEFINED_REJECTION"", ""description"": ""动作“识别用户取消命令或系统中止命令及原因”完成并形成可追溯结果。"", ""failure_description"": ""返回明确失败原因且不部分提交""}"
ACC-R3-0340,USR-SCN-055,,BR-EXEC-0110,CT-R3-0340,P6,SPECIFIED,EXPECTED_NOT_EXECUTED,EVID-SPEC-0340,用户分支校验RUN_TASK_CANCEL和本人/授权项目任务范围；系统分支校验受信系统主体及系统原因,"{""outcome"": ""SUCCESS_OR_RULE_DEFINED_REJECTION"", ""description"": ""动作“用户分支校验RUN_TASK_CANCEL和本人/授权项目任务范围；系统分支校验受信系统主体及系统原因”完成并形成可追溯结果。"", ""failure_description"": ""返回明确失败原因且不部分提交""}"
ACC-R3-0341,USR-SCN-055,,BR-EXEC-0111,CT-R3-0341,P6,SPECIFIED,EXPECTED_NOT_EXECUTED,EVID-SPEC-0341,平台以幂等命令记录取消/中止意图并停止新步骤,"{""outcome"": ""SUCCESS_OR_RULE_DEFINED_REJECTION"", ""description"": ""动作“平台以幂等命令记录取消/中止意图并停止新步骤”完成并形成可追溯结果。"", ""failure_description"": ""返回明确失败原因且不部分提交""}"
ACC-R3-0342,USR-SCN-055,,BR-EXEC-0112,CT-R3-0342,P6,SPECIFIED,EXPECTED_NOT_EXECUTED,EVID-SPEC-0342,调度器通知Runner密封既有证据并停止可停止动作,"{""outcome"": ""SUCCESS_OR_RULE_DEFINED_REJECTION"", ""description"": ""动作“调度器通知Runner密封既有证据并停止可停止动作”完成并形成可追溯结果。"", ""failure_description"": ""返回明确失败原因且不部分提交""}"
ACC-R3-0343,USR-SCN-055,,BR-EXEC-0113,CT-R3-0343,P6,SPECIFIED,EXPECTED_NOT_EXECUTED,EVID-SPEC-0343,最终化执行尝试和执行根任务，保留已发生副作用与原因,"{""outcome"": ""SUCCESS_OR_RULE_DEFINED_REJECTION"", ""description"": ""动作“最终化执行尝试和执行根任务，保留已发生副作用与原因”完成并形成可追溯结果。"", ""failure_description"": ""返回明确失败原因且不部分提交""}"
ACC-R3-0344,USR-SCN-055,,BR-EXEC-0114,CT-R3-0344,P6,SPECIFIED,EXPECTED_NOT_EXECUTED,EVID-SPEC-0344,释放锁/租约并触发报告和审计,"{""outcome"": ""SUCCESS_OR_RULE_DEFINED_REJECTION"", ""description"": ""动作“释放锁/租约并触发报告和审计”完成并形成可追溯结果。"", ""failure_description"": ""返回明确失败原因且不部分提交""}"
ACC-R3-0345,USR-SCN-055,,BR-EXEC-0115,CT-R3-0345,P2,SPECIFIED,EXPECTED_NOT_EXECUTED,EVID-SPEC-0345,发起任务取消和系统中止,"{""outcome"": ""SUCCESS_OR_RULE_DEFINED_REJECTION"", ""description"": ""用户取消必须具备RUN_TASK_CANCEL且目标为本人创建或明确授权项目内任务；系统中止只能由受信系统主体基于明确系统原因执行，不继承人类角色权限。"", ""failure_description"": ""返回无权限或超范围结果，业务副作用为零。""}"
ACC-R3-0346,USR-SCN-055,,BR-EXEC-0116,CT-R3-0346,P8,SPECIFIED,EXPECTED_NOT_EXECUTED,EVID-SPEC-0346,发起任务取消和系统中止,"{""outcome"": ""SUCCESS_OR_RULE_DEFINED_REJECTION"", ""description"": ""目标任务在允许取消/中止状态"", ""failure_description"": ""前置条件不满足时拒绝进入主流程且业务副作用为零。""}"
ACC-R3-0347,USR-SCN-055,,BR-EXEC-0117,CT-R3-0347,P8,SPECIFIED,EXPECTED_NOT_EXECUTED,EVID-SPEC-0347,发起任务取消和系统中止,"{""outcome"": ""SUCCESS_OR_RULE_DEFINED_REJECTION"", ""description"": ""在“任务取消和系统中止”中，前置条件必须满足：发起人有取消本人或项目任务权限。"", ""failure_description"": ""前置条件不满足时拒绝进入主流程且业务副作用为零。""}"
ACC-R3-0348,USR-SCN-055,,BR-EXEC-0118,CT-R3-0348,P6,SPECIFIED,EXPECTED_NOT_EXECUTED,EVID-SPEC-0348,取消/中止失败时保留已密封证据和当前状态；按明确恢复命令重新调度允许恢复的任务，不改写旧执行尝试。,"{""outcome"": ""SUCCESS_OR_RULE_DEFINED_REJECTION"", ""description"": ""取消/中止失败时保留已密封证据和当前状态；按明确恢复命令重新调度允许恢复的任务，不改写旧执行尝试。"", ""failure_description"": ""返回明确失败原因且不部分提交""}"
ACC-R3-0349,USR-SCN-055,,BR-EXEC-0119,CT-R3-0349,P4,SPECIFIED,EXPECTED_NOT_EXECUTED,EVID-SPEC-0349,发起任务取消和系统中止,"{""outcome"": ""SUCCESS_OR_RULE_DEFINED_REJECTION"", ""description"": ""执行根任务/attempt: 非终态→CANCELLED/INTERRUPTED；终态不回退"", ""failure_description"": ""返回明确失败原因且不部分提交""}"
ACC-R3-0350,USR-SCN-055,,BR-EXEC-0120,CT-R3-0350,P8,SPECIFIED,EXPECTED_NOT_EXECUTED,EVID-SPEC-0350,发起任务取消和系统中止,"{""outcome"": ""SUCCESS_OR_RULE_DEFINED_REJECTION"", ""description"": ""资源释放、证据保留、原因和发起主体可审计"", ""failure_description"": ""返回明确失败原因且不部分提交""}"
ACC-R3-0351,USR-SCN-055,,BR-EXEC-0121,CT-R3-0351,P6,SPECIFIED,EXPECTED_NOT_EXECUTED,EVID-SPEC-0351,先执行场景门禁，再进入首个业务副作用。,"{""outcome"": ""SUCCESS_OR_RULE_DEFINED_REJECTION"", ""description"": ""当“发起任务取消和系统中止”发生时，ROLE-TASK-EXECUTOR可以发起“任务取消和系统中止”；发起后必须先完成本场景前置、权限、范围、资源和并发门禁。"", ""failure_description"": ""门禁不通过时不得产生业务副作用。""}"
ACC-R3-0352,USR-SCN-056,,BR-EXEC-0122,CT-R3-0352,P6,SPECIFIED,EXPECTED_NOT_EXECUTED,EVID-SPEC-0352,PRESTART_REPLACEMENT不消耗正式重试额度,"{""outcome"": ""SUCCESS_OR_RULE_DEFINED_REJECTION"", ""description"": ""动作“PRESTART_REPLACEMENT不消耗正式重试额度”完成并形成可追溯结果。"", ""failure_description"": ""返回明确失败原因且不部分提交""}"
ACC-R3-0353,USR-SCN-056,,BR-EXEC-0123,CT-R3-0353,P8,SPECIFIED,EXPECTED_NOT_EXECUTED,EVID-SPEC-0353,记录“失败用例统一重试”的发起主体、参与主体、对象ID、权限与数据范围判定、状态前后值、结果/原因码和时间。,"{""outcome"": ""SUCCESS_OR_RULE_DEFINED_REJECTION"", ""description"": ""记录“失败用例统一重试”的发起主体、参与主体、对象ID、权限与数据范围判定、状态前后值、结果/原因码和时间。"", ""failure_description"": ""返回明确失败原因且不部分提交""}"
ACC-R3-0354,USR-SCN-056,,BR-EXEC-0124,CT-R3-0354,P5,SPECIFIED,EXPECTED_NOT_EXECUTED,EVID-SPEC-0354,首轮所有用例尝试最终化,"{""outcome"": ""SUCCESS_OR_RULE_DEFINED_REJECTION"", ""description"": ""在“失败用例统一重试”中，并发校验必须满足：重试attempt独立编号、变量、锁和制品路径。"", ""failure_description"": ""并发门禁不通过时按规则等待、拒绝或返回既有幂等结果。""}"
ACC-R3-0355,USR-SCN-056,,BR-EXEC-0125,CT-R3-0355,P2,SPECIFIED,EXPECTED_NOT_EXECUTED,EVID-SPEC-0355,首轮所有用例尝试最终化,"{""outcome"": ""SUCCESS_OR_RULE_DEFINED_REJECTION"", ""description"": ""“失败用例统一重试”的读取、写入和历史查询仅作用于明确授权项目及active_scope/history_read_scope；敏感数据另行校验独立权限。"", ""failure_description"": ""超出数据范围时拒绝操作并记录审计。""}"
ACC-R3-0356,USR-SCN-056,,BR-EXEC-0126,CT-R3-0356,P6,SPECIFIED,EXPECTED_NOT_EXECUTED,EVID-SPEC-0356,首轮所有用例尝试最终化,"{""outcome"": ""SUCCESS_OR_RULE_DEFINED_REJECTION"", ""description"": ""原attempt变量禁止复用；重试期间依赖失效按新快照规则处理"", ""failure_description"": ""原attempt变量禁止复用；重试期间依赖失效按新快照规则处理""}"
ACC-R3-0357,USR-SCN-056,,BR-EXEC-0127,CT-R3-0357,P8,SPECIFIED,EXPECTED_NOT_EXECUTED,EVID-SPEC-0357,首轮所有用例尝试最终化,"{""outcome"": ""SUCCESS_OR_RULE_DEFINED_REJECTION"", ""description"": ""在“失败用例统一重试”中，失败判定必须满足：事务/补偿策略：EXTERNAL_SIDE_EFFECT。。"", ""failure_description"": ""事务/补偿策略：EXTERNAL_SIDE_EFFECT。""}"
ACC-R3-0358,USR-SCN-056,,BR-EXEC-0128,CT-R3-0358,P6,SPECIFIED,EXPECTED_NOT_EXECUTED,EVID-SPEC-0358,排除主动跳过和不可重试失败,"{""outcome"": ""SUCCESS_OR_RULE_DEFINED_REJECTION"", ""description"": ""动作“排除主动跳过和不可重试失败”完成并形成可追溯结果。"", ""failure_description"": ""返回明确失败原因且不部分提交""}"
ACC-R3-0359,USR-SCN-056,,BR-EXEC-0129,CT-R3-0359,P6,SPECIFIED,EXPECTED_NOT_EXECUTED,EVID-SPEC-0359,在首轮完成后统一计算重试集合,"{""outcome"": ""SUCCESS_OR_RULE_DEFINED_REJECTION"", ""description"": ""动作“在首轮完成后统一计算重试集合”完成并形成可追溯结果。"", ""failure_description"": ""返回明确失败原因且不部分提交""}"
ACC-R3-0360,USR-SCN-056,,BR-EXEC-0130,CT-R3-0360,P6,SPECIFIED,EXPECTED_NOT_EXECUTED,EVID-SPEC-0360,创建新的执行尝试/用例尝试,"{""outcome"": ""SUCCESS_OR_RULE_DEFINED_REJECTION"", ""description"": ""动作“创建新的执行尝试/用例尝试”完成并形成可追溯结果。"", ""failure_description"": ""返回明确失败原因且不部分提交""}"
ACC-R3-0361,USR-SCN-056,,BR-EXEC-0131,CT-R3-0361,P6,SPECIFIED,EXPECTED_NOT_EXECUTED,EVID-SPEC-0361,重新获取资源和变量,"{""outcome"": ""SUCCESS_OR_RULE_DEFINED_REJECTION"", ""description"": ""动作“重新获取资源和变量”完成并形成可追溯结果。"", ""failure_description"": ""返回明确失败原因且不部分提交""}"
ACC-R3-0362,USR-SCN-056,,BR-EXEC-0132,CT-R3-0362,P6,SPECIFIED,EXPECTED_NOT_EXECUTED,EVID-SPEC-0362,执行重试并保留初次结果,"{""outcome"": ""SUCCESS_OR_RULE_DEFINED_REJECTION"", ""description"": ""动作“执行重试并保留初次结果”完成并形成可追溯结果。"", ""failure_description"": ""返回明确失败原因且不部分提交""}"
ACC-R3-0363,USR-SCN-056,,BR-EXEC-0133,CT-R3-0363,P6,SPECIFIED,EXPECTED_NOT_EXECUTED,EVID-SPEC-0363,按规则计算最终结果和报告,"{""outcome"": ""SUCCESS_OR_RULE_DEFINED_REJECTION"", ""description"": ""动作“按规则计算最终结果和报告”完成并形成可追溯结果。"", ""failure_description"": ""返回明确失败原因且不部分提交""}"
ACC-R3-0364,USR-SCN-056,,BR-EXEC-0134,CT-R3-0364,P2,SPECIFIED,EXPECTED_NOT_EXECUTED,EVID-SPEC-0364,首轮所有用例尝试最终化,"{""outcome"": ""SUCCESS_OR_RULE_DEFINED_REJECTION"", ""description"": ""SYS-SCHEDULER发起“失败用例统一重试”前必须具备对应菜单、操作或服务授权；系统主体只按自身服务身份执行；越权时拒绝且不产生业务写入。"", ""failure_description"": ""返回无权限或超范围结果，业务副作用为零。""}"
ACC-R3-0365,USR-SCN-056,,BR-EXEC-0135,CT-R3-0365,P8,SPECIFIED,EXPECTED_NOT_EXECUTED,EVID-SPEC-0365,首轮所有用例尝试最终化,"{""outcome"": ""SUCCESS_OR_RULE_DEFINED_REJECTION"", ""description"": ""任务配置允许重试"", ""failure_description"": ""前置条件不满足时拒绝进入主流程且业务副作用为零。""}"
ACC-R3-0366,USR-SCN-056,,BR-EXEC-0136,CT-R3-0366,P8,SPECIFIED,EXPECTED_NOT_EXECUTED,EVID-SPEC-0366,首轮所有用例尝试最终化,"{""outcome"": ""SUCCESS_OR_RULE_DEFINED_REJECTION"", ""description"": ""在“失败用例统一重试”中，前置条件必须满足：存在符合重试类型的失败且未超额度。"", ""failure_description"": ""前置条件不满足时拒绝进入主流程且业务副作用为零。""}"
ACC-R3-0367,USR-SCN-056,,BR-EXEC-0137,CT-R3-0367,P6,SPECIFIED,EXPECTED_NOT_EXECUTED,EVID-SPEC-0367,重试attempt异常可按剩余额度和恢复策略继续创建新attempt,"{""outcome"": ""SUCCESS_OR_RULE_DEFINED_REJECTION"", ""description"": ""重试attempt异常可按剩余额度和恢复策略继续创建新attempt"", ""failure_description"": ""返回明确失败原因且不部分提交""}"
ACC-R3-0368,USR-SCN-056,,BR-EXEC-0138,CT-R3-0368,P4,SPECIFIED,EXPECTED_NOT_EXECUTED,EVID-SPEC-0368,首轮所有用例尝试最终化,"{""outcome"": ""SUCCESS_OR_RULE_DEFINED_REJECTION"", ""description"": ""旧attempt保持终态；新attempt: CREATED→RUNNING→终态"", ""failure_description"": ""返回明确失败原因且不部分提交""}"
ACC-R3-0369,USR-SCN-056,,BR-EXEC-0139,CT-R3-0369,P8,SPECIFIED,EXPECTED_NOT_EXECUTED,EVID-SPEC-0369,首轮所有用例尝试最终化,"{""outcome"": ""SUCCESS_OR_RULE_DEFINED_REJECTION"", ""description"": ""初次与重试结果均保留，最终统计排除主动跳过"", ""failure_description"": ""返回明确失败原因且不部分提交""}"
ACC-R3-0370,USR-SCN-056,,BR-EXEC-0140,CT-R3-0370,P6,SPECIFIED,EXPECTED_NOT_EXECUTED,EVID-SPEC-0370,先执行场景门禁，再进入首个业务副作用。,"{""outcome"": ""SUCCESS_OR_RULE_DEFINED_REJECTION"", ""description"": ""当“首轮所有用例尝试最终化”发生时，SYS-SCHEDULER可以发起“失败用例统一重试”；发起后必须先完成本场景前置、权限、范围、资源和并发门禁。"", ""failure_description"": ""门禁不通过时不得产生业务副作用。""}"
ACC-R3-0371,USR-SCN-032,,BR-EXPLORE-0001,CT-R3-0371,P6,SPECIFIED,EXPECTED_NOT_EXECUTED,EVID-SPEC-0371,与正式执行冲突时按权威规则提示是否中止执行合集，不得静默抢占,"{""outcome"": ""SUCCESS_OR_RULE_DEFINED_REJECTION"", ""description"": ""动作“与正式执行冲突时按权威规则提示是否中止执行合集，不得静默抢占”完成并形成可追溯结果。"", ""failure_description"": ""返回明确失败原因且不部分提交""}"
ACC-R3-0372,USR-SCN-032|USR-SCN-071,,BR-EXPLORE-0002,CT-R3-0372,P8,SPECIFIED,EXPECTED_NOT_EXECUTED,EVID-SPEC-0372,发起AI探索页面,"{""outcome"": ""SUCCESS_OR_RULE_DEFINED_REJECTION"", ""description"": ""产生并关联业务审计记录"", ""failure_description"": ""返回明确失败原因且不部分提交""}"
ACC-R3-0373,USR-SCN-032,,BR-EXPLORE-0003,CT-R3-0373,P8,SPECIFIED,EXPECTED_NOT_EXECUTED,EVID-SPEC-0373,记录“AI探索页面”的发起主体、参与主体、对象ID、权限与数据范围判定、状态前后值、结果/原因码和时间。,"{""outcome"": ""SUCCESS_OR_RULE_DEFINED_REJECTION"", ""description"": ""记录“AI探索页面”的发起主体、参与主体、对象ID、权限与数据范围判定、状态前后值、结果/原因码和时间。"", ""failure_description"": ""返回明确失败原因且不部分提交""}"
ACC-R3-0374,USR-SCN-032|USR-SCN-071,,BR-EXPLORE-0004,CT-R3-0374,P8,SPECIFIED,EXPECTED_NOT_EXECUTED,EVID-SPEC-0374,受理意图和平台状态在本地原子提交；已发生的Runner、模型、被测系统或组件副作用不得宣称全局回滚，失败时密封证据并执行受控补偿/恢复。,"{""outcome"": ""SUCCESS_OR_RULE_DEFINED_REJECTION"", ""description"": ""受理意图和平台状态在本地原子提交；已发生的Runner、模型、被测系统或组件副作用不得宣称全局回滚，失败时密封证据并执行受控补偿/恢复。"", ""failure_description"": ""返回明确失败原因且不部分提交""}"
ACC-R3-0375,USR-SCN-032,,BR-EXPLORE-0005,CT-R3-0375,P5,SPECIFIED,EXPECTED_NOT_EXECUTED,EVID-SPEC-0375,发起AI探索页面,"{""outcome"": ""SUCCESS_OR_RULE_DEFINED_REJECTION"", ""description"": ""AI任务幂等；Runner槽位、账号/环境锁按探索规则；checkpoint使用版本和fencing"", ""failure_description"": ""并发门禁不通过时按规则等待、拒绝或返回既有幂等结果。""}"
ACC-R3-0376,USR-SCN-032,,BR-EXPLORE-0006,CT-R3-0376,P2,SPECIFIED,EXPECTED_NOT_EXECUTED,EVID-SPEC-0376,发起AI探索页面,"{""outcome"": ""SUCCESS_OR_RULE_DEFINED_REJECTION"", ""description"": ""“AI探索页面”的读取、写入和历史查询仅作用于明确授权项目及active_scope/history_read_scope；敏感数据另行校验独立权限。"", ""failure_description"": ""超出数据范围时拒绝操作并记录审计。""}"
ACC-R3-0377,USR-SCN-032,,BR-EXPLORE-0007,CT-R3-0377,P6,SPECIFIED,EXPECTED_NOT_EXECUTED,EVID-SPEC-0377,发起AI探索页面,"{""outcome"": ""SUCCESS_OR_RULE_DEFINED_REJECTION"", ""description"": ""模型超时、非法结构、页面失败、checkpoint失效或资源不足时保留证据并失败/恢复"", ""failure_description"": ""模型超时、非法结构、页面失败、checkpoint失效或资源不足时保留证据并失败/恢复""}"
ACC-R3-0378,USR-SCN-032|USR-SCN-071,,BR-EXPLORE-0008,CT-R3-0378,P8,SPECIFIED,EXPECTED_NOT_EXECUTED,EVID-SPEC-0378,发起AI探索页面,"{""outcome"": ""SUCCESS_OR_RULE_DEFINED_REJECTION"", ""description"": ""任一前置、权限、数据范围、并发或明确资源条件不满足，或未进入声明状态、产生越权/重复副作用、证据未密封、审计缺失时失败。"", ""failure_description"": ""任一前置、权限、数据范围、并发或明确资源条件不满足，或未进入声明状态、产生越权/重复副作用、证据未密封、审计缺失时失败。""}"
ACC-R3-0379,USR-SCN-032,,BR-EXPLORE-0009,CT-R3-0379,P8,SPECIFIED,EXPECTED_NOT_EXECUTED,EVID-SPEC-0379,发起AI探索页面,"{""outcome"": ""SUCCESS_OR_RULE_DEFINED_REJECTION"", ""description"": ""在“AI探索页面”中，失败判定必须满足：事务/补偿策略：EXTERNAL_SIDE_EFFECT。。"", ""failure_description"": ""事务/补偿策略：EXTERNAL_SIDE_EFFECT。""}"
ACC-R3-0380,USR-SCN-032,,BR-EXPLORE-0010,CT-R3-0380,P6,SPECIFIED,EXPECTED_NOT_EXECUTED,EVID-SPEC-0380,创建PAGE_EXPLORATION ai_task并固化输入快照,"{""outcome"": ""SUCCESS_OR_RULE_DEFINED_REJECTION"", ""description"": ""动作“创建PAGE_EXPLORATION ai_task并固化输入快照”完成并形成可追溯结果。"", ""failure_description"": ""返回明确失败原因且不部分提交""}"
ACC-R3-0381,USR-SCN-032,,BR-EXPLORE-0011,CT-R3-0381,P6,SPECIFIED,EXPECTED_NOT_EXECUTED,EVID-SPEC-0381,调度Runner并获取资源租约,"{""outcome"": ""SUCCESS_OR_RULE_DEFINED_REJECTION"", ""description"": ""动作“调度Runner并获取资源租约”完成并形成可追溯结果。"", ""failure_description"": ""返回明确失败原因且不部分提交""}"
ACC-R3-0382,USR-SCN-032,,BR-EXPLORE-0012,CT-R3-0382,P6,SPECIFIED,EXPECTED_NOT_EXECUTED,EVID-SPEC-0382,Runner启动浏览器完成登录前置,"{""outcome"": ""SUCCESS_OR_RULE_DEFINED_REJECTION"", ""description"": ""动作“Runner启动浏览器完成登录前置”完成并形成可追溯结果。"", ""failure_description"": ""返回明确失败原因且不部分提交""}"
ACC-R3-0383,USR-SCN-032,,BR-EXPLORE-0013,CT-R3-0383,P6,SPECIFIED,EXPECTED_NOT_EXECUTED,EVID-SPEC-0383,AI循环观察、决策和操作,"{""outcome"": ""SUCCESS_OR_RULE_DEFINED_REJECTION"", ""description"": ""动作“AI循环观察、决策和操作”完成并形成可追溯结果。"", ""failure_description"": ""返回明确失败原因且不部分提交""}"
ACC-R3-0384,USR-SCN-032,,BR-EXPLORE-0014,CT-R3-0384,P6,SPECIFIED,EXPECTED_NOT_EXECUTED,EVID-SPEC-0384,采集Trace/截图/网络证据,"{""outcome"": ""SUCCESS_OR_RULE_DEFINED_REJECTION"", ""description"": ""动作“采集Trace/截图/网络证据”完成并形成可追溯结果。"", ""failure_description"": ""返回明确失败原因且不部分提交""}"
ACC-R3-0385,USR-SCN-032,,BR-EXPLORE-0015,CT-R3-0385,P6,SPECIFIED,EXPECTED_NOT_EXECUTED,EVID-SPEC-0385,校验并生成candidate,"{""outcome"": ""SUCCESS_OR_RULE_DEFINED_REJECTION"", ""description"": ""动作“校验并生成candidate”完成并形成可追溯结果。"", ""failure_description"": ""返回明确失败原因且不部分提交""}"
ACC-R3-0386,USR-SCN-032,,BR-EXPLORE-0016,CT-R3-0386,P6,SPECIFIED,EXPECTED_NOT_EXECUTED,EVID-SPEC-0386,USER确认后写入结构化草稿,"{""outcome"": ""SUCCESS_OR_RULE_DEFINED_REJECTION"", ""description"": ""动作“USER确认后写入结构化草稿”完成并形成可追溯结果。"", ""failure_description"": ""返回明确失败原因且不部分提交""}"
ACC-R3-0387,USR-SCN-032,,BR-EXPLORE-0017,CT-R3-0387,P2,SPECIFIED,EXPECTED_NOT_EXECUTED,EVID-SPEC-0387,发起AI探索页面,"{""outcome"": ""SUCCESS_OR_RULE_DEFINED_REJECTION"", ""description"": ""ROLE-CASE-DESIGNER发起“AI探索页面”前必须具备对应菜单、操作或服务授权；系统主体只按自身服务身份执行；越权时拒绝且不产生业务写入。"", ""failure_description"": ""返回无权限或超范围结果，业务副作用为零。""}"
ACC-R3-0388,USR-SCN-032,,BR-EXPLORE-0018,CT-R3-0388,P8,SPECIFIED,EXPECTED_NOT_EXECUTED,EVID-SPEC-0388,发起AI探索页面,"{""outcome"": ""SUCCESS_OR_RULE_DEFINED_REJECTION"", ""description"": ""在“AI探索页面”中，前置条件必须满足：环境、终端、账号和模型有效。"", ""failure_description"": ""前置条件不满足时拒绝进入主流程且业务副作用为零。""}"
ACC-R3-0389,USR-SCN-032,,BR-EXPLORE-0019,CT-R3-0389,P8,SPECIFIED,EXPECTED_NOT_EXECUTED,EVID-SPEC-0389,发起AI探索页面,"{""outcome"": ""SUCCESS_OR_RULE_DEFINED_REJECTION"", ""description"": ""存在匹配且绑定项目的Runner"", ""failure_description"": ""前置条件不满足时拒绝进入主流程且业务副作用为零。""}"
ACC-R3-0390,USR-SCN-032,,BR-EXPLORE-0020,CT-R3-0390,P8,SPECIFIED,EXPECTED_NOT_EXECUTED,EVID-SPEC-0390,发起AI探索页面,"{""outcome"": ""SUCCESS_OR_RULE_DEFINED_REJECTION"", ""description"": ""在“AI探索页面”中，前置条件必须满足：发起人有AI探索及相关数据范围。"", ""failure_description"": ""前置条件不满足时拒绝进入主流程且业务副作用为零。""}"
ACC-R3-0391,USR-SCN-032|USR-SCN-071,,BR-EXPLORE-0021,CT-R3-0391,P6,SPECIFIED,EXPECTED_NOT_EXECUTED,EVID-SPEC-0391,保留外部副作用与失败原因，创建新的补偿、恢复或重试记录；不得改写旧执行记录。,"{""outcome"": ""SUCCESS_OR_RULE_DEFINED_REJECTION"", ""description"": ""保留外部副作用与失败原因，创建新的补偿、恢复或重试记录；不得改写旧执行记录。"", ""failure_description"": ""返回明确失败原因且不部分提交""}"
ACC-R3-0392,USR-SCN-032,,BR-EXPLORE-0022,CT-R3-0392,P6,SPECIFIED,EXPECTED_NOT_EXECUTED,EVID-SPEC-0392,从合法checkpoint创建恢复链；配置变化时重新创建任务,"{""outcome"": ""SUCCESS_OR_RULE_DEFINED_REJECTION"", ""description"": ""从合法checkpoint创建恢复链；配置变化时重新创建任务"", ""failure_description"": ""返回明确失败原因且不部分提交""}"
ACC-R3-0393,USR-SCN-032|USR-SCN-071,,BR-EXPLORE-0023,CT-R3-0393,P8,SPECIFIED,EXPECTED_NOT_EXECUTED,EVID-SPEC-0393,执行规则对应动作,"{""outcome"": ""SUCCESS_OR_RULE_DEFINED_REJECTION"", ""description"": ""平台存储/审计：REQUIRED；predicate=TRUE; 平台存储/审计不可用时不得执行对应业务副作用；进入明确的PRESTART_BLOCKED、WAITING_RESOURCE或场景失败结果，并记录资源原因。"", ""failure_description"": ""资源条件不满足时不得执行对应业务副作用；进入明确等待、阻断或失败结果。""}"
ACC-R3-0394,USR-SCN-032,,BR-EXPLORE-0024,CT-R3-0394,P5,SPECIFIED,EXPECTED_NOT_EXECUTED,EVID-SPEC-0394,执行规则对应动作,"{""outcome"": ""SUCCESS_OR_RULE_DEFINED_REJECTION"", ""description"": ""Runner节点：REQUIRED；predicate=TRUE; Runner节点不可用时不得执行对应业务副作用；进入明确的PRESTART_BLOCKED、WAITING_RESOURCE或场景失败结果，并记录资源原因。"", ""failure_description"": ""资源条件不满足时不得执行对应业务副作用；进入明确等待、阻断或失败结果。""}"
ACC-R3-0395,USR-SCN-032|USR-SCN-071,,BR-EXPLORE-0025,CT-R3-0395,P6,SPECIFIED,EXPECTED_NOT_EXECUTED,EVID-SPEC-0395,执行规则对应动作,"{""outcome"": ""SUCCESS_OR_RULE_DEFINED_REJECTION"", ""description"": ""AI模型：REQUIRED；predicate=TRUE; AI模型不可用时不得执行对应业务副作用；进入明确的PRESTART_BLOCKED、WAITING_RESOURCE或场景失败结果，并记录资源原因。"", ""failure_description"": ""资源条件不满足时不得执行对应业务副作用；进入明确等待、阻断或失败结果。""}"
ACC-R3-0396,USR-SCN-032,,BR-EXPLORE-0026,CT-R3-0396,P8,SPECIFIED,EXPECTED_NOT_EXECUTED,EVID-SPEC-0396,执行规则对应动作,"{""outcome"": ""SUCCESS_OR_RULE_DEFINED_REJECTION"", ""description"": ""被测环境：REQUIRED；predicate=TRUE; 被测环境不可用时不得执行对应业务副作用；进入明确的PRESTART_BLOCKED、WAITING_RESOURCE或场景失败结果，并记录资源原因。"", ""failure_description"": ""资源条件不满足时不得执行对应业务副作用；进入明确等待、阻断或失败结果。""}"
ACC-R3-0397,USR-SCN-032,,BR-EXPLORE-0027,CT-R3-0397,P4,SPECIFIED,EXPECTED_NOT_EXECUTED,EVID-SPEC-0397,发起AI探索页面,"{""outcome"": ""SUCCESS_OR_RULE_DEFINED_REJECTION"", ""description"": ""ai_task: CREATED→QUEUED→RUNNING→WAITING_CONFIRMATION→SUCCEEDED/FAILED/CANCELLED"", ""failure_description"": ""返回明确失败原因且不部分提交""}"
ACC-R3-0398,USR-SCN-032,,BR-EXPLORE-0028,CT-R3-0398,P8,SPECIFIED,EXPECTED_NOT_EXECUTED,EVID-SPEC-0398,发起AI探索页面,"{""outcome"": ""SUCCESS_OR_RULE_DEFINED_REJECTION"", ""description"": ""浏览器证据完整、candidate合法且未直接发布为正式事实"", ""failure_description"": ""返回明确失败原因且不部分提交""}"
ACC-R3-0399,USR-SCN-032,,BR-EXPLORE-0029,CT-R3-0399,P6,SPECIFIED,EXPECTED_NOT_EXECUTED,EVID-SPEC-0399,先执行场景门禁，再进入首个业务副作用。,"{""outcome"": ""SUCCESS_OR_RULE_DEFINED_REJECTION"", ""description"": ""当“发起AI探索页面”发生时，ROLE-CASE-DESIGNER可以发起“AI探索页面”；发起后必须先完成本场景前置、权限、范围、资源和并发门禁。"", ""failure_description"": ""门禁不通过时不得产生业务副作用。""}"
ACC-R3-0400,,INV-BR-GLOBAL-0001,BR-GLOBAL-0001,CT-R3-0400,P4,SPECIFIED,EXPECTED_NOT_EXECUTED,EVID-SPEC-0400,执行规则对应动作,"{""outcome"": ""SUCCESS_OR_RULE_DEFINED_REJECTION"", ""description"": ""架构决策记录状态受独立状态维度和状态机约束，不得与其他状态维度合并或绕过Owner服务直接改写。"", ""failure_description"": ""请求被拒绝且状态、数据库和事件均不发生非预期变化""}"
ACC-R3-0401,,INV-BR-GLOBAL-0002,BR-GLOBAL-0002,CT-R3-0401,P8,SPECIFIED,EXPECTED_NOT_EXECUTED,EVID-SPEC-0401,执行规则对应动作,"{""outcome"": ""SUCCESS_OR_RULE_DEFINED_REJECTION"", ""description"": ""架构决策记录状态是封闭枚举；正式写入值只能使用：PROPOSED、ACCEPTED_PENDING_BASELINE、INCORPORATED、SUPERSEDED。"", ""failure_description"": ""非标准值不得写入；外部值必须先完成显式映射。""}"
ACC-R3-0402,,INV-BR-GLOBAL-0003,BR-GLOBAL-0003,CT-R3-0402,P4,SPECIFIED,EXPECTED_NOT_EXECUTED,EVID-SPEC-0402,执行规则对应动作,"{""outcome"": ""SUCCESS_OR_RULE_DEFINED_REJECTION"", ""description"": ""不可变修订状态受独立状态维度和状态机约束，不得与其他状态维度合并或绕过Owner服务直接改写。"", ""failure_description"": ""请求被拒绝且状态、数据库和事件均不发生非预期变化""}"
ACC-R3-0403,,INV-BR-GLOBAL-0004,BR-GLOBAL-0004,CT-R3-0403,P8,SPECIFIED,EXPECTED_NOT_EXECUTED,EVID-SPEC-0403,执行规则对应动作,"{""outcome"": ""SUCCESS_OR_RULE_DEFINED_REJECTION"", ""description"": ""不可变修订状态是封闭枚举；正式写入值只能使用：DRAFT、PUBLISHED、RETIRED、ARCHIVED。"", ""failure_description"": ""非标准值不得写入；外部值必须先完成显式映射。""}"
ACC-R3-0404,,INV-BR-GLOBAL-0005,BR-GLOBAL-0005,CT-R3-0404,P8,SPECIFIED,EXPECTED_NOT_EXECUTED,EVID-SPEC-0404,执行规则对应动作,"{""outcome"": ""SUCCESS_OR_RULE_DEFINED_REJECTION"", ""description"": ""通用启停状态是封闭枚举；正式写入值只能使用：ENABLED、DISABLED。"", ""failure_description"": ""非标准值不得写入；外部值必须先完成显式映射。""}"
ACC-R3-0405,,INV-BR-GLOBAL-0006,BR-GLOBAL-0006,CT-R3-0405,P8,SPECIFIED,EXPECTED_NOT_EXECUTED,EVID-SPEC-0405,执行规则对应动作,"{""outcome"": ""SUCCESS_OR_RULE_DEFINED_REJECTION"", ""description"": ""数据来源类型是封闭枚举；正式写入值只能使用：USER_INPUT、SYSTEM_GENERATED、DERIVED、RUNNER_REPORTED、AI_GENERATED、EXTERNAL_SYSTEM、UI_OBSERVED、IMPORTED、CONFIGURED、SNAPSHOT。"", ""failure_description"": ""非标准值不得写入；外部值必须先完成显式映射。""}"
ACC-R3-0406,,INV-BR-GLOBAL-0007,BR-GLOBAL-0007,CT-R3-0406,P3,SPECIFIED,EXPECTED_NOT_EXECUTED,EVID-SPEC-0406,执行规则对应动作,"{""outcome"": ""SUCCESS_OR_RULE_DEFINED_REJECTION"", ""description"": ""内置admin用户只能通过用户聚合边界变更。"", ""failure_description"": ""返回明确失败原因且不部分提交""}"
ACC-R3-0407,,INV-BR-GLOBAL-0008,BR-GLOBAL-0008,CT-R3-0407,P3,SPECIFIED,EXPECTED_NOT_EXECUTED,EVID-SPEC-0407,执行规则对应动作,"{""outcome"": ""SUCCESS_OR_RULE_DEFINED_REJECTION"", ""description"": ""角色绑定只能通过用户聚合边界变更。"", ""failure_description"": ""返回明确失败原因且不部分提交""}"
ACC-R3-0408,,INV-BR-GLOBAL-0009,BR-GLOBAL-0009,CT-R3-0408,P3,SPECIFIED,EXPECTED_NOT_EXECUTED,EVID-SPEC-0408,执行规则对应动作,"{""outcome"": ""SUCCESS_OR_RULE_DEFINED_REJECTION"", ""description"": ""禁止绕过用户聚合根直接修改成员对象。"", ""failure_description"": ""请求被拒绝且状态、数据库和事件均不发生非预期变化""}"
ACC-R3-0409,,INV-BR-GLOBAL-0010,BR-GLOBAL-0010,CT-R3-0409,P3,SPECIFIED,EXPECTED_NOT_EXECUTED,EVID-SPEC-0409,执行规则对应动作,"{""outcome"": ""SUCCESS_OR_RULE_DEFINED_REJECTION"", ""description"": ""禁止跨聚合事务直接修改外部对象内部状态。"", ""failure_description"": ""请求被拒绝且状态、数据库和事件均不发生非预期变化""}"
ACC-R3-0410,,INV-BR-GLOBAL-0011,BR-GLOBAL-0011,CT-R3-0410,P3,SPECIFIED,EXPECTED_NOT_EXECUTED,EVID-SPEC-0410,仅通过用户聚合根执行需要强一致的创建、状态和成员变更；跨聚合只保存标识引用。,"{""outcome"": ""SUCCESS_OR_RULE_DEFINED_REJECTION"", ""description"": ""仅通过用户聚合根执行需要强一致的创建、状态和成员变更；跨聚合只保存标识引用。"", ""failure_description"": ""返回明确失败原因且不部分提交""}"
ACC-R3-0411,,INV-BR-GLOBAL-0012,BR-GLOBAL-0012,CT-R3-0411,P3,SPECIFIED,EXPECTED_NOT_EXECUTED,EVID-SPEC-0411,执行规则对应动作,"{""outcome"": ""SUCCESS_OR_RULE_DEFINED_REJECTION"", ""description"": ""SUPER_ADMIN角色只能通过角色聚合边界变更。"", ""failure_description"": ""返回明确失败原因且不部分提交""}"
ACC-R3-0412,,INV-BR-GLOBAL-0013,BR-GLOBAL-0013,CT-R3-0412,P3,SPECIFIED,EXPECTED_NOT_EXECUTED,EVID-SPEC-0412,执行规则对应动作,"{""outcome"": ""SUCCESS_OR_RULE_DEFINED_REJECTION"", ""description"": ""权限点只能通过角色聚合边界变更。"", ""failure_description"": ""返回明确失败原因且不部分提交""}"
ACC-R3-0413,,INV-BR-GLOBAL-0014,BR-GLOBAL-0014,CT-R3-0413,P3,SPECIFIED,EXPECTED_NOT_EXECUTED,EVID-SPEC-0413,执行规则对应动作,"{""outcome"": ""SUCCESS_OR_RULE_DEFINED_REJECTION"", ""description"": ""数据范围只能通过角色聚合边界变更。"", ""failure_description"": ""返回明确失败原因且不部分提交""}"
ACC-R3-0414,,INV-BR-GLOBAL-0015,BR-GLOBAL-0015,CT-R3-0414,P3,SPECIFIED,EXPECTED_NOT_EXECUTED,EVID-SPEC-0414,执行规则对应动作,"{""outcome"": ""SUCCESS_OR_RULE_DEFINED_REJECTION"", ""description"": ""角色授予权限点引用，不复制权限代码。"", ""failure_description"": ""返回明确失败原因且不部分提交""}"
ACC-R3-0415,,INV-BR-GLOBAL-0016,BR-GLOBAL-0016,CT-R3-0415,P3,SPECIFIED,EXPECTED_NOT_EXECUTED,EVID-SPEC-0415,执行规则对应动作,"{""outcome"": ""SUCCESS_OR_RULE_DEFINED_REJECTION"", ""description"": ""禁止绕过角色聚合根直接修改成员对象。"", ""failure_description"": ""请求被拒绝且状态、数据库和事件均不发生非预期变化""}"
ACC-R3-0416,,INV-BR-GLOBAL-0017,BR-GLOBAL-0017,CT-R3-0416,P3,SPECIFIED,EXPECTED_NOT_EXECUTED,EVID-SPEC-0416,仅通过角色聚合根执行需要强一致的创建、状态和成员变更；跨聚合只保存标识引用。,"{""outcome"": ""SUCCESS_OR_RULE_DEFINED_REJECTION"", ""description"": ""仅通过角色聚合根执行需要强一致的创建、状态和成员变更；跨聚合只保存标识引用。"", ""failure_description"": ""返回明确失败原因且不部分提交""}"
ACC-R3-0417,,INV-BR-GLOBAL-0018,BR-GLOBAL-0018,CT-R3-0417,P3,SPECIFIED,EXPECTED_NOT_EXECUTED,EVID-SPEC-0417,用户的业务唯一键“username”必须在“由对象定义和关联项目/环境范围共同决定”范围内唯一且不可变。,"{""outcome"": ""SUCCESS_OR_RULE_DEFINED_REJECTION"", ""description"": ""用户的业务唯一键“username”必须在“由对象定义和关联项目/环境范围共同决定”范围内唯一且不可变。"", ""failure_description"": ""返回明确失败原因且不部分提交""}"
ACC-R3-0418,,INV-BR-GLOBAL-0019,BR-GLOBAL-0019,CT-R3-0418,P3,SPECIFIED,EXPECTED_NOT_EXECUTED,EVID-SPEC-0418,内置admin用户的业务唯一键“username=admin”必须在“由对象定义和关联项目/环境范围共同决定”范围内唯一。,"{""outcome"": ""SUCCESS_OR_RULE_DEFINED_REJECTION"", ""description"": ""内置admin用户的业务唯一键“username=admin”必须在“由对象定义和关联项目/环境范围共同决定”范围内唯一。"", ""failure_description"": ""返回明确失败原因且不部分提交""}"
ACC-R3-0419,,INV-BR-GLOBAL-0020,BR-GLOBAL-0020,CT-R3-0419,P3,SPECIFIED,EXPECTED_NOT_EXECUTED,EVID-SPEC-0419,角色的业务唯一键“role_code”必须在“由对象定义和关联项目/环境范围共同决定”范围内唯一且不可变。,"{""outcome"": ""SUCCESS_OR_RULE_DEFINED_REJECTION"", ""description"": ""角色的业务唯一键“role_code”必须在“由对象定义和关联项目/环境范围共同决定”范围内唯一且不可变。"", ""failure_description"": ""返回明确失败原因且不部分提交""}"
ACC-R3-0420,,INV-BR-GLOBAL-0021,BR-GLOBAL-0021,CT-R3-0420,P3,SPECIFIED,EXPECTED_NOT_EXECUTED,EVID-SPEC-0420,SUPER_ADMIN角色的业务唯一键“role_code=SUPER_ADMIN”必须在“由对象定义和关联项目/环境范围共同决定”范围内唯一。,"{""outcome"": ""SUCCESS_OR_RULE_DEFINED_REJECTION"", ""description"": ""SUPER_ADMIN角色的业务唯一键“role_code=SUPER_ADMIN”必须在“由对象定义和关联项目/环境范围共同决定”范围内唯一。"", ""failure_description"": ""返回明确失败原因且不部分提交""}"
ACC-R3-0421,,INV-BR-GLOBAL-0022,BR-GLOBAL-0022,CT-R3-0421,P3,SPECIFIED,EXPECTED_NOT_EXECUTED,EVID-SPEC-0421,权限点的业务唯一键“permission_code”必须在“由对象定义和关联项目/环境范围共同决定”范围内唯一且不可变。,"{""outcome"": ""SUCCESS_OR_RULE_DEFINED_REJECTION"", ""description"": ""权限点的业务唯一键“permission_code”必须在“由对象定义和关联项目/环境范围共同决定”范围内唯一且不可变。"", ""failure_description"": ""返回明确失败原因且不部分提交""}"
ACC-R3-0422,,INV-BR-GLOBAL-0023,BR-GLOBAL-0023,CT-R3-0422,P3,SPECIFIED,EXPECTED_NOT_EXECUTED,EVID-SPEC-0422,数据范围的业务唯一键“data_scope”必须在“由对象定义和关联项目/环境范围共同决定”范围内唯一。,"{""outcome"": ""SUCCESS_OR_RULE_DEFINED_REJECTION"", ""description"": ""数据范围的业务唯一键“data_scope”必须在“由对象定义和关联项目/环境范围共同决定”范围内唯一。"", ""failure_description"": ""返回明确失败原因且不部分提交""}"
ACC-R3-0423,,INV-BR-GLOBAL-0024,BR-GLOBAL-0024,CT-R3-0423,P3,SPECIFIED,EXPECTED_NOT_EXECUTED,EVID-SPEC-0423,项目成员的业务唯一键“project_id+user_id”必须在“由对象定义和关联项目/环境范围共同决定”范围内唯一。,"{""outcome"": ""SUCCESS_OR_RULE_DEFINED_REJECTION"", ""description"": ""项目成员的业务唯一键“project_id+user_id”必须在“由对象定义和关联项目/环境范围共同决定”范围内唯一。"", ""failure_description"": ""返回明确失败原因且不部分提交""}"
ACC-R3-0424,,INV-BR-GLOBAL-0025,BR-GLOBAL-0025,CT-R3-0424,P3,SPECIFIED,EXPECTED_NOT_EXECUTED,EVID-SPEC-0424,角色绑定的业务唯一键“subject_id+role_id+effective_at”必须在“由对象定义和关联项目/环境范围共同决定”范围内唯一。,"{""outcome"": ""SUCCESS_OR_RULE_DEFINED_REJECTION"", ""description"": ""角色绑定的业务唯一键“subject_id+role_id+effective_at”必须在“由对象定义和关联项目/环境范围共同决定”范围内唯一。"", ""failure_description"": ""返回明确失败原因且不部分提交""}"
ACC-R3-0425,,INV-BR-GLOBAL-0026,BR-GLOBAL-0026,CT-R3-0425,P8,SPECIFIED,EXPECTED_NOT_EXECUTED,EVID-SPEC-0425,执行规则对应动作,"{""outcome"": ""SUCCESS_OR_RULE_DEFINED_REJECTION"", ""description"": ""角色角色级别是封闭枚举；正式写入值只能使用：PLATFORM、PROJECT。"", ""failure_description"": ""非标准值不得写入；外部值必须先完成显式映射。""}"
ACC-R3-0426,,INV-BR-GLOBAL-0027,BR-GLOBAL-0027,CT-R3-0426,P8,SPECIFIED,EXPECTED_NOT_EXECUTED,EVID-SPEC-0426,执行规则对应动作,"{""outcome"": ""SUCCESS_OR_RULE_DEFINED_REJECTION"", ""description"": ""权限点资源类型是封闭枚举；正式写入值只能使用：API、MENU、BUTTON、RESOURCE、DUTY。"", ""failure_description"": ""非标准值不得写入；外部值必须先完成显式映射。""}"
ACC-R3-0427,,INV-BR-GLOBAL-0028,BR-GLOBAL-0028,CT-R3-0427,P8,SPECIFIED,EXPECTED_NOT_EXECUTED,EVID-SPEC-0427,执行规则对应动作,"{""outcome"": ""SUCCESS_OR_RULE_DEFINED_REJECTION"", ""description"": ""数据范围范围类型是封闭枚举；正式写入值只能使用：PLATFORM、PROJECT、SELF、AUTHORIZED_SET。"", ""failure_description"": ""非标准值不得写入；外部值必须先完成显式映射。""}"
ACC-R3-0428,,INV-BR-GLOBAL-0029,BR-GLOBAL-0029,CT-R3-0428,P4,SPECIFIED,EXPECTED_NOT_EXECUTED,EVID-SPEC-0428,归档后禁止新写入，保留历史查询和引用完整性。,"{""outcome"": ""SUCCESS_OR_RULE_DEFINED_REJECTION"", ""description"": ""归档后禁止新写入，保留历史查询和引用完整性。"", ""failure_description"": ""返回明确失败原因且不部分提交""}"
ACC-R3-0429,,INV-BR-GLOBAL-0030,BR-GLOBAL-0030,CT-R3-0429,P4,SPECIFIED,EXPECTED_NOT_EXECUTED,EVID-SPEC-0429,存在有效引用时禁止物理删除；先停用或归档，清理由受控请求执行。,"{""outcome"": ""SUCCESS_OR_RULE_DEFINED_REJECTION"", ""description"": ""存在有效引用时禁止物理删除；先停用或归档，清理由受控请求执行。"", ""failure_description"": ""请求被拒绝且状态、数据库和事件均不发生非预期变化""}"
ACC-R3-0430,,INV-BR-GLOBAL-0031,BR-GLOBAL-0031,CT-R3-0430,P3,SPECIFIED,EXPECTED_NOT_EXECUTED,EVID-SPEC-0430,使用稳定内部标识user_id；业务唯一键见business_unique_keys。,"{""outcome"": ""SUCCESS_OR_RULE_DEFINED_REJECTION"", ""description"": ""使用稳定内部标识user_id；业务唯一键见business_unique_keys。"", ""failure_description"": ""返回明确失败原因且不部分提交""}"
ACC-R3-0431,,INV-BR-GLOBAL-0032,BR-GLOBAL-0032,CT-R3-0431,P4,SPECIFIED,EXPECTED_NOT_EXECUTED,EVID-SPEC-0431,创建→启用/维护→停用→归档；被引用时不得直接物理删除。,"{""outcome"": ""SUCCESS_OR_RULE_DEFINED_REJECTION"", ""description"": ""创建→启用/维护→停用→归档；被引用时不得直接物理删除。"", ""failure_description"": ""返回明确失败原因且不部分提交""}"
ACC-R3-0432,,INV-BR-GLOBAL-0033,BR-GLOBAL-0033,CT-R3-0432,P4,SPECIFIED,EXPECTED_NOT_EXECUTED,EVID-SPEC-0432,禁止删除。,"{""outcome"": ""SUCCESS_OR_RULE_DEFINED_REJECTION"", ""description"": ""禁止删除。"", ""failure_description"": ""请求被拒绝且状态、数据库和事件均不发生非预期变化""}"
ACC-R3-0433,,INV-BR-GLOBAL-0034,BR-GLOBAL-0034,CT-R3-0433,P3,SPECIFIED,EXPECTED_NOT_EXECUTED,EVID-SPEC-0433,固定username=admin，并与用户实体共享身份规则。,"{""outcome"": ""SUCCESS_OR_RULE_DEFINED_REJECTION"", ""description"": ""固定username=admin，并与用户实体共享身份规则。"", ""failure_description"": ""返回明确失败原因且不部分提交""}"
ACC-R3-0434,,INV-BR-GLOBAL-0035,BR-GLOBAL-0035,CT-R3-0434,P4,SPECIFIED,EXPECTED_NOT_EXECUTED,EVID-SPEC-0434,系统首次初始化创建，永久存在，不可删除。,"{""outcome"": ""SUCCESS_OR_RULE_DEFINED_REJECTION"", ""description"": ""系统首次初始化创建，永久存在，不可删除。"", ""failure_description"": ""返回明确失败原因且不部分提交""}"
ACC-R3-0435,,INV-BR-GLOBAL-0036,BR-GLOBAL-0036,CT-R3-0435,P3,SPECIFIED,EXPECTED_NOT_EXECUTED,EVID-SPEC-0435,使用稳定内部标识role_id；业务唯一键见business_unique_keys。,"{""outcome"": ""SUCCESS_OR_RULE_DEFINED_REJECTION"", ""description"": ""使用稳定内部标识role_id；业务唯一键见business_unique_keys。"", ""failure_description"": ""返回明确失败原因且不部分提交""}"
ACC-R3-0436,,INV-BR-GLOBAL-0037,BR-GLOBAL-0037,CT-R3-0436,P3,SPECIFIED,EXPECTED_NOT_EXECUTED,EVID-SPEC-0436,固定role_code=SUPER_ADMIN，并与角色实体共享身份规则。,"{""outcome"": ""SUCCESS_OR_RULE_DEFINED_REJECTION"", ""description"": ""固定role_code=SUPER_ADMIN，并与角色实体共享身份规则。"", ""failure_description"": ""返回明确失败原因且不部分提交""}"
ACC-R3-0437,,INV-BR-GLOBAL-0038,BR-GLOBAL-0038,CT-R3-0437,P4,SPECIFIED,EXPECTED_NOT_EXECUTED,EVID-SPEC-0437,系统初始化存在；作为预置角色治理，不可与admin用户名混淆。,"{""outcome"": ""SUCCESS_OR_RULE_DEFINED_REJECTION"", ""description"": ""系统初始化存在；作为预置角色治理，不可与admin用户名混淆。"", ""failure_description"": ""返回明确失败原因且不部分提交""}"
ACC-R3-0438,,INV-BR-GLOBAL-0039,BR-GLOBAL-0039,CT-R3-0438,P3,SPECIFIED,EXPECTED_NOT_EXECUTED,EVID-SPEC-0438,使用稳定内部标识permission_code_id；业务唯一键见business_unique_keys。,"{""outcome"": ""SUCCESS_OR_RULE_DEFINED_REJECTION"", ""description"": ""使用稳定内部标识permission_code_id；业务唯一键见business_unique_keys。"", ""failure_description"": ""返回明确失败原因且不部分提交""}"
ACC-R3-0439,,INV-BR-GLOBAL-0040,BR-GLOBAL-0040,CT-R3-0439,P4,SPECIFIED,EXPECTED_NOT_EXECUTED,EVID-SPEC-0439,不单独归档；随引用方或事件存储策略处理。,"{""outcome"": ""SUCCESS_OR_RULE_DEFINED_REJECTION"", ""description"": ""不单独归档；随引用方或事件存储策略处理。"", ""failure_description"": ""返回明确失败原因且不部分提交""}"
ACC-R3-0440,,INV-BR-GLOBAL-0041,BR-GLOBAL-0041,CT-R3-0440,P3,SPECIFIED,EXPECTED_NOT_EXECUTED,EVID-SPEC-0440,由全部规范化属性共同确定值身份，不分配独立业务身份。,"{""outcome"": ""SUCCESS_OR_RULE_DEFINED_REJECTION"", ""description"": ""由全部规范化属性共同确定值身份，不分配独立业务身份。"", ""failure_description"": ""返回明确失败原因且不部分提交""}"
ACC-R3-0441,,INV-BR-GLOBAL-0042,BR-GLOBAL-0042,CT-R3-0441,P4,SPECIFIED,EXPECTED_NOT_EXECUTED,EVID-SPEC-0441,无独立业务生命周期；随定义、配置或引用方演进。,"{""outcome"": ""SUCCESS_OR_RULE_DEFINED_REJECTION"", ""description"": ""无独立业务生命周期；随定义、配置或引用方演进。"", ""failure_description"": ""返回明确失败原因且不部分提交""}"
ACC-R3-0442,,INV-BR-GLOBAL-0043,BR-GLOBAL-0043,CT-R3-0442,P3,SPECIFIED,EXPECTED_NOT_EXECUTED,EVID-SPEC-0442,由关系两端标识、作用域与生效版本共同唯一确定；保留独立历史ID。,"{""outcome"": ""SUCCESS_OR_RULE_DEFINED_REJECTION"", ""description"": ""由关系两端标识、作用域与生效版本共同唯一确定；保留独立历史ID。"", ""failure_description"": ""返回明确失败原因且不部分提交""}"
ACC-R3-0443,,INV-BR-GLOBAL-0044,BR-GLOBAL-0044,CT-R3-0443,P4,SPECIFIED,EXPECTED_NOT_EXECUTED,EVID-SPEC-0443,撤销后不得处理新审核，历史决定永久保留,"{""outcome"": ""SUCCESS_OR_RULE_DEFINED_REJECTION"", ""description"": ""撤销后不得处理新审核，历史决定永久保留"", ""failure_description"": ""返回明确失败原因且不部分提交""}"
ACC-R3-0444,,INV-BR-GLOBAL-0045,BR-GLOBAL-0045,CT-R3-0444,P1,SPECIFIED,EXPECTED_NOT_EXECUTED,EVID-SPEC-0444,执行规则对应动作,"{""outcome"": ""SUCCESS_OR_RULE_DEFINED_REJECTION"", ""description"": ""用例与资产版本审核人员执行高风险操作“正式版本发布、停用、归档”时必须满足独立权限和审计要求。"", ""failure_description"": ""返回明确失败原因且不部分提交""}"
ACC-R3-0445,,INV-BR-GLOBAL-0046,BR-GLOBAL-0046,CT-R3-0445,P4,SPECIFIED,EXPECTED_NOT_EXECUTED,EVID-SPEC-0445,撤销角色绑定或项目范围,"{""outcome"": ""SUCCESS_OR_RULE_DEFINED_REJECTION"", ""description"": ""撤销角色绑定或项目范围"", ""failure_description"": ""返回明确失败原因且不部分提交""}"
ACC-R3-0446,,INV-BR-GLOBAL-0047,BR-GLOBAL-0047,CT-R3-0446,P1,SPECIFIED,EXPECTED_NOT_EXECUTED,EVID-SPEC-0446,执行规则对应动作,"{""outcome"": ""SUCCESS_OR_RULE_DEFINED_REJECTION"", ""description"": ""用例设计人员执行高风险操作“启动人工录制”时必须满足独立权限和审计要求。"", ""failure_description"": ""返回明确失败原因且不部分提交""}"
ACC-R3-0447,,INV-BR-GLOBAL-0048,BR-GLOBAL-0048,CT-R3-0447,P1,SPECIFIED,EXPECTED_NOT_EXECUTED,EVID-SPEC-0447,执行规则对应动作,"{""outcome"": ""SUCCESS_OR_RULE_DEFINED_REJECTION"", ""description"": ""用例设计人员执行高风险操作“发起AI探索”时必须满足独立权限和审计要求。"", ""failure_description"": ""返回明确失败原因且不部分提交""}"
ACC-R3-0448,,INV-BR-GLOBAL-0049,BR-GLOBAL-0049,CT-R3-0448,P1,SPECIFIED,EXPECTED_NOT_EXECUTED,EVID-SPEC-0448,执行规则对应动作,"{""outcome"": ""SUCCESS_OR_RULE_DEFINED_REJECTION"", ""description"": ""用例设计人员执行高风险操作“提交版本审核”时必须满足独立权限和审计要求。"", ""failure_description"": ""返回明确失败原因且不部分提交""}"
ACC-R3-0449,,INV-BR-GLOBAL-0050,BR-GLOBAL-0050,CT-R3-0449,P4,SPECIFIED,EXPECTED_NOT_EXECUTED,EVID-SPEC-0449,撤销后停止新配置操作，历史版本与审计保留,"{""outcome"": ""SUCCESS_OR_RULE_DEFINED_REJECTION"", ""description"": ""撤销后停止新配置操作，历史版本与审计保留"", ""failure_description"": ""返回明确失败原因且不部分提交""}"
ACC-R3-0450,,INV-BR-GLOBAL-0051,BR-GLOBAL-0051,CT-R3-0450,P1,SPECIFIED,EXPECTED_NOT_EXECUTED,EVID-SPEC-0450,执行规则对应动作,"{""outcome"": ""SUCCESS_OR_RULE_DEFINED_REJECTION"", ""description"": ""模型管理员执行高风险操作“供应商/模型/路由/Prompt/凭证变更”时必须满足独立权限和审计要求。"", ""failure_description"": ""返回明确失败原因且不部分提交""}"
ACC-R3-0451,,INV-BR-GLOBAL-0052,BR-GLOBAL-0052,CT-R3-0451,P4,SPECIFIED,EXPECTED_NOT_EXECUTED,EVID-SPEC-0451,撤销后不得处理新审核，历史决定保留,"{""outcome"": ""SUCCESS_OR_RULE_DEFINED_REJECTION"", ""description"": ""撤销后不得处理新审核，历史决定保留"", ""failure_description"": ""返回明确失败原因且不部分提交""}"
ACC-R3-0452,,INV-BR-GLOBAL-0053,BR-GLOBAL-0053,CT-R3-0452,P1,SPECIFIED,EXPECTED_NOT_EXECUTED,EVID-SPEC-0452,执行规则对应动作,"{""outcome"": ""SUCCESS_OR_RULE_DEFINED_REJECTION"", ""description"": ""模型版本审核人员执行高风险操作“模型配置、路由、Prompt正式发布/停用/归档”时必须满足独立权限和审计要求。"", ""failure_description"": ""返回明确失败原因且不部分提交""}"
ACC-R3-0453,,INV-BR-GLOBAL-0054,BR-GLOBAL-0054,CT-R3-0453,P4,SPECIFIED,EXPECTED_NOT_EXECUTED,EVID-SPEC-0453,停用/归档角色或结束角色绑定；保留历史授权快照,"{""outcome"": ""SUCCESS_OR_RULE_DEFINED_REJECTION"", ""description"": ""停用/归档角色或结束角色绑定；保留历史授权快照"", ""failure_description"": ""返回明确失败原因且不部分提交""}"
ACC-R3-0454,,INV-BR-GLOBAL-0055,BR-GLOBAL-0055,CT-R3-0454,P1,SPECIFIED,EXPECTED_NOT_EXECUTED,EVID-SPEC-0454,执行规则对应动作,"{""outcome"": ""SUCCESS_OR_RULE_DEFINED_REJECTION"", ""description"": ""平台管理员执行高风险操作“跨项目授权”时必须满足独立权限和审计要求。"", ""failure_description"": ""返回明确失败原因且不部分提交""}"
ACC-R3-0455,,INV-BR-GLOBAL-0056,BR-GLOBAL-0056,CT-R3-0455,P1,SPECIFIED,EXPECTED_NOT_EXECUTED,EVID-SPEC-0455,执行规则对应动作,"{""outcome"": ""SUCCESS_OR_RULE_DEFINED_REJECTION"", ""description"": ""平台管理员执行高风险操作“Runner绑定/升级”时必须满足独立权限和审计要求。"", ""failure_description"": ""返回明确失败原因且不部分提交""}"
ACC-R3-0456,,INV-BR-GLOBAL-0057,BR-GLOBAL-0057,CT-R3-0456,P1,SPECIFIED,EXPECTED_NOT_EXECUTED,EVID-SPEC-0456,执行规则对应动作,"{""outcome"": ""SUCCESS_OR_RULE_DEFINED_REJECTION"", ""description"": ""平台管理员执行高风险操作“模型和系统配置发布”时必须满足独立权限和审计要求。"", ""failure_description"": ""返回明确失败原因且不部分提交""}"
ACC-R3-0457,,INV-BR-GLOBAL-0058,BR-GLOBAL-0058,CT-R3-0457,P4,SPECIFIED,EXPECTED_NOT_EXECUTED,EVID-SPEC-0457,撤销项目成员职责或数据范围；活动任务按快照继续、实时操作立即受限,"{""outcome"": ""SUCCESS_OR_RULE_DEFINED_REJECTION"", ""description"": ""撤销项目成员职责或数据范围；活动任务按快照继续、实时操作立即受限"", ""failure_description"": ""返回明确失败原因且不部分提交""}"
ACC-R3-0458,,INV-BR-GLOBAL-0059,BR-GLOBAL-0059,CT-R3-0458,P1,SPECIFIED,EXPECTED_NOT_EXECUTED,EVID-SPEC-0458,执行规则对应动作,"{""outcome"": ""SUCCESS_OR_RULE_DEFINED_REJECTION"", ""description"": ""项目功能管理员执行高风险操作“项目配置发布”时必须满足独立权限和审计要求。"", ""failure_description"": ""返回明确失败原因且不部分提交""}"
ACC-R3-0459,,INV-BR-GLOBAL-0060,BR-GLOBAL-0060,CT-R3-0459,P1,SPECIFIED,EXPECTED_NOT_EXECUTED,EVID-SPEC-0459,执行规则对应动作,"{""outcome"": ""SUCCESS_OR_RULE_DEFINED_REJECTION"", ""description"": ""项目功能管理员执行高风险操作“环境/终端/账号停用与归档”时必须满足独立权限和审计要求。"", ""failure_description"": ""返回明确失败原因且不部分提交""}"
ACC-R3-0460,,INV-BR-GLOBAL-0061,BR-GLOBAL-0061,CT-R3-0460,P4,SPECIFIED,EXPECTED_NOT_EXECUTED,EVID-SPEC-0460,当前访问立即重算；历史报告按history_read_scope处理,"{""outcome"": ""SUCCESS_OR_RULE_DEFINED_REJECTION"", ""description"": ""当前访问立即重算；历史报告按history_read_scope处理"", ""failure_description"": ""返回明确失败原因且不部分提交""}"
ACC-R3-0461,,INV-BR-GLOBAL-0062,BR-GLOBAL-0062,CT-R3-0461,P1,SPECIFIED,EXPECTED_NOT_EXECUTED,EVID-SPEC-0461,执行规则对应动作,"{""outcome"": ""SUCCESS_OR_RULE_DEFINED_REJECTION"", ""description"": ""报告查看人员执行高风险操作“报告分享、制品下载（均需独立权限）”时必须满足独立权限和审计要求。"", ""failure_description"": ""返回明确失败原因且不部分提交""}"
ACC-R3-0462,,INV-BR-GLOBAL-0063,BR-GLOBAL-0063,CT-R3-0462,P4,SPECIFIED,EXPECTED_NOT_EXECUTED,EVID-SPEC-0462,撤销新操作权限，历史操作审计保留,"{""outcome"": ""SUCCESS_OR_RULE_DEFINED_REJECTION"", ""description"": ""撤销新操作权限，历史操作审计保留"", ""failure_description"": ""返回明确失败原因且不部分提交""}"
ACC-R3-0463,,INV-BR-GLOBAL-0064,BR-GLOBAL-0064,CT-R3-0463,P1,SPECIFIED,EXPECTED_NOT_EXECUTED,EVID-SPEC-0463,执行规则对应动作,"{""outcome"": ""SUCCESS_OR_RULE_DEFINED_REJECTION"", ""description"": ""Runner管理员执行高风险操作“Runner绑定/解绑、升级、人工调度状态变更”时必须满足独立权限和审计要求。"", ""failure_description"": ""返回明确失败原因且不部分提交""}"
ACC-R3-0464,,INV-BR-GLOBAL-0065,BR-GLOBAL-0065,CT-R3-0464,P4,SPECIFIED,EXPECTED_NOT_EXECUTED,EVID-SPEC-0464,不可撤销,"{""outcome"": ""SUCCESS_OR_RULE_DEFINED_REJECTION"", ""description"": ""不可撤销"", ""failure_description"": ""返回明确失败原因且不部分提交""}"
ACC-R3-0465,,INV-BR-GLOBAL-0066,BR-GLOBAL-0066,CT-R3-0465,P1,SPECIFIED,EXPECTED_NOT_EXECUTED,EVID-SPEC-0465,执行规则对应动作,"{""outcome"": ""SUCCESS_OR_RULE_DEFINED_REJECTION"", ""description"": ""超级管理员执行高风险操作“跨项目CROSS_PROJECT_AUTHORIZATION_GRANT_ALL”时必须满足独立权限和审计要求。"", ""failure_description"": ""返回明确失败原因且不部分提交""}"
ACC-R3-0466,,INV-BR-GLOBAL-0067,BR-GLOBAL-0067,CT-R3-0466,P1,SPECIFIED,EXPECTED_NOT_EXECUTED,EVID-SPEC-0466,执行规则对应动作,"{""outcome"": ""SUCCESS_OR_RULE_DEFINED_REJECTION"", ""description"": ""超级管理员执行高风险操作“系统级安全与配置”时必须满足独立权限和审计要求。"", ""failure_description"": ""返回明确失败原因且不部分提交""}"
ACC-R3-0467,,INV-BR-GLOBAL-0068,BR-GLOBAL-0068,CT-R3-0467,P1,SPECIFIED,EXPECTED_NOT_EXECUTED,EVID-SPEC-0467,执行规则对应动作,"{""outcome"": ""SUCCESS_OR_RULE_DEFINED_REJECTION"", ""description"": ""超级管理员执行高风险操作“受控制品提前清理”时必须满足独立权限和审计要求。"", ""failure_description"": ""返回明确失败原因且不部分提交""}"
ACC-R3-0468,,INV-BR-GLOBAL-0069,BR-GLOBAL-0069,CT-R3-0468,P1,SPECIFIED,EXPECTED_NOT_EXECUTED,EVID-SPEC-0468,执行规则对应动作,"{""outcome"": ""SUCCESS_OR_RULE_DEFINED_REJECTION"", ""description"": ""超级管理员执行高风险操作“角色和权限治理”时必须满足独立权限和审计要求。"", ""failure_description"": ""返回明确失败原因且不部分提交""}"
ACC-R3-0469,,INV-BR-GLOBAL-0070,BR-GLOBAL-0070,CT-R3-0469,P4,SPECIFIED,EXPECTED_NOT_EXECUTED,EVID-SPEC-0469,撤销实时发起权限；已创建任务按授权快照处理,"{""outcome"": ""SUCCESS_OR_RULE_DEFINED_REJECTION"", ""description"": ""撤销实时发起权限；已创建任务按授权快照处理"", ""failure_description"": ""返回明确失败原因且不部分提交""}"
ACC-R3-0470,,INV-BR-GLOBAL-0071,BR-GLOBAL-0071,CT-R3-0470,P1,SPECIFIED,EXPECTED_NOT_EXECUTED,EVID-SPEC-0470,执行规则对应动作,"{""outcome"": ""SUCCESS_OR_RULE_DEFINED_REJECTION"", ""description"": ""任务执行人员执行高风险操作“发起正式执行”时必须满足独立权限和审计要求。"", ""failure_description"": ""返回明确失败原因且不部分提交""}"
ACC-R3-0471,,INV-BR-GLOBAL-0072,BR-GLOBAL-0072,CT-R3-0471,P1,SPECIFIED,EXPECTED_NOT_EXECUTED,EVID-SPEC-0471,执行规则对应动作,"{""outcome"": ""SUCCESS_OR_RULE_DEFINED_REJECTION"", ""description"": ""任务执行人员执行高风险操作“取消本人任务”时必须满足独立权限和审计要求。"", ""failure_description"": ""返回明确失败原因且不部分提交""}"
ACC-R3-0472,,INV-BR-GLOBAL-0073,BR-GLOBAL-0073,CT-R3-0472,P1,SPECIFIED,EXPECTED_NOT_EXECUTED,EVID-SPEC-0472,执行规则对应动作,"{""outcome"": ""SUCCESS_OR_RULE_DEFINED_REJECTION"", ""description"": ""任务执行人员执行高风险操作“控制本人录制会话”时必须满足独立权限和审计要求。"", ""failure_description"": ""返回明确失败原因且不部分提交""}"
ACC-R3-0473,,INV-BR-GLOBAL-0074,BR-GLOBAL-0074,CT-R3-0473,P4,SPECIFIED,EXPECTED_NOT_EXECUTED,EVID-SPEC-0473,撤销绑定或项目职责；历史执行与报告仍按history_read_scope判断,"{""outcome"": ""SUCCESS_OR_RULE_DEFINED_REJECTION"", ""description"": ""撤销绑定或项目职责；历史执行与报告仍按history_read_scope判断"", ""failure_description"": ""返回明确失败原因且不部分提交""}"
ACC-R3-0474,,INV-BR-GLOBAL-0075,BR-GLOBAL-0075,CT-R3-0474,P1,SPECIFIED,EXPECTED_NOT_EXECUTED,EVID-SPEC-0474,执行规则对应动作,"{""outcome"": ""SUCCESS_OR_RULE_DEFINED_REJECTION"", ""description"": ""测试负责人执行高风险操作“停止他人录制任务”时必须满足独立权限和审计要求。"", ""failure_description"": ""返回明确失败原因且不部分提交""}"
ACC-R3-0475,,INV-BR-GLOBAL-0076,BR-GLOBAL-0076,CT-R3-0475,P1,SPECIFIED,EXPECTED_NOT_EXECUTED,EVID-SPEC-0475,执行规则对应动作,"{""outcome"": ""SUCCESS_OR_RULE_DEFINED_REJECTION"", ""description"": ""测试负责人执行高风险操作“执行计划启停”时必须满足独立权限和审计要求。"", ""failure_description"": ""返回明确失败原因且不部分提交""}"
ACC-R3-0476,,INV-BR-GLOBAL-0077,BR-GLOBAL-0077,CT-R3-0476,P1,SPECIFIED,EXPECTED_NOT_EXECUTED,EVID-SPEC-0476,执行规则对应动作,"{""outcome"": ""SUCCESS_OR_RULE_DEFINED_REJECTION"", ""description"": ""测试负责人执行高风险操作“项目范围内高风险测试操作”时必须满足独立权限和审计要求。"", ""failure_description"": ""返回明确失败原因且不部分提交""}"
ACC-R3-0477,USR-SCN-080,,BR-GLOBAL-0078,CT-R3-0477,P6,SPECIFIED,EXPECTED_NOT_EXECUTED,EVID-SPEC-0477,紧急禁用资产可按传播规则阻断未开始执行,"{""outcome"": ""SUCCESS_OR_RULE_DEFINED_REJECTION"", ""description"": ""动作“紧急禁用资产可按传播规则阻断未开始执行”完成并形成可追溯结果。"", ""failure_description"": ""返回明确失败原因且不部分提交""}"
ACC-R3-0478,USR-SCN-080,,BR-GLOBAL-0079,CT-R3-0478,P8,SPECIFIED,EXPECTED_NOT_EXECUTED,EVID-SPEC-0478,记录“对象停用”的发起主体、参与主体、对象ID、权限与数据范围判定、状态前后值、结果/原因码和时间。,"{""outcome"": ""SUCCESS_OR_RULE_DEFINED_REJECTION"", ""description"": ""记录“对象停用”的发起主体、参与主体、对象ID、权限与数据范围判定、状态前后值、结果/原因码和时间。"", ""failure_description"": ""返回明确失败原因且不部分提交""}"
ACC-R3-0479,USR-SCN-080,,BR-GLOBAL-0080,CT-R3-0479,P8,SPECIFIED,EXPECTED_NOT_EXECUTED,EVID-SPEC-0479,本地状态变化、不可变事件和审计在同一原子提交边界内完成；提交前审计失败则不提交或回滚本地变化。,"{""outcome"": ""SUCCESS_OR_RULE_DEFINED_REJECTION"", ""description"": ""在“对象停用”中，审计必须满足：本地状态变化、不可变事件和审计在同一原子提交边界内完成；提交前审计失败则不提交或回滚本地变化。。"", ""failure_description"": ""返回明确失败原因且不部分提交""}"
ACC-R3-0480,USR-SCN-080,,BR-GLOBAL-0081,CT-R3-0480,P5,SPECIFIED,EXPECTED_NOT_EXECUTED,EVID-SPEC-0480,发起对象停用,"{""outcome"": ""SUCCESS_OR_RULE_DEFINED_REJECTION"", ""description"": ""停用与创建/发布/调度使用CAS和引用门禁"", ""failure_description"": ""并发门禁不通过时按规则等待、拒绝或返回既有幂等结果。""}"
ACC-R3-0481,USR-SCN-080,,BR-GLOBAL-0082,CT-R3-0481,P2,SPECIFIED,EXPECTED_NOT_EXECUTED,EVID-SPEC-0481,发起对象停用,"{""outcome"": ""SUCCESS_OR_RULE_DEFINED_REJECTION"", ""description"": ""“对象停用”的读取、写入和历史查询仅作用于明确授权项目及active_scope/history_read_scope；敏感数据另行校验独立权限。"", ""failure_description"": ""超出数据范围时拒绝操作并记录审计。""}"
ACC-R3-0482,USR-SCN-080,,BR-GLOBAL-0083,CT-R3-0482,P6,SPECIFIED,EXPECTED_NOT_EXECUTED,EVID-SPEC-0482,发起对象停用,"{""outcome"": ""SUCCESS_OR_RULE_DEFINED_REJECTION"", ""description"": ""默认admin、活动最后项目负责人或受保护对象不得停用"", ""failure_description"": ""默认admin、活动最后项目负责人或受保护对象不得停用""}"
ACC-R3-0483,USR-SCN-080,,BR-GLOBAL-0084,CT-R3-0483,P8,SPECIFIED,EXPECTED_NOT_EXECUTED,EVID-SPEC-0483,发起对象停用,"{""outcome"": ""SUCCESS_OR_RULE_DEFINED_REJECTION"", ""description"": ""在“对象停用”中，失败判定必须满足：事务/补偿策略：LOCAL_TRANSACTION。。"", ""failure_description"": ""事务/补偿策略：LOCAL_TRANSACTION。""}"
ACC-R3-0484,USR-SCN-080,,BR-GLOBAL-0085,CT-R3-0484,P6,SPECIFIED,EXPECTED_NOT_EXECUTED,EVID-SPEC-0484,检查对象Owner和引用,"{""outcome"": ""SUCCESS_OR_RULE_DEFINED_REJECTION"", ""description"": ""动作“检查对象Owner和引用”完成并形成可追溯结果。"", ""failure_description"": ""返回明确失败原因且不部分提交""}"
ACC-R3-0485,USR-SCN-080,,BR-GLOBAL-0086,CT-R3-0485,P6,SPECIFIED,EXPECTED_NOT_EXECUTED,EVID-SPEC-0485,写入停用事件并更新current状态,"{""outcome"": ""SUCCESS_OR_RULE_DEFINED_REJECTION"", ""description"": ""动作“写入停用事件并更新current状态”完成并形成可追溯结果。"", ""failure_description"": ""返回明确失败原因且不部分提交""}"
ACC-R3-0486,USR-SCN-080,,BR-GLOBAL-0087,CT-R3-0486,P6,SPECIFIED,EXPECTED_NOT_EXECUTED,EVID-SPEC-0486,阻止新任务/新绑定/新发布引用,"{""outcome"": ""SUCCESS_OR_RULE_DEFINED_REJECTION"", ""description"": ""动作“阻止新任务/新绑定/新发布引用”完成并形成可追溯结果。"", ""failure_description"": ""返回明确失败原因且不部分提交""}"
ACC-R3-0487,USR-SCN-080,,BR-GLOBAL-0088,CT-R3-0487,P6,SPECIFIED,EXPECTED_NOT_EXECUTED,EVID-SPEC-0487,运行中任务按各对象权威规则完成或中止,"{""outcome"": ""SUCCESS_OR_RULE_DEFINED_REJECTION"", ""description"": ""动作“运行中任务按各对象权威规则完成或中止”完成并形成可追溯结果。"", ""failure_description"": ""返回明确失败原因且不部分提交""}"
ACC-R3-0488,USR-SCN-080,,BR-GLOBAL-0089,CT-R3-0488,P6,SPECIFIED,EXPECTED_NOT_EXECUTED,EVID-SPEC-0488,保留历史查询与审计,"{""outcome"": ""SUCCESS_OR_RULE_DEFINED_REJECTION"", ""description"": ""动作“保留历史查询与审计”完成并形成可追溯结果。"", ""failure_description"": ""返回明确失败原因且不部分提交""}"
ACC-R3-0489,USR-SCN-080,,BR-GLOBAL-0090,CT-R3-0489,P2,SPECIFIED,EXPECTED_NOT_EXECUTED,EVID-SPEC-0489,发起对象停用,"{""outcome"": ""SUCCESS_OR_RULE_DEFINED_REJECTION"", ""description"": ""ROLE-PROJECT-FUNCTION-ADMIN发起“对象停用”前必须具备对应菜单、操作或服务授权；系统主体只按自身服务身份执行；越权时拒绝且不产生业务写入。"", ""failure_description"": ""返回无权限或超范围结果，业务副作用为零。""}"
ACC-R3-0490,USR-SCN-080,,BR-GLOBAL-0091,CT-R3-0490,P8,SPECIFIED,EXPECTED_NOT_EXECUTED,EVID-SPEC-0490,发起对象停用,"{""outcome"": ""SUCCESS_OR_RULE_DEFINED_REJECTION"", ""description"": ""在“对象停用”中，前置条件必须满足：发起人拥有对象停用权限。"", ""failure_description"": ""前置条件不满足时拒绝进入主流程且业务副作用为零。""}"
ACC-R3-0491,USR-SCN-080,,BR-GLOBAL-0092,CT-R3-0491,P8,SPECIFIED,EXPECTED_NOT_EXECUTED,EVID-SPEC-0491,发起对象停用,"{""outcome"": ""SUCCESS_OR_RULE_DEFINED_REJECTION"", ""description"": ""在“对象停用”中，前置条件必须满足：已评估活动任务和引用关系。"", ""failure_description"": ""前置条件不满足时拒绝进入主流程且业务副作用为零。""}"
ACC-R3-0492,USR-SCN-080,,BR-GLOBAL-0093,CT-R3-0492,P6,SPECIFIED,EXPECTED_NOT_EXECUTED,EVID-SPEC-0492,允许的对象通过新事件重新启用；终态历史不回退,"{""outcome"": ""SUCCESS_OR_RULE_DEFINED_REJECTION"", ""description"": ""允许的对象通过新事件重新启用；终态历史不回退"", ""failure_description"": ""返回明确失败原因且不部分提交""}"
ACC-R3-0493,USR-SCN-080,,BR-GLOBAL-0094,CT-R3-0493,P4,SPECIFIED,EXPECTED_NOT_EXECUTED,EVID-SPEC-0493,发起对象停用,"{""outcome"": ""SUCCESS_OR_RULE_DEFINED_REJECTION"", ""description"": ""对象: ENABLED→DISABLED；历史事实保持"", ""failure_description"": ""返回明确失败原因且不部分提交""}"
ACC-R3-0494,USR-SCN-080,,BR-GLOBAL-0095,CT-R3-0494,P8,SPECIFIED,EXPECTED_NOT_EXECUTED,EVID-SPEC-0494,发起对象停用,"{""outcome"": ""SUCCESS_OR_RULE_DEFINED_REJECTION"", ""description"": ""新操作被阻止，历史任务与审计不被删除"", ""failure_description"": ""返回明确失败原因且不部分提交""}"
ACC-R3-0495,USR-SCN-080,,BR-GLOBAL-0096,CT-R3-0495,P6,SPECIFIED,EXPECTED_NOT_EXECUTED,EVID-SPEC-0495,先执行场景门禁，再进入首个业务副作用。,"{""outcome"": ""SUCCESS_OR_RULE_DEFINED_REJECTION"", ""description"": ""当“发起对象停用”发生时，ROLE-PROJECT-FUNCTION-ADMIN可以发起“对象停用”；发起后必须先完成本场景前置、权限、范围、资源和并发门禁。"", ""failure_description"": ""门禁不通过时不得产生业务副作用。""}"
ACC-R3-0496,,INV-BR-GLOBAL-0097,BR-GLOBAL-0097,CT-R3-0496,P3,SPECIFIED,EXPECTED_NOT_EXECUTED,EVID-SPEC-0496,执行规则对应动作,"{""outcome"": ""SUCCESS_OR_RULE_DEFINED_REJECTION"", ""description"": ""项目成员只能通过项目聚合边界变更。"", ""failure_description"": ""返回明确失败原因且不部分提交""}"
ACC-R3-0497,,INV-BR-GLOBAL-0098,BR-GLOBAL-0098,CT-R3-0497,P3,SPECIFIED,EXPECTED_NOT_EXECUTED,EVID-SPEC-0497,执行规则对应动作,"{""outcome"": ""SUCCESS_OR_RULE_DEFINED_REJECTION"", ""description"": ""业务模块只能通过项目聚合边界变更。"", ""failure_description"": ""返回明确失败原因且不部分提交""}"
ACC-R3-0498,,INV-BR-GLOBAL-0099,BR-GLOBAL-0099,CT-R3-0498,P3,SPECIFIED,EXPECTED_NOT_EXECUTED,EVID-SPEC-0498,执行规则对应动作,"{""outcome"": ""SUCCESS_OR_RULE_DEFINED_REJECTION"", ""description"": ""项目执行配置只能通过项目聚合边界变更。"", ""failure_description"": ""返回明确失败原因且不部分提交""}"
ACC-R3-0499,,INV-BR-GLOBAL-0100,BR-GLOBAL-0100,CT-R3-0499,P3,SPECIFIED,EXPECTED_NOT_EXECUTED,EVID-SPEC-0499,执行规则对应动作,"{""outcome"": ""SUCCESS_OR_RULE_DEFINED_REJECTION"", ""description"": ""项目成员属于项目。"", ""failure_description"": ""返回明确失败原因且不部分提交""}"
ACC-R3-0500,,INV-BR-GLOBAL-0101,BR-GLOBAL-0101,CT-R3-0500,P3,SPECIFIED,EXPECTED_NOT_EXECUTED,EVID-SPEC-0500,执行规则对应动作,"{""outcome"": ""SUCCESS_OR_RULE_DEFINED_REJECTION"", ""description"": ""项目拥有多个环境。"", ""failure_description"": ""返回明确失败原因且不部分提交""}"
ACC-R3-0501,,INV-BR-GLOBAL-0102,BR-GLOBAL-0102,CT-R3-0501,P3,SPECIFIED,EXPECTED_NOT_EXECUTED,EVID-SPEC-0501,执行规则对应动作,"{""outcome"": ""SUCCESS_OR_RULE_DEFINED_REJECTION"", ""description"": ""项目拥有业务模块树。"", ""failure_description"": ""返回明确失败原因且不部分提交""}"
ACC-R3-0502,,INV-BR-GLOBAL-0103,BR-GLOBAL-0103,CT-R3-0502,P3,SPECIFIED,EXPECTED_NOT_EXECUTED,EVID-SPEC-0502,执行规则对应动作,"{""outcome"": ""SUCCESS_OR_RULE_DEFINED_REJECTION"", ""description"": ""项目定义一个或多个Web业务终端。"", ""failure_description"": ""返回明确失败原因且不部分提交""}"
ACC-R3-0503,,INV-BR-GLOBAL-0104,BR-GLOBAL-0104,CT-R3-0503,P3,SPECIFIED,EXPECTED_NOT_EXECUTED,EVID-SPEC-0503,执行规则对应动作,"{""outcome"": ""SUCCESS_OR_RULE_DEFINED_REJECTION"", ""description"": ""测试账号归属项目。"", ""failure_description"": ""返回明确失败原因且不部分提交""}"
ACC-R3-0504,,INV-BR-GLOBAL-0105,BR-GLOBAL-0105,CT-R3-0504,P3,SPECIFIED,EXPECTED_NOT_EXECUTED,EVID-SPEC-0504,执行规则对应动作,"{""outcome"": ""SUCCESS_OR_RULE_DEFINED_REJECTION"", ""description"": ""禁止绕过项目聚合根直接修改成员对象。"", ""failure_description"": ""请求被拒绝且状态、数据库和事件均不发生非预期变化""}"
ACC-R3-0505,,INV-BR-GLOBAL-0106,BR-GLOBAL-0106,CT-R3-0505,P3,SPECIFIED,EXPECTED_NOT_EXECUTED,EVID-SPEC-0505,执行规则对应动作,"{""outcome"": ""SUCCESS_OR_RULE_DEFINED_REJECTION"", ""description"": ""禁止跨聚合事务直接修改外部对象内部状态。"", ""failure_description"": ""请求被拒绝且状态、数据库和事件均不发生非预期变化""}"
ACC-R3-0506,,INV-BR-GLOBAL-0107,BR-GLOBAL-0107,CT-R3-0506,P3,SPECIFIED,EXPECTED_NOT_EXECUTED,EVID-SPEC-0506,仅通过项目聚合根执行需要强一致的创建、状态和成员变更；跨聚合只保存标识引用。,"{""outcome"": ""SUCCESS_OR_RULE_DEFINED_REJECTION"", ""description"": ""仅通过项目聚合根执行需要强一致的创建、状态和成员变更；跨聚合只保存标识引用。"", ""failure_description"": ""返回明确失败原因且不部分提交""}"
ACC-R3-0507,,INV-BR-GLOBAL-0108,BR-GLOBAL-0108,CT-R3-0507,P3,SPECIFIED,EXPECTED_NOT_EXECUTED,EVID-SPEC-0507,项目的业务唯一键“project_code”必须在“由对象定义和关联项目/环境范围共同决定”范围内唯一且不可变。,"{""outcome"": ""SUCCESS_OR_RULE_DEFINED_REJECTION"", ""description"": ""项目的业务唯一键“project_code”必须在“由对象定义和关联项目/环境范围共同决定”范围内唯一且不可变。"", ""failure_description"": ""返回明确失败原因且不部分提交""}"
ACC-R3-0508,,INV-BR-GLOBAL-0109,BR-GLOBAL-0109,CT-R3-0508,P3,SPECIFIED,EXPECTED_NOT_EXECUTED,EVID-SPEC-0508,业务模块的业务唯一键“project_id+module_code”必须在“由对象定义和关联项目/环境范围共同决定”范围内唯一。,"{""outcome"": ""SUCCESS_OR_RULE_DEFINED_REJECTION"", ""description"": ""业务模块的业务唯一键“project_id+module_code”必须在“由对象定义和关联项目/环境范围共同决定”范围内唯一。"", ""failure_description"": ""返回明确失败原因且不部分提交""}"
ACC-R3-0509,,INV-BR-GLOBAL-0110,BR-GLOBAL-0110,CT-R3-0509,P3,SPECIFIED,EXPECTED_NOT_EXECUTED,EVID-SPEC-0509,项目执行配置的业务唯一键“project_execution_configuration_id”必须在“由对象定义和关联项目/环境范围共同决定”范围内唯一且不可变。,"{""outcome"": ""SUCCESS_OR_RULE_DEFINED_REJECTION"", ""description"": ""项目执行配置的业务唯一键“project_execution_configuration_id”必须在“由对象定义和关联项目/环境范围共同决定”范围内唯一且不可变。"", ""failure_description"": ""返回明确失败原因且不部分提交""}"
ACC-R3-0510,,INV-BR-GLOBAL-0111,BR-GLOBAL-0111,CT-R3-0510,P4,SPECIFIED,EXPECTED_NOT_EXECUTED,EVID-SPEC-0510,执行规则对应动作,"{""outcome"": ""SUCCESS_OR_RULE_DEFINED_REJECTION"", ""description"": ""项目归档状态受独立状态维度和状态机约束，不得与其他状态维度合并或绕过Owner服务直接改写。"", ""failure_description"": ""请求被拒绝且状态、数据库和事件均不发生非预期变化""}"
ACC-R3-0511,,INV-BR-GLOBAL-0112,BR-GLOBAL-0112,CT-R3-0511,P4,SPECIFIED,EXPECTED_NOT_EXECUTED,EVID-SPEC-0511,执行规则对应动作,"{""outcome"": ""SUCCESS_OR_RULE_DEFINED_REJECTION"", ""description"": ""存在有效引用的对象必须先停用或归档，不得直接物理删除。"", ""failure_description"": ""请求被拒绝且状态、数据库和事件均不发生非预期变化""}"
ACC-R3-0512,,INV-BR-GLOBAL-0113,BR-GLOBAL-0113,CT-R3-0512,P4,SPECIFIED,EXPECTED_NOT_EXECUTED,EVID-SPEC-0512,归档后禁止新写入，保留历史查询和引用完整性。,"{""outcome"": ""SUCCESS_OR_RULE_DEFINED_REJECTION"", ""description"": ""归档后禁止新写入，保留历史查询和引用完整性。"", ""failure_description"": ""返回明确失败原因且不部分提交""}"
ACC-R3-0513,,INV-BR-GLOBAL-0114,BR-GLOBAL-0114,CT-R3-0513,P4,SPECIFIED,EXPECTED_NOT_EXECUTED,EVID-SPEC-0513,存在有效引用时禁止物理删除；先停用或归档，清理由受控请求执行。,"{""outcome"": ""SUCCESS_OR_RULE_DEFINED_REJECTION"", ""description"": ""存在有效引用时禁止物理删除；先停用或归档，清理由受控请求执行。"", ""failure_description"": ""请求被拒绝且状态、数据库和事件均不发生非预期变化""}"
ACC-R3-0514,,INV-BR-GLOBAL-0115,BR-GLOBAL-0115,CT-R3-0514,P3,SPECIFIED,EXPECTED_NOT_EXECUTED,EVID-SPEC-0514,使用稳定内部标识project_id；业务唯一键见business_unique_keys。,"{""outcome"": ""SUCCESS_OR_RULE_DEFINED_REJECTION"", ""description"": ""使用稳定内部标识project_id；业务唯一键见business_unique_keys。"", ""failure_description"": ""返回明确失败原因且不部分提交""}"
ACC-R3-0515,,INV-BR-GLOBAL-0116,BR-GLOBAL-0116,CT-R3-0515,P4,SPECIFIED,EXPECTED_NOT_EXECUTED,EVID-SPEC-0515,创建→启用/维护→停用→归档；被引用时不得直接物理删除。,"{""outcome"": ""SUCCESS_OR_RULE_DEFINED_REJECTION"", ""description"": ""创建→启用/维护→停用→归档；被引用时不得直接物理删除。"", ""failure_description"": ""返回明确失败原因且不部分提交""}"
ACC-R3-0516,,INV-BR-GLOBAL-0117,BR-GLOBAL-0117,CT-R3-0516,P3,SPECIFIED,EXPECTED_NOT_EXECUTED,EVID-SPEC-0516,使用稳定内部标识business_module_id；业务唯一键见business_unique_keys。,"{""outcome"": ""SUCCESS_OR_RULE_DEFINED_REJECTION"", ""description"": ""使用稳定内部标识business_module_id；业务唯一键见business_unique_keys。"", ""failure_description"": ""返回明确失败原因且不部分提交""}"
ACC-R3-0517,,INV-BR-GLOBAL-0118,BR-GLOBAL-0118,CT-R3-0517,P3,SPECIFIED,EXPECTED_NOT_EXECUTED,EVID-SPEC-0517,使用稳定内部标识project_execution_configuration_id；业务唯一键见business_unique_keys。,"{""outcome"": ""SUCCESS_OR_RULE_DEFINED_REJECTION"", ""description"": ""使用稳定内部标识project_execution_configuration_id；业务唯一键见business_unique_keys。"", ""failure_description"": ""返回明确失败原因且不部分提交""}"
ACC-R3-0518,USR-SCN-081,,BR-GLOBAL-0119,CT-R3-0518,P6,SPECIFIED,EXPECTED_NOT_EXECUTED,EVID-SPEC-0518,仅无引用且规则允许的草稿可物理删除,"{""outcome"": ""SUCCESS_OR_RULE_DEFINED_REJECTION"", ""description"": ""动作“仅无引用且规则允许的草稿可物理删除”完成并形成可追溯结果。"", ""failure_description"": ""返回明确失败原因且不部分提交""}"
ACC-R3-0519,USR-SCN-081,,BR-GLOBAL-0120,CT-R3-0519,P8,SPECIFIED,EXPECTED_NOT_EXECUTED,EVID-SPEC-0519,记录“被引用对象删除或归档”的发起主体、参与主体、对象ID、权限与数据范围判定、状态前后值、结果/原因码和时间。,"{""outcome"": ""SUCCESS_OR_RULE_DEFINED_REJECTION"", ""description"": ""记录“被引用对象删除或归档”的发起主体、参与主体、对象ID、权限与数据范围判定、状态前后值、结果/原因码和时间。"", ""failure_description"": ""返回明确失败原因且不部分提交""}"
ACC-R3-0520,USR-SCN-081,,BR-GLOBAL-0121,CT-R3-0520,P8,SPECIFIED,EXPECTED_NOT_EXECUTED,EVID-SPEC-0520,本地状态变化、不可变事件和审计在同一原子提交边界内完成；提交前审计失败则不提交或回滚本地变化。,"{""outcome"": ""SUCCESS_OR_RULE_DEFINED_REJECTION"", ""description"": ""在“被引用对象删除或归档”中，审计必须满足：本地状态变化、不可变事件和审计在同一原子提交边界内完成；提交前审计失败则不提交或回滚本地变化。。"", ""failure_description"": ""返回明确失败原因且不部分提交""}"
ACC-R3-0521,USR-SCN-081,,BR-GLOBAL-0122,CT-R3-0521,P5,SPECIFIED,EXPECTED_NOT_EXECUTED,EVID-SPEC-0521,发起被引用对象删除或归档,"{""outcome"": ""SUCCESS_OR_RULE_DEFINED_REJECTION"", ""description"": ""引用扫描和归档在事务/CAS中完成"", ""failure_description"": ""并发门禁不通过时按规则等待、拒绝或返回既有幂等结果。""}"
ACC-R3-0522,USR-SCN-081,,BR-GLOBAL-0123,CT-R3-0522,P2,SPECIFIED,EXPECTED_NOT_EXECUTED,EVID-SPEC-0522,发起被引用对象删除或归档,"{""outcome"": ""SUCCESS_OR_RULE_DEFINED_REJECTION"", ""description"": ""“被引用对象删除或归档”的读取、写入和历史查询仅作用于明确授权项目及active_scope/history_read_scope；敏感数据另行校验独立权限。"", ""failure_description"": ""超出数据范围时拒绝操作并记录审计。""}"
ACC-R3-0523,USR-SCN-081,,BR-GLOBAL-0124,CT-R3-0523,P6,SPECIFIED,EXPECTED_NOT_EXECUTED,EVID-SPEC-0523,发起被引用对象删除或归档,"{""outcome"": ""SUCCESS_OR_RULE_DEFINED_REJECTION"", ""description"": ""绕过引用门禁或删除历史事实必须拒绝"", ""failure_description"": ""绕过引用门禁或删除历史事实必须拒绝""}"
ACC-R3-0524,USR-SCN-081,,BR-GLOBAL-0125,CT-R3-0524,P8,SPECIFIED,EXPECTED_NOT_EXECUTED,EVID-SPEC-0524,发起被引用对象删除或归档,"{""outcome"": ""SUCCESS_OR_RULE_DEFINED_REJECTION"", ""description"": ""在“被引用对象删除或归档”中，失败判定必须满足：事务/补偿策略：LOCAL_TRANSACTION。。"", ""failure_description"": ""事务/补偿策略：LOCAL_TRANSACTION。""}"
ACC-R3-0525,USR-SCN-081,,BR-GLOBAL-0126,CT-R3-0525,P6,SPECIFIED,EXPECTED_NOT_EXECUTED,EVID-SPEC-0525,扫描活动和历史引用,"{""outcome"": ""SUCCESS_OR_RULE_DEFINED_REJECTION"", ""description"": ""动作“扫描活动和历史引用”完成并形成可追溯结果。"", ""failure_description"": ""返回明确失败原因且不部分提交""}"
ACC-R3-0526,USR-SCN-081,,BR-GLOBAL-0127,CT-R3-0526,P6,SPECIFIED,EXPECTED_NOT_EXECUTED,EVID-SPEC-0526,阻止删除被任务、计划、套件、报告或Hold引用的对象,"{""outcome"": ""SUCCESS_OR_RULE_DEFINED_REJECTION"", ""description"": ""动作“阻止删除被任务、计划、套件、报告或Hold引用的对象”完成并形成可追溯结果。"", ""failure_description"": ""返回明确失败原因且不部分提交""}"
ACC-R3-0527,USR-SCN-081,,BR-GLOBAL-0128,CT-R3-0527,P6,SPECIFIED,EXPECTED_NOT_EXECUTED,EVID-SPEC-0527,必要时先解绑或终止活动关系,"{""outcome"": ""SUCCESS_OR_RULE_DEFINED_REJECTION"", ""description"": ""动作“必要时先解绑或终止活动关系”完成并形成可追溯结果。"", ""failure_description"": ""返回明确失败原因且不部分提交""}"
ACC-R3-0528,USR-SCN-081,,BR-GLOBAL-0129,CT-R3-0528,P6,SPECIFIED,EXPECTED_NOT_EXECUTED,EVID-SPEC-0528,将对象归档并切换历史只读,"{""outcome"": ""SUCCESS_OR_RULE_DEFINED_REJECTION"", ""description"": ""动作“将对象归档并切换历史只读”完成并形成可追溯结果。"", ""failure_description"": ""返回明确失败原因且不部分提交""}"
ACC-R3-0529,USR-SCN-081,,BR-GLOBAL-0130,CT-R3-0529,P6,SPECIFIED,EXPECTED_NOT_EXECUTED,EVID-SPEC-0529,保留版本、执行、报告和审计,"{""outcome"": ""SUCCESS_OR_RULE_DEFINED_REJECTION"", ""description"": ""动作“保留版本、执行、报告和审计”完成并形成可追溯结果。"", ""failure_description"": ""返回明确失败原因且不部分提交""}"
ACC-R3-0530,USR-SCN-081,,BR-GLOBAL-0131,CT-R3-0530,P2,SPECIFIED,EXPECTED_NOT_EXECUTED,EVID-SPEC-0530,发起被引用对象删除或归档,"{""outcome"": ""SUCCESS_OR_RULE_DEFINED_REJECTION"", ""description"": ""ROLE-PROJECT-FUNCTION-ADMIN发起“被引用对象删除或归档”前必须具备对应菜单、操作或服务授权；系统主体只按自身服务身份执行；越权时拒绝且不产生业务写入。"", ""failure_description"": ""返回无权限或超范围结果，业务副作用为零。""}"
ACC-R3-0531,USR-SCN-081,,BR-GLOBAL-0132,CT-R3-0531,P8,SPECIFIED,EXPECTED_NOT_EXECUTED,EVID-SPEC-0531,发起被引用对象删除或归档,"{""outcome"": ""SUCCESS_OR_RULE_DEFINED_REJECTION"", ""description"": ""发起主体已登录并具备对应菜单、操作和数据范围权限"", ""failure_description"": ""前置条件不满足时拒绝进入主流程且业务副作用为零。""}"
ACC-R3-0532,USR-SCN-081,,BR-GLOBAL-0133,CT-R3-0532,P8,SPECIFIED,EXPECTED_NOT_EXECUTED,EVID-SPEC-0532,发起被引用对象删除或归档,"{""outcome"": ""SUCCESS_OR_RULE_DEFINED_REJECTION"", ""description"": ""相关项目及依赖对象处于允许状态"", ""failure_description"": ""前置条件不满足时拒绝进入主流程且业务副作用为零。""}"
ACC-R3-0533,USR-SCN-081,,BR-GLOBAL-0134,CT-R3-0533,P6,SPECIFIED,EXPECTED_NOT_EXECUTED,EVID-SPEC-0533,通过新对象/新版本替代，不修改已归档历史,"{""outcome"": ""SUCCESS_OR_RULE_DEFINED_REJECTION"", ""description"": ""通过新对象/新版本替代，不修改已归档历史"", ""failure_description"": ""返回明确失败原因且不部分提交""}"
ACC-R3-0534,USR-SCN-081,,BR-GLOBAL-0135,CT-R3-0534,P4,SPECIFIED,EXPECTED_NOT_EXECUTED,EVID-SPEC-0534,发起被引用对象删除或归档,"{""outcome"": ""SUCCESS_OR_RULE_DEFINED_REJECTION"", ""description"": ""对象: DISABLED→ARCHIVED；归档后仅历史只读"", ""failure_description"": ""返回明确失败原因且不部分提交""}"
ACC-R3-0535,USR-SCN-081,,BR-GLOBAL-0136,CT-R3-0535,P8,SPECIFIED,EXPECTED_NOT_EXECUTED,EVID-SPEC-0535,发起被引用对象删除或归档,"{""outcome"": ""SUCCESS_OR_RULE_DEFINED_REJECTION"", ""description"": ""无断链引用，所有历史ID仍可解析"", ""failure_description"": ""返回明确失败原因且不部分提交""}"
ACC-R3-0536,USR-SCN-081,,BR-GLOBAL-0137,CT-R3-0536,P6,SPECIFIED,EXPECTED_NOT_EXECUTED,EVID-SPEC-0536,先执行场景门禁，再进入首个业务副作用。,"{""outcome"": ""SUCCESS_OR_RULE_DEFINED_REJECTION"", ""description"": ""当“发起被引用对象删除或归档”发生时，ROLE-PROJECT-FUNCTION-ADMIN可以发起“被引用对象删除或归档”；发起后必须先完成本场景前置、权限、范围、资源和并发门禁。"", ""failure_description"": ""门禁不通过时不得产生业务副作用。""}"
ACC-R3-0537,,INV-BR-GLOBAL-0138,BR-GLOBAL-0138,CT-R3-0537,P3,SPECIFIED,EXPECTED_NOT_EXECUTED,EVID-SPEC-0537,执行规则对应动作,"{""outcome"": ""SUCCESS_OR_RULE_DEFINED_REJECTION"", ""description"": ""业务终端只能通过环境聚合边界变更。"", ""failure_description"": ""返回明确失败原因且不部分提交""}"
ACC-R3-0538,,INV-BR-GLOBAL-0139,BR-GLOBAL-0139,CT-R3-0538,P3,SPECIFIED,EXPECTED_NOT_EXECUTED,EVID-SPEC-0538,执行规则对应动作,"{""outcome"": ""SUCCESS_OR_RULE_DEFINED_REJECTION"", ""description"": ""环境终端访问配置修订只能通过环境聚合边界变更。"", ""failure_description"": ""返回明确失败原因且不部分提交""}"
ACC-R3-0539,,INV-BR-GLOBAL-0140,BR-GLOBAL-0140,CT-R3-0539,P3,SPECIFIED,EXPECTED_NOT_EXECUTED,EVID-SPEC-0539,执行规则对应动作,"{""outcome"": ""SUCCESS_OR_RULE_DEFINED_REJECTION"", ""description"": ""禁止绕过环境聚合根直接修改成员对象。"", ""failure_description"": ""请求被拒绝且状态、数据库和事件均不发生非预期变化""}"
ACC-R3-0540,,INV-BR-GLOBAL-0141,BR-GLOBAL-0141,CT-R3-0540,P3,SPECIFIED,EXPECTED_NOT_EXECUTED,EVID-SPEC-0540,执行规则对应动作,"{""outcome"": ""SUCCESS_OR_RULE_DEFINED_REJECTION"", ""description"": ""禁止跨聚合事务直接修改外部对象内部状态。"", ""failure_description"": ""请求被拒绝且状态、数据库和事件均不发生非预期变化""}"
ACC-R3-0541,,INV-BR-GLOBAL-0142,BR-GLOBAL-0142,CT-R3-0541,P3,SPECIFIED,EXPECTED_NOT_EXECUTED,EVID-SPEC-0541,仅通过环境聚合根执行需要强一致的创建、状态和成员变更；跨聚合只保存标识引用。,"{""outcome"": ""SUCCESS_OR_RULE_DEFINED_REJECTION"", ""description"": ""仅通过环境聚合根执行需要强一致的创建、状态和成员变更；跨聚合只保存标识引用。"", ""failure_description"": ""返回明确失败原因且不部分提交""}"
ACC-R3-0542,,INV-BR-GLOBAL-0143,BR-GLOBAL-0143,CT-R3-0542,P3,SPECIFIED,EXPECTED_NOT_EXECUTED,EVID-SPEC-0542,环境的业务唯一键“project_id+environment_code”必须在“由对象定义和关联项目/环境范围共同决定”范围内唯一。,"{""outcome"": ""SUCCESS_OR_RULE_DEFINED_REJECTION"", ""description"": ""环境的业务唯一键“project_id+environment_code”必须在“由对象定义和关联项目/环境范围共同决定”范围内唯一。"", ""failure_description"": ""返回明确失败原因且不部分提交""}"
ACC-R3-0543,,INV-BR-GLOBAL-0144,BR-GLOBAL-0144,CT-R3-0543,P4,SPECIFIED,EXPECTED_NOT_EXECUTED,EVID-SPEC-0543,归档后禁止新写入，保留历史查询和引用完整性。,"{""outcome"": ""SUCCESS_OR_RULE_DEFINED_REJECTION"", ""description"": ""归档后禁止新写入，保留历史查询和引用完整性。"", ""failure_description"": ""返回明确失败原因且不部分提交""}"
ACC-R3-0544,,INV-BR-GLOBAL-0145,BR-GLOBAL-0145,CT-R3-0544,P4,SPECIFIED,EXPECTED_NOT_EXECUTED,EVID-SPEC-0544,存在有效引用时禁止物理删除；先停用或归档，清理由受控请求执行。,"{""outcome"": ""SUCCESS_OR_RULE_DEFINED_REJECTION"", ""description"": ""存在有效引用时禁止物理删除；先停用或归档，清理由受控请求执行。"", ""failure_description"": ""请求被拒绝且状态、数据库和事件均不发生非预期变化""}"
ACC-R3-0545,,INV-BR-GLOBAL-0146,BR-GLOBAL-0146,CT-R3-0545,P3,SPECIFIED,EXPECTED_NOT_EXECUTED,EVID-SPEC-0545,使用稳定内部标识environment_id；业务唯一键见business_unique_keys。,"{""outcome"": ""SUCCESS_OR_RULE_DEFINED_REJECTION"", ""description"": ""使用稳定内部标识environment_id；业务唯一键见business_unique_keys。"", ""failure_description"": ""返回明确失败原因且不部分提交""}"
ACC-R3-0546,,INV-BR-GLOBAL-0147,BR-GLOBAL-0147,CT-R3-0546,P4,SPECIFIED,EXPECTED_NOT_EXECUTED,EVID-SPEC-0546,创建→启用/维护→停用→归档；被引用时不得直接物理删除。,"{""outcome"": ""SUCCESS_OR_RULE_DEFINED_REJECTION"", ""description"": ""创建→启用/维护→停用→归档；被引用时不得直接物理删除。"", ""failure_description"": ""返回明确失败原因且不部分提交""}"
ACC-R3-0547,,INV-BR-GLOBAL-0148,BR-GLOBAL-0148,CT-R3-0547,P3,SPECIFIED,EXPECTED_NOT_EXECUTED,EVID-SPEC-0547,业务终端的业务唯一键“project_id+terminal_code”必须在“由对象定义和关联项目/环境范围共同决定”范围内唯一。,"{""outcome"": ""SUCCESS_OR_RULE_DEFINED_REJECTION"", ""description"": ""业务终端的业务唯一键“project_id+terminal_code”必须在“由对象定义和关联项目/环境范围共同决定”范围内唯一。"", ""failure_description"": ""返回明确失败原因且不部分提交""}"
ACC-R3-0548,,INV-BR-GLOBAL-0149,BR-GLOBAL-0149,CT-R3-0548,P3,SPECIFIED,EXPECTED_NOT_EXECUTED,EVID-SPEC-0548,环境终端访问配置修订的业务唯一键“environment_terminal_access_revision_id”必须在“由对象定义和关联项目/环境范围共同决定”范围内唯一且不可变。,"{""outcome"": ""SUCCESS_OR_RULE_DEFINED_REJECTION"", ""description"": ""环境终端访问配置修订的业务唯一键“environment_terminal_access_revision_id”必须在“由对象定义和关联项目/环境范围共同决定”范围内唯一且不可变。"", ""failure_description"": ""返回明确失败原因且不部分提交""}"
ACC-R3-0549,,INV-BR-GLOBAL-0150,BR-GLOBAL-0150,CT-R3-0549,P8,SPECIFIED,EXPECTED_NOT_EXECUTED,EVID-SPEC-0549,执行规则对应动作,"{""outcome"": ""SUCCESS_OR_RULE_DEFINED_REJECTION"", ""description"": ""业务终端终端类型是封闭枚举；正式写入值只能使用：MANAGEMENT、CLIENT、PDA。"", ""failure_description"": ""非标准值不得写入；外部值必须先完成显式映射。""}"
ACC-R3-0550,,INV-BR-GLOBAL-0151,BR-GLOBAL-0151,CT-R3-0550,P3,SPECIFIED,EXPECTED_NOT_EXECUTED,EVID-SPEC-0550,管理端、客户端和PDA端均建模为逻辑Web业务终端，由Playwright浏览器会话访问。,"{""outcome"": ""SUCCESS_OR_RULE_DEFINED_REJECTION"", ""description"": ""管理端、客户端和PDA端均建模为逻辑Web业务终端，由Playwright浏览器会话访问。"", ""failure_description"": ""返回明确失败原因且不部分提交""}"
ACC-R3-0551,,INV-BR-GLOBAL-0152,BR-GLOBAL-0152,CT-R3-0551,P4,SPECIFIED,EXPECTED_NOT_EXECUTED,EVID-SPEC-0551,归档后禁止新写入，保留历史查询和引用完整性。,"{""outcome"": ""SUCCESS_OR_RULE_DEFINED_REJECTION"", ""description"": ""归档后禁止新写入，保留历史查询和引用完整性。"", ""failure_description"": ""返回明确失败原因且不部分提交""}"
ACC-R3-0552,,INV-BR-GLOBAL-0153,BR-GLOBAL-0153,CT-R3-0552,P4,SPECIFIED,EXPECTED_NOT_EXECUTED,EVID-SPEC-0552,存在有效引用时禁止物理删除；先停用或归档，清理由受控请求执行。,"{""outcome"": ""SUCCESS_OR_RULE_DEFINED_REJECTION"", ""description"": ""存在有效引用时禁止物理删除；先停用或归档，清理由受控请求执行。"", ""failure_description"": ""请求被拒绝且状态、数据库和事件均不发生非预期变化""}"
ACC-R3-0553,,INV-BR-GLOBAL-0154,BR-GLOBAL-0154,CT-R3-0553,P3,SPECIFIED,EXPECTED_NOT_EXECUTED,EVID-SPEC-0553,使用稳定内部标识business_terminal_id；业务唯一键见business_unique_keys。,"{""outcome"": ""SUCCESS_OR_RULE_DEFINED_REJECTION"", ""description"": ""使用稳定内部标识business_terminal_id；业务唯一键见business_unique_keys。"", ""failure_description"": ""返回明确失败原因且不部分提交""}"
ACC-R3-0554,,INV-BR-GLOBAL-0155,BR-GLOBAL-0155,CT-R3-0554,P4,SPECIFIED,EXPECTED_NOT_EXECUTED,EVID-SPEC-0554,创建→启用/维护→停用→归档；被引用时不得直接物理删除。,"{""outcome"": ""SUCCESS_OR_RULE_DEFINED_REJECTION"", ""description"": ""创建→启用/维护→停用→归档；被引用时不得直接物理删除。"", ""failure_description"": ""返回明确失败原因且不部分提交""}"
ACC-R3-0555,,INV-BR-GLOBAL-0156,BR-GLOBAL-0156,CT-R3-0555,P4,SPECIFIED,EXPECTED_NOT_EXECUTED,EVID-SPEC-0555,不可变保留并可归档；不得覆盖历史。,"{""outcome"": ""SUCCESS_OR_RULE_DEFINED_REJECTION"", ""description"": ""不可变保留并可归档；不得覆盖历史。"", ""failure_description"": ""返回明确失败原因且不部分提交""}"
ACC-R3-0556,,INV-BR-GLOBAL-0157,BR-GLOBAL-0157,CT-R3-0556,P4,SPECIFIED,EXPECTED_NOT_EXECUTED,EVID-SPEC-0556,禁止直接物理删除；仅按治理和保留策略归档/受控清理。,"{""outcome"": ""SUCCESS_OR_RULE_DEFINED_REJECTION"", ""description"": ""禁止直接物理删除；仅按治理和保留策略归档/受控清理。"", ""failure_description"": ""请求被拒绝且状态、数据库和事件均不发生非预期变化""}"
ACC-R3-0557,,INV-BR-GLOBAL-0158,BR-GLOBAL-0158,CT-R3-0557,P3,SPECIFIED,EXPECTED_NOT_EXECUTED,EVID-SPEC-0557,由父对象标识与单调递增版本号共同唯一确定。,"{""outcome"": ""SUCCESS_OR_RULE_DEFINED_REJECTION"", ""description"": ""由父对象标识与单调递增版本号共同唯一确定。"", ""failure_description"": ""返回明确失败原因且不部分提交""}"
ACC-R3-0558,,INV-BR-GLOBAL-0159,BR-GLOBAL-0159,CT-R3-0558,P4,SPECIFIED,EXPECTED_NOT_EXECUTED,EVID-SPEC-0558,创建草稿→审核/发布→不可变使用→退役/归档；变更创建新版本。,"{""outcome"": ""SUCCESS_OR_RULE_DEFINED_REJECTION"", ""description"": ""创建草稿→审核/发布→不可变使用→退役/归档；变更创建新版本。"", ""failure_description"": ""请求被拒绝且状态、数据库和事件均不发生非预期变化""}"
ACC-R3-0559,,INV-BR-GLOBAL-0160,BR-GLOBAL-0160,CT-R3-0559,P3,SPECIFIED,EXPECTED_NOT_EXECUTED,EVID-SPEC-0559,执行规则对应动作,"{""outcome"": ""SUCCESS_OR_RULE_DEFINED_REJECTION"", ""description"": ""凭证版本只能通过测试账号聚合边界变更。"", ""failure_description"": ""返回明确失败原因且不部分提交""}"
ACC-R3-0560,,INV-BR-GLOBAL-0161,BR-GLOBAL-0161,CT-R3-0560,P3,SPECIFIED,EXPECTED_NOT_EXECUTED,EVID-SPEC-0560,执行规则对应动作,"{""outcome"": ""SUCCESS_OR_RULE_DEFINED_REJECTION"", ""description"": ""账号映射修订只能通过测试账号聚合边界变更。"", ""failure_description"": ""返回明确失败原因且不部分提交""}"
ACC-R3-0561,,INV-BR-GLOBAL-0162,BR-GLOBAL-0162,CT-R3-0561,P3,SPECIFIED,EXPECTED_NOT_EXECUTED,EVID-SPEC-0561,执行规则对应动作,"{""outcome"": ""SUCCESS_OR_RULE_DEFINED_REJECTION"", ""description"": ""SSO身份只能通过测试账号聚合边界变更。"", ""failure_description"": ""返回明确失败原因且不部分提交""}"
ACC-R3-0562,,INV-BR-GLOBAL-0163,BR-GLOBAL-0163,CT-R3-0562,P3,SPECIFIED,EXPECTED_NOT_EXECUTED,EVID-SPEC-0562,执行规则对应动作,"{""outcome"": ""SUCCESS_OR_RULE_DEFINED_REJECTION"", ""description"": ""登录验证资格只能通过测试账号聚合边界变更。"", ""failure_description"": ""返回明确失败原因且不部分提交""}"
ACC-R3-0563,,INV-BR-GLOBAL-0164,BR-GLOBAL-0164,CT-R3-0563,P3,SPECIFIED,EXPECTED_NOT_EXECUTED,EVID-SPEC-0563,执行规则对应动作,"{""outcome"": ""SUCCESS_OR_RULE_DEFINED_REJECTION"", ""description"": ""禁止绕过测试账号聚合根直接修改成员对象。"", ""failure_description"": ""请求被拒绝且状态、数据库和事件均不发生非预期变化""}"
ACC-R3-0564,,INV-BR-GLOBAL-0165,BR-GLOBAL-0165,CT-R3-0564,P3,SPECIFIED,EXPECTED_NOT_EXECUTED,EVID-SPEC-0564,执行规则对应动作,"{""outcome"": ""SUCCESS_OR_RULE_DEFINED_REJECTION"", ""description"": ""禁止跨聚合事务直接修改外部对象内部状态。"", ""failure_description"": ""请求被拒绝且状态、数据库和事件均不发生非预期变化""}"
ACC-R3-0565,,INV-BR-GLOBAL-0166,BR-GLOBAL-0166,CT-R3-0565,P3,SPECIFIED,EXPECTED_NOT_EXECUTED,EVID-SPEC-0565,仅通过测试账号聚合根执行需要强一致的创建、状态和成员变更；跨聚合只保存标识引用。,"{""outcome"": ""SUCCESS_OR_RULE_DEFINED_REJECTION"", ""description"": ""仅通过测试账号聚合根执行需要强一致的创建、状态和成员变更；跨聚合只保存标识引用。"", ""failure_description"": ""返回明确失败原因且不部分提交""}"
ACC-R3-0566,,INV-BR-GLOBAL-0167,BR-GLOBAL-0167,CT-R3-0566,P3,SPECIFIED,EXPECTED_NOT_EXECUTED,EVID-SPEC-0566,测试账号的业务唯一键“project_id+environment_id+account_identifier”必须在“由对象定义和关联项目/环境范围共同决定”范围内唯一。,"{""outcome"": ""SUCCESS_OR_RULE_DEFINED_REJECTION"", ""description"": ""测试账号的业务唯一键“project_id+environment_id+account_identifier”必须在“由对象定义和关联项目/环境范围共同决定”范围内唯一。"", ""failure_description"": ""返回明确失败原因且不部分提交""}"
ACC-R3-0567,,INV-BR-GLOBAL-0168,BR-GLOBAL-0168,CT-R3-0567,P3,SPECIFIED,EXPECTED_NOT_EXECUTED,EVID-SPEC-0567,凭证版本的业务唯一键“credential_revision_id”必须在“由对象定义和关联项目/环境范围共同决定”范围内唯一且不可变。,"{""outcome"": ""SUCCESS_OR_RULE_DEFINED_REJECTION"", ""description"": ""凭证版本的业务唯一键“credential_revision_id”必须在“由对象定义和关联项目/环境范围共同决定”范围内唯一且不可变。"", ""failure_description"": ""返回明确失败原因且不部分提交""}"
ACC-R3-0568,,INV-BR-GLOBAL-0169,BR-GLOBAL-0169,CT-R3-0568,P3,SPECIFIED,EXPECTED_NOT_EXECUTED,EVID-SPEC-0568,账号映射修订的业务唯一键“account_mapping_revision_id”必须在“由对象定义和关联项目/环境范围共同决定”范围内唯一且不可变。,"{""outcome"": ""SUCCESS_OR_RULE_DEFINED_REJECTION"", ""description"": ""账号映射修订的业务唯一键“account_mapping_revision_id”必须在“由对象定义和关联项目/环境范围共同决定”范围内唯一且不可变。"", ""failure_description"": ""返回明确失败原因且不部分提交""}"
ACC-R3-0569,,INV-BR-GLOBAL-0170,BR-GLOBAL-0170,CT-R3-0569,P3,SPECIFIED,EXPECTED_NOT_EXECUTED,EVID-SPEC-0569,SSO身份的业务唯一键“project_id+environment_id+sso_identity_key”必须在“由对象定义和关联项目/环境范围共同决定”范围内唯一。,"{""outcome"": ""SUCCESS_OR_RULE_DEFINED_REJECTION"", ""description"": ""SSO身份的业务唯一键“project_id+environment_id+sso_identity_key”必须在“由对象定义和关联项目/环境范围共同决定”范围内唯一。"", ""failure_description"": ""返回明确失败原因且不部分提交""}"
ACC-R3-0570,,INV-BR-GLOBAL-0171,BR-GLOBAL-0171,CT-R3-0570,P3,SPECIFIED,EXPECTED_NOT_EXECUTED,EVID-SPEC-0570,登录验证资格的业务唯一键“login_qualification_id”必须在“由对象定义和关联项目/环境范围共同决定”范围内唯一且不可变。,"{""outcome"": ""SUCCESS_OR_RULE_DEFINED_REJECTION"", ""description"": ""登录验证资格的业务唯一键“login_qualification_id”必须在“由对象定义和关联项目/环境范围共同决定”范围内唯一且不可变。"", ""failure_description"": ""返回明确失败原因且不部分提交""}"
ACC-R3-0571,,INV-BR-GLOBAL-0172,BR-GLOBAL-0172,CT-R3-0571,P4,SPECIFIED,EXPECTED_NOT_EXECUTED,EVID-SPEC-0571,执行规则对应动作,"{""outcome"": ""SUCCESS_OR_RULE_DEFINED_REJECTION"", ""description"": ""测试账号账号状态受独立状态维度和状态机约束，不得与其他状态维度合并或绕过Owner服务直接改写。"", ""failure_description"": ""请求被拒绝且状态、数据库和事件均不发生非预期变化""}"
ACC-R3-0572,,INV-BR-GLOBAL-0173,BR-GLOBAL-0173,CT-R3-0572,P8,SPECIFIED,EXPECTED_NOT_EXECUTED,EVID-SPEC-0572,执行规则对应动作,"{""outcome"": ""SUCCESS_OR_RULE_DEFINED_REJECTION"", ""description"": ""登录验证资格资格结果是封闭枚举；正式写入值只能使用：PASS、FAIL。"", ""failure_description"": ""非标准值不得写入；外部值必须先完成显式映射。""}"
ACC-R3-0573,,INV-BR-GLOBAL-0174,BR-GLOBAL-0174,CT-R3-0573,P4,SPECIFIED,EXPECTED_NOT_EXECUTED,EVID-SPEC-0573,归档后禁止新写入，保留历史查询和引用完整性。,"{""outcome"": ""SUCCESS_OR_RULE_DEFINED_REJECTION"", ""description"": ""归档后禁止新写入，保留历史查询和引用完整性。"", ""failure_description"": ""返回明确失败原因且不部分提交""}"
ACC-R3-0574,,INV-BR-GLOBAL-0175,BR-GLOBAL-0175,CT-R3-0574,P4,SPECIFIED,EXPECTED_NOT_EXECUTED,EVID-SPEC-0574,存在有效引用时禁止物理删除；先停用或归档，清理由受控请求执行。,"{""outcome"": ""SUCCESS_OR_RULE_DEFINED_REJECTION"", ""description"": ""存在有效引用时禁止物理删除；先停用或归档，清理由受控请求执行。"", ""failure_description"": ""请求被拒绝且状态、数据库和事件均不发生非预期变化""}"
ACC-R3-0575,,INV-BR-GLOBAL-0176,BR-GLOBAL-0176,CT-R3-0575,P3,SPECIFIED,EXPECTED_NOT_EXECUTED,EVID-SPEC-0575,使用稳定内部标识test_account_id；业务唯一键见business_unique_keys。,"{""outcome"": ""SUCCESS_OR_RULE_DEFINED_REJECTION"", ""description"": ""使用稳定内部标识test_account_id；业务唯一键见business_unique_keys。"", ""failure_description"": ""返回明确失败原因且不部分提交""}"
ACC-R3-0576,,INV-BR-GLOBAL-0177,BR-GLOBAL-0177,CT-R3-0576,P4,SPECIFIED,EXPECTED_NOT_EXECUTED,EVID-SPEC-0576,创建→启用/维护→停用→归档；被引用时不得直接物理删除。,"{""outcome"": ""SUCCESS_OR_RULE_DEFINED_REJECTION"", ""description"": ""创建→启用/维护→停用→归档；被引用时不得直接物理删除。"", ""failure_description"": ""返回明确失败原因且不部分提交""}"
ACC-R3-0577,,INV-BR-GLOBAL-0178,BR-GLOBAL-0178,CT-R3-0577,P4,SPECIFIED,EXPECTED_NOT_EXECUTED,EVID-SPEC-0577,不可变保留并可归档；不得覆盖历史。,"{""outcome"": ""SUCCESS_OR_RULE_DEFINED_REJECTION"", ""description"": ""不可变保留并可归档；不得覆盖历史。"", ""failure_description"": ""返回明确失败原因且不部分提交""}"
ACC-R3-0578,,INV-BR-GLOBAL-0179,BR-GLOBAL-0179,CT-R3-0578,P4,SPECIFIED,EXPECTED_NOT_EXECUTED,EVID-SPEC-0578,禁止直接物理删除；仅按治理和保留策略归档/受控清理。,"{""outcome"": ""SUCCESS_OR_RULE_DEFINED_REJECTION"", ""description"": ""禁止直接物理删除；仅按治理和保留策略归档/受控清理。"", ""failure_description"": ""请求被拒绝且状态、数据库和事件均不发生非预期变化""}"
ACC-R3-0579,,INV-BR-GLOBAL-0180,BR-GLOBAL-0180,CT-R3-0579,P3,SPECIFIED,EXPECTED_NOT_EXECUTED,EVID-SPEC-0579,由父对象标识与单调递增版本号共同唯一确定。,"{""outcome"": ""SUCCESS_OR_RULE_DEFINED_REJECTION"", ""description"": ""由父对象标识与单调递增版本号共同唯一确定。"", ""failure_description"": ""返回明确失败原因且不部分提交""}"
ACC-R3-0580,,INV-BR-GLOBAL-0181,BR-GLOBAL-0181,CT-R3-0580,P4,SPECIFIED,EXPECTED_NOT_EXECUTED,EVID-SPEC-0580,创建草稿→审核/发布→不可变使用→退役/归档；变更创建新版本。,"{""outcome"": ""SUCCESS_OR_RULE_DEFINED_REJECTION"", ""description"": ""创建草稿→审核/发布→不可变使用→退役/归档；变更创建新版本。"", ""failure_description"": ""请求被拒绝且状态、数据库和事件均不发生非预期变化""}"
ACC-R3-0581,,INV-BR-GLOBAL-0182,BR-GLOBAL-0182,CT-R3-0581,P3,SPECIFIED,EXPECTED_NOT_EXECUTED,EVID-SPEC-0581,使用稳定内部标识sso_identity_id；业务唯一键见business_unique_keys。,"{""outcome"": ""SUCCESS_OR_RULE_DEFINED_REJECTION"", ""description"": ""使用稳定内部标识sso_identity_id；业务唯一键见business_unique_keys。"", ""failure_description"": ""返回明确失败原因且不部分提交""}"
ACC-R3-0582,,INV-BR-GLOBAL-0183,BR-GLOBAL-0183,CT-R3-0582,P3,SPECIFIED,EXPECTED_NOT_EXECUTED,EVID-SPEC-0582,使用稳定内部标识login_qualification_id；业务唯一键见business_unique_keys。,"{""outcome"": ""SUCCESS_OR_RULE_DEFINED_REJECTION"", ""description"": ""使用稳定内部标识login_qualification_id；业务唯一键见business_unique_keys。"", ""failure_description"": ""返回明确失败原因且不部分提交""}"
ACC-R3-0583,,INV-BR-GLOBAL-0184,BR-GLOBAL-0184,CT-R3-0583,P3,SPECIFIED,EXPECTED_NOT_EXECUTED,EVID-SPEC-0583,执行规则对应动作,"{""outcome"": ""SUCCESS_OR_RULE_DEFINED_REJECTION"", ""description"": ""数据类型只能通过测试数据资源聚合边界变更。"", ""failure_description"": ""返回明确失败原因且不部分提交""}"
ACC-R3-0584,,INV-BR-GLOBAL-0185,BR-GLOBAL-0185,CT-R3-0584,P3,SPECIFIED,EXPECTED_NOT_EXECUTED,EVID-SPEC-0584,执行规则对应动作,"{""outcome"": ""SUCCESS_OR_RULE_DEFINED_REJECTION"", ""description"": ""禁止绕过测试数据资源聚合根直接修改成员对象。"", ""failure_description"": ""请求被拒绝且状态、数据库和事件均不发生非预期变化""}"
ACC-R3-0585,,INV-BR-GLOBAL-0186,BR-GLOBAL-0186,CT-R3-0585,P3,SPECIFIED,EXPECTED_NOT_EXECUTED,EVID-SPEC-0585,执行规则对应动作,"{""outcome"": ""SUCCESS_OR_RULE_DEFINED_REJECTION"", ""description"": ""禁止跨聚合事务直接修改外部对象内部状态。"", ""failure_description"": ""请求被拒绝且状态、数据库和事件均不发生非预期变化""}"
ACC-R3-0586,,INV-BR-GLOBAL-0187,BR-GLOBAL-0187,CT-R3-0586,P3,SPECIFIED,EXPECTED_NOT_EXECUTED,EVID-SPEC-0586,仅通过测试数据资源聚合根执行需要强一致的创建、状态和成员变更；跨聚合只保存标识引用。,"{""outcome"": ""SUCCESS_OR_RULE_DEFINED_REJECTION"", ""description"": ""仅通过测试数据资源聚合根执行需要强一致的创建、状态和成员变更；跨聚合只保存标识引用。"", ""failure_description"": ""返回明确失败原因且不部分提交""}"
ACC-R3-0587,,INV-BR-GLOBAL-0188,BR-GLOBAL-0188,CT-R3-0587,P3,SPECIFIED,EXPECTED_NOT_EXECUTED,EVID-SPEC-0587,执行规则对应动作,"{""outcome"": ""SUCCESS_OR_RULE_DEFINED_REJECTION"", ""description"": ""禁止绕过数据操作任务聚合根直接修改成员对象。"", ""failure_description"": ""请求被拒绝且状态、数据库和事件均不发生非预期变化""}"
ACC-R3-0588,,INV-BR-GLOBAL-0189,BR-GLOBAL-0189,CT-R3-0588,P3,SPECIFIED,EXPECTED_NOT_EXECUTED,EVID-SPEC-0588,仅通过数据操作任务聚合根执行需要强一致的创建、状态和成员变更；跨聚合只保存标识引用。,"{""outcome"": ""SUCCESS_OR_RULE_DEFINED_REJECTION"", ""description"": ""仅通过数据操作任务聚合根执行需要强一致的创建、状态和成员变更；跨聚合只保存标识引用。"", ""failure_description"": ""返回明确失败原因且不部分提交""}"
ACC-R3-0589,,INV-BR-GLOBAL-0190,BR-GLOBAL-0190,CT-R3-0589,P3,SPECIFIED,EXPECTED_NOT_EXECUTED,EVID-SPEC-0589,数据类型的业务唯一键“project_id+data_type_code”必须在“由对象定义和关联项目/环境范围共同决定”范围内唯一。,"{""outcome"": ""SUCCESS_OR_RULE_DEFINED_REJECTION"", ""description"": ""数据类型的业务唯一键“project_id+data_type_code”必须在“由对象定义和关联项目/环境范围共同决定”范围内唯一。"", ""failure_description"": ""返回明确失败原因且不部分提交""}"
ACC-R3-0590,,INV-BR-GLOBAL-0191,BR-GLOBAL-0191,CT-R3-0590,P3,SPECIFIED,EXPECTED_NOT_EXECUTED,EVID-SPEC-0590,测试数据资源的业务唯一键“project_id+environment_id+resource_key”必须在“由对象定义和关联项目/环境范围共同决定”范围内唯一。,"{""outcome"": ""SUCCESS_OR_RULE_DEFINED_REJECTION"", ""description"": ""测试数据资源的业务唯一键“project_id+environment_id+resource_key”必须在“由对象定义和关联项目/环境范围共同决定”范围内唯一。"", ""failure_description"": ""返回明确失败原因且不部分提交""}"
ACC-R3-0591,,INV-BR-GLOBAL-0192,BR-GLOBAL-0192,CT-R3-0591,P3,SPECIFIED,EXPECTED_NOT_EXECUTED,EVID-SPEC-0591,数据操作任务的业务唯一键“data_operation_task_id”必须在“由对象定义和关联项目/环境范围共同决定”范围内唯一且不可变。,"{""outcome"": ""SUCCESS_OR_RULE_DEFINED_REJECTION"", ""description"": ""数据操作任务的业务唯一键“data_operation_task_id”必须在“由对象定义和关联项目/环境范围共同决定”范围内唯一且不可变。"", ""failure_description"": ""返回明确失败原因且不部分提交""}"
ACC-R3-0592,,INV-BR-GLOBAL-0193,BR-GLOBAL-0193,CT-R3-0592,P4,SPECIFIED,EXPECTED_NOT_EXECUTED,EVID-SPEC-0592,执行规则对应动作,"{""outcome"": ""SUCCESS_OR_RULE_DEFINED_REJECTION"", ""description"": ""测试数据资源占用状态受独立状态维度和状态机约束，不得与其他状态维度合并或绕过Owner服务直接改写。"", ""failure_description"": ""请求被拒绝且状态、数据库和事件均不发生非预期变化""}"
ACC-R3-0593,,INV-BR-GLOBAL-0194,BR-GLOBAL-0194,CT-R3-0593,P8,SPECIFIED,EXPECTED_NOT_EXECUTED,EVID-SPEC-0593,执行规则对应动作,"{""outcome"": ""SUCCESS_OR_RULE_DEFINED_REJECTION"", ""description"": ""测试数据资源占用状态是封闭枚举；正式写入值只能使用：ALLOCATED。"", ""failure_description"": ""非标准值不得写入；外部值必须先完成显式映射。""}"
ACC-R3-0594,,INV-BR-GLOBAL-0195,BR-GLOBAL-0195,CT-R3-0594,P8,SPECIFIED,EXPECTED_NOT_EXECUTED,EVID-SPEC-0594,执行规则对应动作,"{""outcome"": ""SUCCESS_OR_RULE_DEFINED_REJECTION"", ""description"": ""数据操作任务操作类型是封闭枚举；正式写入值只能使用：GENERATE、REFRESH、CLEANUP、VALIDATE。"", ""failure_description"": ""非标准值不得写入；外部值必须先完成显式映射。""}"
ACC-R3-0595,,INV-BR-GLOBAL-0196,BR-GLOBAL-0196,CT-R3-0595,P4,SPECIFIED,EXPECTED_NOT_EXECUTED,EVID-SPEC-0595,归档后禁止新写入，保留历史查询和引用完整性。,"{""outcome"": ""SUCCESS_OR_RULE_DEFINED_REJECTION"", ""description"": ""归档后禁止新写入，保留历史查询和引用完整性。"", ""failure_description"": ""返回明确失败原因且不部分提交""}"
ACC-R3-0596,,INV-BR-GLOBAL-0197,BR-GLOBAL-0197,CT-R3-0596,P4,SPECIFIED,EXPECTED_NOT_EXECUTED,EVID-SPEC-0596,存在有效引用时禁止物理删除；先停用或归档，清理由受控请求执行。,"{""outcome"": ""SUCCESS_OR_RULE_DEFINED_REJECTION"", ""description"": ""存在有效引用时禁止物理删除；先停用或归档，清理由受控请求执行。"", ""failure_description"": ""请求被拒绝且状态、数据库和事件均不发生非预期变化""}"
ACC-R3-0597,,INV-BR-GLOBAL-0198,BR-GLOBAL-0198,CT-R3-0597,P3,SPECIFIED,EXPECTED_NOT_EXECUTED,EVID-SPEC-0597,使用稳定内部标识test_data_type_id；业务唯一键见business_unique_keys。,"{""outcome"": ""SUCCESS_OR_RULE_DEFINED_REJECTION"", ""description"": ""使用稳定内部标识test_data_type_id；业务唯一键见business_unique_keys。"", ""failure_description"": ""返回明确失败原因且不部分提交""}"
ACC-R3-0598,,INV-BR-GLOBAL-0199,BR-GLOBAL-0199,CT-R3-0598,P4,SPECIFIED,EXPECTED_NOT_EXECUTED,EVID-SPEC-0598,创建→启用/维护→停用→归档；被引用时不得直接物理删除。,"{""outcome"": ""SUCCESS_OR_RULE_DEFINED_REJECTION"", ""description"": ""创建→启用/维护→停用→归档；被引用时不得直接物理删除。"", ""failure_description"": ""返回明确失败原因且不部分提交""}"
ACC-R3-0599,,INV-BR-GLOBAL-0200,BR-GLOBAL-0200,CT-R3-0599,P3,SPECIFIED,EXPECTED_NOT_EXECUTED,EVID-SPEC-0599,使用稳定内部标识test_data_resource_id；业务唯一键见business_unique_keys。,"{""outcome"": ""SUCCESS_OR_RULE_DEFINED_REJECTION"", ""description"": ""使用稳定内部标识test_data_resource_id；业务唯一键见business_unique_keys。"", ""failure_description"": ""返回明确失败原因且不部分提交""}"
ACC-R3-0600,,INV-BR-GLOBAL-0201,BR-GLOBAL-0201,CT-R3-0600,P3,SPECIFIED,EXPECTED_NOT_EXECUTED,EVID-SPEC-0600,使用稳定内部标识data_operation_task_id；业务唯一键见business_unique_keys。,"{""outcome"": ""SUCCESS_OR_RULE_DEFINED_REJECTION"", ""description"": ""使用稳定内部标识data_operation_task_id；业务唯一键见business_unique_keys。"", ""failure_description"": ""返回明确失败原因且不部分提交""}"
ACC-R3-0601,,INV-BR-GLOBAL-0202,BR-GLOBAL-0202,CT-R3-0601,P3,SPECIFIED,EXPECTED_NOT_EXECUTED,EVID-SPEC-0601,执行规则对应动作,"{""outcome"": ""SUCCESS_OR_RULE_DEFINED_REJECTION"", ""description"": ""禁止绕过自然语言用例聚合根直接修改成员对象。"", ""failure_description"": ""请求被拒绝且状态、数据库和事件均不发生非预期变化""}"
ACC-R3-0602,,INV-BR-GLOBAL-0203,BR-GLOBAL-0203,CT-R3-0602,P3,SPECIFIED,EXPECTED_NOT_EXECUTED,EVID-SPEC-0602,执行规则对应动作,"{""outcome"": ""SUCCESS_OR_RULE_DEFINED_REJECTION"", ""description"": ""禁止跨聚合事务直接修改外部对象内部状态。"", ""failure_description"": ""请求被拒绝且状态、数据库和事件均不发生非预期变化""}"
ACC-R3-0603,,INV-BR-GLOBAL-0204,BR-GLOBAL-0204,CT-R3-0603,P3,SPECIFIED,EXPECTED_NOT_EXECUTED,EVID-SPEC-0603,仅通过自然语言用例聚合根执行需要强一致的创建、状态和成员变更；跨聚合只保存标识引用。,"{""outcome"": ""SUCCESS_OR_RULE_DEFINED_REJECTION"", ""description"": ""仅通过自然语言用例聚合根执行需要强一致的创建、状态和成员变更；跨聚合只保存标识引用。"", ""failure_description"": ""返回明确失败原因且不部分提交""}"
ACC-R3-0604,,INV-BR-GLOBAL-0205,BR-GLOBAL-0205,CT-R3-0604,P3,SPECIFIED,EXPECTED_NOT_EXECUTED,EVID-SPEC-0604,自然语言用例的业务唯一键“natural_language_case_id”必须在“由对象定义和关联项目/环境范围共同决定”范围内唯一且不可变。,"{""outcome"": ""SUCCESS_OR_RULE_DEFINED_REJECTION"", ""description"": ""自然语言用例的业务唯一键“natural_language_case_id”必须在“由对象定义和关联项目/环境范围共同决定”范围内唯一且不可变。"", ""failure_description"": ""返回明确失败原因且不部分提交""}"
ACC-R3-0605,,INV-BR-GLOBAL-0206,BR-GLOBAL-0206,CT-R3-0605,P4,SPECIFIED,EXPECTED_NOT_EXECUTED,EVID-SPEC-0605,执行规则对应动作,"{""outcome"": ""SUCCESS_OR_RULE_DEFINED_REJECTION"", ""description"": ""自然语言用例当前状态受独立状态维度和状态机约束，不得与其他状态维度合并或绕过Owner服务直接改写。"", ""failure_description"": ""请求被拒绝且状态、数据库和事件均不发生非预期变化""}"
ACC-R3-0606,,INV-BR-GLOBAL-0207,BR-GLOBAL-0207,CT-R3-0606,P4,SPECIFIED,EXPECTED_NOT_EXECUTED,EVID-SPEC-0606,归档后禁止新写入，保留历史查询和引用完整性。,"{""outcome"": ""SUCCESS_OR_RULE_DEFINED_REJECTION"", ""description"": ""归档后禁止新写入，保留历史查询和引用完整性。"", ""failure_description"": ""返回明确失败原因且不部分提交""}"
ACC-R3-0607,,INV-BR-GLOBAL-0208,BR-GLOBAL-0208,CT-R3-0607,P4,SPECIFIED,EXPECTED_NOT_EXECUTED,EVID-SPEC-0607,存在有效引用时禁止物理删除；先停用或归档，清理由受控请求执行。,"{""outcome"": ""SUCCESS_OR_RULE_DEFINED_REJECTION"", ""description"": ""存在有效引用时禁止物理删除；先停用或归档，清理由受控请求执行。"", ""failure_description"": ""请求被拒绝且状态、数据库和事件均不发生非预期变化""}"
ACC-R3-0608,,INV-BR-GLOBAL-0209,BR-GLOBAL-0209,CT-R3-0608,P3,SPECIFIED,EXPECTED_NOT_EXECUTED,EVID-SPEC-0608,使用稳定内部标识natural_language_case_id；业务唯一键见business_unique_keys。,"{""outcome"": ""SUCCESS_OR_RULE_DEFINED_REJECTION"", ""description"": ""使用稳定内部标识natural_language_case_id；业务唯一键见business_unique_keys。"", ""failure_description"": ""返回明确失败原因且不部分提交""}"
ACC-R3-0609,,INV-BR-GLOBAL-0210,BR-GLOBAL-0210,CT-R3-0609,P4,SPECIFIED,EXPECTED_NOT_EXECUTED,EVID-SPEC-0609,创建→启用/维护→停用→归档；被引用时不得直接物理删除。,"{""outcome"": ""SUCCESS_OR_RULE_DEFINED_REJECTION"", ""description"": ""创建→启用/维护→停用→归档；被引用时不得直接物理删除。"", ""failure_description"": ""返回明确失败原因且不部分提交""}"
ACC-R3-0610,,INV-BR-GLOBAL-0211,BR-GLOBAL-0211,CT-R3-0610,P3,SPECIFIED,EXPECTED_NOT_EXECUTED,EVID-SPEC-0610,执行规则对应动作,"{""outcome"": ""SUCCESS_OR_RULE_DEFINED_REJECTION"", ""description"": ""用例版本只能通过标准结构用例聚合边界变更。"", ""failure_description"": ""返回明确失败原因且不部分提交""}"
ACC-R3-0611,,INV-BR-GLOBAL-0212,BR-GLOBAL-0212,CT-R3-0611,P3,SPECIFIED,EXPECTED_NOT_EXECUTED,EVID-SPEC-0611,执行规则对应动作,"{""outcome"": ""SUCCESS_OR_RULE_DEFINED_REJECTION"", ""description"": ""用例步骤只能通过标准结构用例聚合边界变更。"", ""failure_description"": ""返回明确失败原因且不部分提交""}"
ACC-R3-0612,,INV-BR-GLOBAL-0213,BR-GLOBAL-0213,CT-R3-0612,P3,SPECIFIED,EXPECTED_NOT_EXECUTED,EVID-SPEC-0612,执行规则对应动作,"{""outcome"": ""SUCCESS_OR_RULE_DEFINED_REJECTION"", ""description"": ""禁止绕过标准结构用例聚合根直接修改成员对象。"", ""failure_description"": ""请求被拒绝且状态、数据库和事件均不发生非预期变化""}"
ACC-R3-0613,,INV-BR-GLOBAL-0214,BR-GLOBAL-0214,CT-R3-0613,P3,SPECIFIED,EXPECTED_NOT_EXECUTED,EVID-SPEC-0613,执行规则对应动作,"{""outcome"": ""SUCCESS_OR_RULE_DEFINED_REJECTION"", ""description"": ""禁止跨聚合事务直接修改外部对象内部状态。"", ""failure_description"": ""请求被拒绝且状态、数据库和事件均不发生非预期变化""}"
ACC-R3-0614,,INV-BR-GLOBAL-0215,BR-GLOBAL-0215,CT-R3-0614,P3,SPECIFIED,EXPECTED_NOT_EXECUTED,EVID-SPEC-0614,仅通过标准结构用例聚合根执行需要强一致的创建、状态和成员变更；跨聚合只保存标识引用。,"{""outcome"": ""SUCCESS_OR_RULE_DEFINED_REJECTION"", ""description"": ""仅通过标准结构用例聚合根执行需要强一致的创建、状态和成员变更；跨聚合只保存标识引用。"", ""failure_description"": ""返回明确失败原因且不部分提交""}"
ACC-R3-0615,,INV-BR-GLOBAL-0216,BR-GLOBAL-0216,CT-R3-0615,P3,SPECIFIED,EXPECTED_NOT_EXECUTED,EVID-SPEC-0615,标准结构用例的业务唯一键“project_id+case_code”必须在“由对象定义和关联项目/环境范围共同决定”范围内唯一。,"{""outcome"": ""SUCCESS_OR_RULE_DEFINED_REJECTION"", ""description"": ""标准结构用例的业务唯一键“project_id+case_code”必须在“由对象定义和关联项目/环境范围共同决定”范围内唯一。"", ""failure_description"": ""返回明确失败原因且不部分提交""}"
ACC-R3-0616,,INV-BR-GLOBAL-0217,BR-GLOBAL-0217,CT-R3-0616,P3,SPECIFIED,EXPECTED_NOT_EXECUTED,EVID-SPEC-0616,用例版本的业务唯一键“case_id+version_no”必须在“由对象定义和关联项目/环境范围共同决定”范围内唯一。,"{""outcome"": ""SUCCESS_OR_RULE_DEFINED_REJECTION"", ""description"": ""用例版本的业务唯一键“case_id+version_no”必须在“由对象定义和关联项目/环境范围共同决定”范围内唯一。"", ""failure_description"": ""返回明确失败原因且不部分提交""}"
ACC-R3-0617,,INV-BR-GLOBAL-0218,BR-GLOBAL-0218,CT-R3-0617,P3,SPECIFIED,EXPECTED_NOT_EXECUTED,EVID-SPEC-0617,用例步骤的业务唯一键“case_version_id+sequence”必须在“由对象定义和关联项目/环境范围共同决定”范围内唯一。,"{""outcome"": ""SUCCESS_OR_RULE_DEFINED_REJECTION"", ""description"": ""用例步骤的业务唯一键“case_version_id+sequence”必须在“由对象定义和关联项目/环境范围共同决定”范围内唯一。"", ""failure_description"": ""返回明确失败原因且不部分提交""}"
ACC-R3-0618,,INV-BR-GLOBAL-0219,BR-GLOBAL-0219,CT-R3-0618,P3,SPECIFIED,EXPECTED_NOT_EXECUTED,EVID-SPEC-0618,执行规则对应动作,"{""outcome"": ""SUCCESS_OR_RULE_DEFINED_REJECTION"", ""description"": ""发布或冻结的修订不得原地改写；变更必须创建新版本。"", ""failure_description"": ""请求被拒绝且状态、数据库和事件均不发生非预期变化""}"
ACC-R3-0619,,INV-BR-GLOBAL-0220,BR-GLOBAL-0220,CT-R3-0619,P3,SPECIFIED,EXPECTED_NOT_EXECUTED,EVID-SPEC-0619,加密API场景优先由UI触发请求并监听响应提取订单号、条码、库存、验证码等数据。,"{""outcome"": ""SUCCESS_OR_RULE_DEFINED_REJECTION"", ""description"": ""加密API场景优先由UI触发请求并监听响应提取订单号、条码、库存、验证码等数据。"", ""failure_description"": ""返回明确失败原因且不部分提交""}"
ACC-R3-0620,,INV-BR-GLOBAL-0221,BR-GLOBAL-0221,CT-R3-0620,P4,SPECIFIED,EXPECTED_NOT_EXECUTED,EVID-SPEC-0620,归档后禁止新写入，保留历史查询和引用完整性。,"{""outcome"": ""SUCCESS_OR_RULE_DEFINED_REJECTION"", ""description"": ""归档后禁止新写入，保留历史查询和引用完整性。"", ""failure_description"": ""返回明确失败原因且不部分提交""}"
ACC-R3-0621,,INV-BR-GLOBAL-0222,BR-GLOBAL-0222,CT-R3-0621,P4,SPECIFIED,EXPECTED_NOT_EXECUTED,EVID-SPEC-0621,存在有效引用时禁止物理删除；先停用或归档，清理由受控请求执行。,"{""outcome"": ""SUCCESS_OR_RULE_DEFINED_REJECTION"", ""description"": ""存在有效引用时禁止物理删除；先停用或归档，清理由受控请求执行。"", ""failure_description"": ""请求被拒绝且状态、数据库和事件均不发生非预期变化""}"
ACC-R3-0622,,INV-BR-GLOBAL-0223,BR-GLOBAL-0223,CT-R3-0622,P3,SPECIFIED,EXPECTED_NOT_EXECUTED,EVID-SPEC-0622,使用稳定内部标识standard_case_id；业务唯一键见business_unique_keys。,"{""outcome"": ""SUCCESS_OR_RULE_DEFINED_REJECTION"", ""description"": ""使用稳定内部标识standard_case_id；业务唯一键见business_unique_keys。"", ""failure_description"": ""返回明确失败原因且不部分提交""}"
ACC-R3-0623,,INV-BR-GLOBAL-0224,BR-GLOBAL-0224,CT-R3-0623,P4,SPECIFIED,EXPECTED_NOT_EXECUTED,EVID-SPEC-0623,创建→启用/维护→停用→归档；被引用时不得直接物理删除。,"{""outcome"": ""SUCCESS_OR_RULE_DEFINED_REJECTION"", ""description"": ""创建→启用/维护→停用→归档；被引用时不得直接物理删除。"", ""failure_description"": ""返回明确失败原因且不部分提交""}"
ACC-R3-0624,,INV-BR-GLOBAL-0225,BR-GLOBAL-0225,CT-R3-0624,P4,SPECIFIED,EXPECTED_NOT_EXECUTED,EVID-SPEC-0624,不可变保留并可归档；不得覆盖历史。,"{""outcome"": ""SUCCESS_OR_RULE_DEFINED_REJECTION"", ""description"": ""不可变保留并可归档；不得覆盖历史。"", ""failure_description"": ""返回明确失败原因且不部分提交""}"
ACC-R3-0625,,INV-BR-GLOBAL-0226,BR-GLOBAL-0226,CT-R3-0625,P4,SPECIFIED,EXPECTED_NOT_EXECUTED,EVID-SPEC-0625,禁止直接物理删除；仅按治理和保留策略归档/受控清理。,"{""outcome"": ""SUCCESS_OR_RULE_DEFINED_REJECTION"", ""description"": ""禁止直接物理删除；仅按治理和保留策略归档/受控清理。"", ""failure_description"": ""请求被拒绝且状态、数据库和事件均不发生非预期变化""}"
ACC-R3-0626,,INV-BR-GLOBAL-0227,BR-GLOBAL-0227,CT-R3-0626,P3,SPECIFIED,EXPECTED_NOT_EXECUTED,EVID-SPEC-0626,由父对象标识与单调递增版本号共同唯一确定。,"{""outcome"": ""SUCCESS_OR_RULE_DEFINED_REJECTION"", ""description"": ""由父对象标识与单调递增版本号共同唯一确定。"", ""failure_description"": ""返回明确失败原因且不部分提交""}"
ACC-R3-0627,,INV-BR-GLOBAL-0228,BR-GLOBAL-0228,CT-R3-0627,P4,SPECIFIED,EXPECTED_NOT_EXECUTED,EVID-SPEC-0627,创建草稿→审核/发布→不可变使用→退役/归档；变更创建新版本。,"{""outcome"": ""SUCCESS_OR_RULE_DEFINED_REJECTION"", ""description"": ""创建草稿→审核/发布→不可变使用→退役/归档；变更创建新版本。"", ""failure_description"": ""请求被拒绝且状态、数据库和事件均不发生非预期变化""}"
ACC-R3-0628,,INV-BR-GLOBAL-0229,BR-GLOBAL-0229,CT-R3-0628,P3,SPECIFIED,EXPECTED_NOT_EXECUTED,EVID-SPEC-0628,使用稳定内部标识case_step_id；业务唯一键见business_unique_keys。,"{""outcome"": ""SUCCESS_OR_RULE_DEFINED_REJECTION"", ""description"": ""使用稳定内部标识case_step_id；业务唯一键见business_unique_keys。"", ""failure_description"": ""返回明确失败原因且不部分提交""}"
ACC-R3-0629,,INV-BR-GLOBAL-0230,BR-GLOBAL-0230,CT-R3-0629,P3,SPECIFIED,EXPECTED_NOT_EXECUTED,EVID-SPEC-0629,执行规则对应动作,"{""outcome"": ""SUCCESS_OR_RULE_DEFINED_REJECTION"", ""description"": ""用例套件项只能通过用例套件聚合边界变更。"", ""failure_description"": ""返回明确失败原因且不部分提交""}"
ACC-R3-0630,,INV-BR-GLOBAL-0231,BR-GLOBAL-0231,CT-R3-0630,P3,SPECIFIED,EXPECTED_NOT_EXECUTED,EVID-SPEC-0630,执行规则对应动作,"{""outcome"": ""SUCCESS_OR_RULE_DEFINED_REJECTION"", ""description"": ""套件通过关系实体引用版本。"", ""failure_description"": ""返回明确失败原因且不部分提交""}"
ACC-R3-0631,,INV-BR-GLOBAL-0232,BR-GLOBAL-0232,CT-R3-0631,P3,SPECIFIED,EXPECTED_NOT_EXECUTED,EVID-SPEC-0631,执行规则对应动作,"{""outcome"": ""SUCCESS_OR_RULE_DEFINED_REJECTION"", ""description"": ""禁止绕过用例套件聚合根直接修改成员对象。"", ""failure_description"": ""请求被拒绝且状态、数据库和事件均不发生非预期变化""}"
ACC-R3-0632,,INV-BR-GLOBAL-0233,BR-GLOBAL-0233,CT-R3-0632,P3,SPECIFIED,EXPECTED_NOT_EXECUTED,EVID-SPEC-0632,执行规则对应动作,"{""outcome"": ""SUCCESS_OR_RULE_DEFINED_REJECTION"", ""description"": ""禁止跨聚合事务直接修改外部对象内部状态。"", ""failure_description"": ""请求被拒绝且状态、数据库和事件均不发生非预期变化""}"
ACC-R3-0633,,INV-BR-GLOBAL-0234,BR-GLOBAL-0234,CT-R3-0633,P3,SPECIFIED,EXPECTED_NOT_EXECUTED,EVID-SPEC-0633,仅通过用例套件聚合根执行需要强一致的创建、状态和成员变更；跨聚合只保存标识引用。,"{""outcome"": ""SUCCESS_OR_RULE_DEFINED_REJECTION"", ""description"": ""仅通过用例套件聚合根执行需要强一致的创建、状态和成员变更；跨聚合只保存标识引用。"", ""failure_description"": ""返回明确失败原因且不部分提交""}"
ACC-R3-0634,,INV-BR-GLOBAL-0235,BR-GLOBAL-0235,CT-R3-0634,P3,SPECIFIED,EXPECTED_NOT_EXECUTED,EVID-SPEC-0634,执行规则对应动作,"{""outcome"": ""SUCCESS_OR_RULE_DEFINED_REJECTION"", ""description"": ""跨端编排只能通过业务流程模板聚合边界变更。"", ""failure_description"": ""返回明确失败原因且不部分提交""}"
ACC-R3-0635,,INV-BR-GLOBAL-0236,BR-GLOBAL-0236,CT-R3-0635,P3,SPECIFIED,EXPECTED_NOT_EXECUTED,EVID-SPEC-0635,执行规则对应动作,"{""outcome"": ""SUCCESS_OR_RULE_DEFINED_REJECTION"", ""description"": ""流程模板可定义跨端编排。"", ""failure_description"": ""返回明确失败原因且不部分提交""}"
ACC-R3-0636,,INV-BR-GLOBAL-0237,BR-GLOBAL-0237,CT-R3-0636,P3,SPECIFIED,EXPECTED_NOT_EXECUTED,EVID-SPEC-0636,执行规则对应动作,"{""outcome"": ""SUCCESS_OR_RULE_DEFINED_REJECTION"", ""description"": ""禁止绕过业务流程模板聚合根直接修改成员对象。"", ""failure_description"": ""请求被拒绝且状态、数据库和事件均不发生非预期变化""}"
ACC-R3-0637,,INV-BR-GLOBAL-0238,BR-GLOBAL-0238,CT-R3-0637,P3,SPECIFIED,EXPECTED_NOT_EXECUTED,EVID-SPEC-0637,仅通过业务流程模板聚合根执行需要强一致的创建、状态和成员变更；跨聚合只保存标识引用。,"{""outcome"": ""SUCCESS_OR_RULE_DEFINED_REJECTION"", ""description"": ""仅通过业务流程模板聚合根执行需要强一致的创建、状态和成员变更；跨聚合只保存标识引用。"", ""failure_description"": ""返回明确失败原因且不部分提交""}"
ACC-R3-0638,,INV-BR-GLOBAL-0239,BR-GLOBAL-0239,CT-R3-0638,P3,SPECIFIED,EXPECTED_NOT_EXECUTED,EVID-SPEC-0638,用例套件的业务唯一键“project_id+suite_code”必须在“由对象定义和关联项目/环境范围共同决定”范围内唯一。,"{""outcome"": ""SUCCESS_OR_RULE_DEFINED_REJECTION"", ""description"": ""用例套件的业务唯一键“project_id+suite_code”必须在“由对象定义和关联项目/环境范围共同决定”范围内唯一。"", ""failure_description"": ""返回明确失败原因且不部分提交""}"
ACC-R3-0639,,INV-BR-GLOBAL-0240,BR-GLOBAL-0240,CT-R3-0639,P3,SPECIFIED,EXPECTED_NOT_EXECUTED,EVID-SPEC-0639,业务流程模板的业务唯一键“business_flow_template_id”必须在“由对象定义和关联项目/环境范围共同决定”范围内唯一且不可变。,"{""outcome"": ""SUCCESS_OR_RULE_DEFINED_REJECTION"", ""description"": ""业务流程模板的业务唯一键“business_flow_template_id”必须在“由对象定义和关联项目/环境范围共同决定”范围内唯一且不可变。"", ""failure_description"": ""返回明确失败原因且不部分提交""}"
ACC-R3-0640,,INV-BR-GLOBAL-0241,BR-GLOBAL-0241,CT-R3-0640,P3,SPECIFIED,EXPECTED_NOT_EXECUTED,EVID-SPEC-0640,用例套件项的业务唯一键“suite_id+case_version_id”必须在“由对象定义和关联项目/环境范围共同决定”范围内唯一。,"{""outcome"": ""SUCCESS_OR_RULE_DEFINED_REJECTION"", ""description"": ""用例套件项的业务唯一键“suite_id+case_version_id”必须在“由对象定义和关联项目/环境范围共同决定”范围内唯一。"", ""failure_description"": ""返回明确失败原因且不部分提交""}"
ACC-R3-0641,,INV-BR-GLOBAL-0242,BR-GLOBAL-0242,CT-R3-0641,P3,SPECIFIED,EXPECTED_NOT_EXECUTED,EVID-SPEC-0641,执行规则对应动作,"{""outcome"": ""SUCCESS_OR_RULE_DEFINED_REJECTION"", ""description"": ""套件项固定引用用例版本；新版本发布后不得自动升级。"", ""failure_description"": ""请求被拒绝且状态、数据库和事件均不发生非预期变化""}"
ACC-R3-0642,,INV-BR-GLOBAL-0243,BR-GLOBAL-0243,CT-R3-0642,P4,SPECIFIED,EXPECTED_NOT_EXECUTED,EVID-SPEC-0642,归档后禁止新写入，保留历史查询和引用完整性。,"{""outcome"": ""SUCCESS_OR_RULE_DEFINED_REJECTION"", ""description"": ""归档后禁止新写入，保留历史查询和引用完整性。"", ""failure_description"": ""返回明确失败原因且不部分提交""}"
ACC-R3-0643,,INV-BR-GLOBAL-0244,BR-GLOBAL-0244,CT-R3-0643,P4,SPECIFIED,EXPECTED_NOT_EXECUTED,EVID-SPEC-0643,存在有效引用时禁止物理删除；先停用或归档，清理由受控请求执行。,"{""outcome"": ""SUCCESS_OR_RULE_DEFINED_REJECTION"", ""description"": ""存在有效引用时禁止物理删除；先停用或归档，清理由受控请求执行。"", ""failure_description"": ""请求被拒绝且状态、数据库和事件均不发生非预期变化""}"
ACC-R3-0644,,INV-BR-GLOBAL-0245,BR-GLOBAL-0245,CT-R3-0644,P3,SPECIFIED,EXPECTED_NOT_EXECUTED,EVID-SPEC-0644,使用稳定内部标识case_suite_id；业务唯一键见business_unique_keys。,"{""outcome"": ""SUCCESS_OR_RULE_DEFINED_REJECTION"", ""description"": ""使用稳定内部标识case_suite_id；业务唯一键见business_unique_keys。"", ""failure_description"": ""返回明确失败原因且不部分提交""}"
ACC-R3-0645,,INV-BR-GLOBAL-0246,BR-GLOBAL-0246,CT-R3-0645,P4,SPECIFIED,EXPECTED_NOT_EXECUTED,EVID-SPEC-0645,创建→启用/维护→停用→归档；被引用时不得直接物理删除。,"{""outcome"": ""SUCCESS_OR_RULE_DEFINED_REJECTION"", ""description"": ""创建→启用/维护→停用→归档；被引用时不得直接物理删除。"", ""failure_description"": ""请求被拒绝且状态、数据库和事件均不发生非预期变化""}"
ACC-R3-0646,,INV-BR-GLOBAL-0247,BR-GLOBAL-0247,CT-R3-0646,P3,SPECIFIED,EXPECTED_NOT_EXECUTED,EVID-SPEC-0646,使用稳定内部标识business_flow_template_id；业务唯一键见business_unique_keys。,"{""outcome"": ""SUCCESS_OR_RULE_DEFINED_REJECTION"", ""description"": ""使用稳定内部标识business_flow_template_id；业务唯一键见business_unique_keys。"", ""failure_description"": ""返回明确失败原因且不部分提交""}"
ACC-R3-0647,,INV-BR-GLOBAL-0248,BR-GLOBAL-0248,CT-R3-0647,P3,SPECIFIED,EXPECTED_NOT_EXECUTED,EVID-SPEC-0647,由关系两端标识、作用域与生效版本共同唯一确定；保留独立历史ID。,"{""outcome"": ""SUCCESS_OR_RULE_DEFINED_REJECTION"", ""description"": ""由关系两端标识、作用域与生效版本共同唯一确定；保留独立历史ID。"", ""failure_description"": ""返回明确失败原因且不部分提交""}"
ACC-R3-0648,,INV-BR-GLOBAL-0249,BR-GLOBAL-0249,CT-R3-0648,P3,SPECIFIED,EXPECTED_NOT_EXECUTED,EVID-SPEC-0648,执行规则对应动作,"{""outcome"": ""SUCCESS_OR_RULE_DEFINED_REJECTION"", ""description"": ""禁止绕过AI页面探索聚合根直接修改成员对象。"", ""failure_description"": ""请求被拒绝且状态、数据库和事件均不发生非预期变化""}"
ACC-R3-0649,,INV-BR-GLOBAL-0250,BR-GLOBAL-0250,CT-R3-0649,P3,SPECIFIED,EXPECTED_NOT_EXECUTED,EVID-SPEC-0649,执行规则对应动作,"{""outcome"": ""SUCCESS_OR_RULE_DEFINED_REJECTION"", ""description"": ""禁止跨聚合事务直接修改外部对象内部状态。"", ""failure_description"": ""请求被拒绝且状态、数据库和事件均不发生非预期变化""}"
ACC-R3-0650,,INV-BR-GLOBAL-0251,BR-GLOBAL-0251,CT-R3-0650,P3,SPECIFIED,EXPECTED_NOT_EXECUTED,EVID-SPEC-0650,仅通过AI页面探索聚合根执行需要强一致的创建、状态和成员变更；跨聚合只保存标识引用。,"{""outcome"": ""SUCCESS_OR_RULE_DEFINED_REJECTION"", ""description"": ""仅通过AI页面探索聚合根执行需要强一致的创建、状态和成员变更；跨聚合只保存标识引用。"", ""failure_description"": ""返回明确失败原因且不部分提交""}"
ACC-R3-0651,,INV-BR-GLOBAL-0252,BR-GLOBAL-0252,CT-R3-0651,P3,SPECIFIED,EXPECTED_NOT_EXECUTED,EVID-SPEC-0651,AI页面探索的业务唯一键“page_exploration_id”必须在“由对象定义和关联项目/环境范围共同决定”范围内唯一且不可变。,"{""outcome"": ""SUCCESS_OR_RULE_DEFINED_REJECTION"", ""description"": ""AI页面探索的业务唯一键“page_exploration_id”必须在“由对象定义和关联项目/环境范围共同决定”范围内唯一且不可变。"", ""failure_description"": ""返回明确失败原因且不部分提交""}"
ACC-R3-0652,,INV-BR-GLOBAL-0253,BR-GLOBAL-0253,CT-R3-0652,P3,SPECIFIED,EXPECTED_NOT_EXECUTED,EVID-SPEC-0652,结构转换的业务唯一键“structure_conversion”必须在“由对象定义和关联项目/环境范围共同决定”范围内唯一。,"{""outcome"": ""SUCCESS_OR_RULE_DEFINED_REJECTION"", ""description"": ""结构转换的业务唯一键“structure_conversion”必须在“由对象定义和关联项目/环境范围共同决定”范围内唯一。"", ""failure_description"": ""返回明确失败原因且不部分提交""}"
ACC-R3-0653,,INV-BR-GLOBAL-0254,BR-GLOBAL-0254,CT-R3-0653,P3,SPECIFIED,EXPECTED_NOT_EXECUTED,EVID-SPEC-0653,AI验证的业务唯一键“ai_validation”必须在“由对象定义和关联项目/环境范围共同决定”范围内唯一。,"{""outcome"": ""SUCCESS_OR_RULE_DEFINED_REJECTION"", ""description"": ""AI验证的业务唯一键“ai_validation”必须在“由对象定义和关联项目/环境范围共同决定”范围内唯一。"", ""failure_description"": ""返回明确失败原因且不部分提交""}"
ACC-R3-0654,,INV-BR-GLOBAL-0255,BR-GLOBAL-0255,CT-R3-0654,P4,SPECIFIED,EXPECTED_NOT_EXECUTED,EVID-SPEC-0654,归档后禁止新写入，保留历史查询和引用完整性。,"{""outcome"": ""SUCCESS_OR_RULE_DEFINED_REJECTION"", ""description"": ""归档后禁止新写入，保留历史查询和引用完整性。"", ""failure_description"": ""返回明确失败原因且不部分提交""}"
ACC-R3-0655,,INV-BR-GLOBAL-0256,BR-GLOBAL-0256,CT-R3-0655,P4,SPECIFIED,EXPECTED_NOT_EXECUTED,EVID-SPEC-0655,存在有效引用时禁止物理删除；先停用或归档，清理由受控请求执行。,"{""outcome"": ""SUCCESS_OR_RULE_DEFINED_REJECTION"", ""description"": ""存在有效引用时禁止物理删除；先停用或归档，清理由受控请求执行。"", ""failure_description"": ""请求被拒绝且状态、数据库和事件均不发生非预期变化""}"
ACC-R3-0656,,INV-BR-GLOBAL-0257,BR-GLOBAL-0257,CT-R3-0656,P3,SPECIFIED,EXPECTED_NOT_EXECUTED,EVID-SPEC-0656,使用稳定内部标识page_exploration_id；业务唯一键见business_unique_keys。,"{""outcome"": ""SUCCESS_OR_RULE_DEFINED_REJECTION"", ""description"": ""使用稳定内部标识page_exploration_id；业务唯一键见business_unique_keys。"", ""failure_description"": ""返回明确失败原因且不部分提交""}"
ACC-R3-0657,,INV-BR-GLOBAL-0258,BR-GLOBAL-0258,CT-R3-0657,P4,SPECIFIED,EXPECTED_NOT_EXECUTED,EVID-SPEC-0657,创建→启用/维护→停用→归档；被引用时不得直接物理删除。,"{""outcome"": ""SUCCESS_OR_RULE_DEFINED_REJECTION"", ""description"": ""创建→启用/维护→停用→归档；被引用时不得直接物理删除。"", ""failure_description"": ""返回明确失败原因且不部分提交""}"
ACC-R3-0658,,INV-BR-GLOBAL-0259,BR-GLOBAL-0259,CT-R3-0658,P4,SPECIFIED,EXPECTED_NOT_EXECUTED,EVID-SPEC-0658,不单独归档；随引用方或事件存储策略处理。,"{""outcome"": ""SUCCESS_OR_RULE_DEFINED_REJECTION"", ""description"": ""不单独归档；随引用方或事件存储策略处理。"", ""failure_description"": ""返回明确失败原因且不部分提交""}"
ACC-R3-0659,,INV-BR-GLOBAL-0260,BR-GLOBAL-0260,CT-R3-0659,P3,SPECIFIED,EXPECTED_NOT_EXECUTED,EVID-SPEC-0659,由稳定代码标识其定义，不作为运行态业务实体。,"{""outcome"": ""SUCCESS_OR_RULE_DEFINED_REJECTION"", ""description"": ""由稳定代码标识其定义，不作为运行态业务实体。"", ""failure_description"": ""返回明确失败原因且不部分提交""}"
ACC-R3-0660,,INV-BR-GLOBAL-0261,BR-GLOBAL-0261,CT-R3-0660,P4,SPECIFIED,EXPECTED_NOT_EXECUTED,EVID-SPEC-0660,无独立业务生命周期；随定义、配置或引用方演进。,"{""outcome"": ""SUCCESS_OR_RULE_DEFINED_REJECTION"", ""description"": ""无独立业务生命周期；随定义、配置或引用方演进。"", ""failure_description"": ""返回明确失败原因且不部分提交""}"
ACC-R3-0661,,INV-BR-GLOBAL-0262,BR-GLOBAL-0262,CT-R3-0661,P3,SPECIFIED,EXPECTED_NOT_EXECUTED,EVID-SPEC-0661,执行规则对应动作,"{""outcome"": ""SUCCESS_OR_RULE_DEFINED_REJECTION"", ""description"": ""人工录制会话只能通过人工录制任务聚合边界变更。"", ""failure_description"": ""返回明确失败原因且不部分提交""}"
ACC-R3-0662,,INV-BR-GLOBAL-0263,BR-GLOBAL-0263,CT-R3-0662,P3,SPECIFIED,EXPECTED_NOT_EXECUTED,EVID-SPEC-0662,执行规则对应动作,"{""outcome"": ""SUCCESS_OR_RULE_DEFINED_REJECTION"", ""description"": ""录制控制租约只能通过人工录制任务聚合边界变更。"", ""failure_description"": ""返回明确失败原因且不部分提交""}"
ACC-R3-0663,,INV-BR-GLOBAL-0264,BR-GLOBAL-0264,CT-R3-0663,P3,SPECIFIED,EXPECTED_NOT_EXECUTED,EVID-SPEC-0663,执行规则对应动作,"{""outcome"": ""SUCCESS_OR_RULE_DEFINED_REJECTION"", ""description"": ""录制证据包只能通过人工录制任务聚合边界变更。"", ""failure_description"": ""返回明确失败原因且不部分提交""}"
ACC-R3-0664,,INV-BR-GLOBAL-0265,BR-GLOBAL-0265,CT-R3-0664,P3,SPECIFIED,EXPECTED_NOT_EXECUTED,EVID-SPEC-0664,执行规则对应动作,"{""outcome"": ""SUCCESS_OR_RULE_DEFINED_REJECTION"", ""description"": ""占位符只能通过人工录制任务聚合边界变更。"", ""failure_description"": ""返回明确失败原因且不部分提交""}"
ACC-R3-0665,,INV-BR-GLOBAL-0266,BR-GLOBAL-0266,CT-R3-0665,P3,SPECIFIED,EXPECTED_NOT_EXECUTED,EVID-SPEC-0665,执行规则对应动作,"{""outcome"": ""SUCCESS_OR_RULE_DEFINED_REJECTION"", ""description"": ""任务可包含一个或多个会话段。"", ""failure_description"": ""返回明确失败原因且不部分提交""}"
ACC-R3-0666,,INV-BR-GLOBAL-0267,BR-GLOBAL-0267,CT-R3-0666,P3,SPECIFIED,EXPECTED_NOT_EXECUTED,EVID-SPEC-0666,执行规则对应动作,"{""outcome"": ""SUCCESS_OR_RULE_DEFINED_REJECTION"", ""description"": ""禁止绕过人工录制任务聚合根直接修改成员对象。"", ""failure_description"": ""请求被拒绝且状态、数据库和事件均不发生非预期变化""}"
ACC-R3-0667,,INV-BR-GLOBAL-0268,BR-GLOBAL-0268,CT-R3-0667,P3,SPECIFIED,EXPECTED_NOT_EXECUTED,EVID-SPEC-0667,执行规则对应动作,"{""outcome"": ""SUCCESS_OR_RULE_DEFINED_REJECTION"", ""description"": ""禁止跨聚合事务直接修改外部对象内部状态。"", ""failure_description"": ""请求被拒绝且状态、数据库和事件均不发生非预期变化""}"
ACC-R3-0668,,INV-BR-GLOBAL-0269,BR-GLOBAL-0269,CT-R3-0668,P3,SPECIFIED,EXPECTED_NOT_EXECUTED,EVID-SPEC-0668,仅通过人工录制任务聚合根执行需要强一致的创建、状态和成员变更；跨聚合只保存标识引用。,"{""outcome"": ""SUCCESS_OR_RULE_DEFINED_REJECTION"", ""description"": ""仅通过人工录制任务聚合根执行需要强一致的创建、状态和成员变更；跨聚合只保存标识引用。"", ""failure_description"": ""返回明确失败原因且不部分提交""}"
ACC-R3-0669,,INV-BR-GLOBAL-0270,BR-GLOBAL-0270,CT-R3-0669,P3,SPECIFIED,EXPECTED_NOT_EXECUTED,EVID-SPEC-0669,人工录制任务的业务唯一键“manual_recording_task_id”必须在“由对象定义和关联项目/环境范围共同决定”范围内唯一且不可变。,"{""outcome"": ""SUCCESS_OR_RULE_DEFINED_REJECTION"", ""description"": ""人工录制任务的业务唯一键“manual_recording_task_id”必须在“由对象定义和关联项目/环境范围共同决定”范围内唯一且不可变。"", ""failure_description"": ""返回明确失败原因且不部分提交""}"
ACC-R3-0670,,INV-BR-GLOBAL-0271,BR-GLOBAL-0271,CT-R3-0670,P3,SPECIFIED,EXPECTED_NOT_EXECUTED,EVID-SPEC-0670,人工录制会话的业务唯一键“manual_recording_session_id”必须在“由对象定义和关联项目/环境范围共同决定”范围内唯一且不可变。,"{""outcome"": ""SUCCESS_OR_RULE_DEFINED_REJECTION"", ""description"": ""人工录制会话的业务唯一键“manual_recording_session_id”必须在“由对象定义和关联项目/环境范围共同决定”范围内唯一且不可变。"", ""failure_description"": ""返回明确失败原因且不部分提交""}"
ACC-R3-0671,,INV-BR-GLOBAL-0272,BR-GLOBAL-0272,CT-R3-0671,P3,SPECIFIED,EXPECTED_NOT_EXECUTED,EVID-SPEC-0671,录制控制租约的业务唯一键“manual_recording_control_lease_id”必须在“由对象定义和关联项目/环境范围共同决定”范围内唯一且不可变。,"{""outcome"": ""SUCCESS_OR_RULE_DEFINED_REJECTION"", ""description"": ""录制控制租约的业务唯一键“manual_recording_control_lease_id”必须在“由对象定义和关联项目/环境范围共同决定”范围内唯一且不可变。"", ""failure_description"": ""返回明确失败原因且不部分提交""}"
ACC-R3-0672,,INV-BR-GLOBAL-0273,BR-GLOBAL-0273,CT-R3-0672,P3,SPECIFIED,EXPECTED_NOT_EXECUTED,EVID-SPEC-0672,录制证据包的业务唯一键“recording_evidence_bundle_id”必须在“由对象定义和关联项目/环境范围共同决定”范围内唯一且不可变。,"{""outcome"": ""SUCCESS_OR_RULE_DEFINED_REJECTION"", ""description"": ""录制证据包的业务唯一键“recording_evidence_bundle_id”必须在“由对象定义和关联项目/环境范围共同决定”范围内唯一且不可变。"", ""failure_description"": ""返回明确失败原因且不部分提交""}"
ACC-R3-0673,,INV-BR-GLOBAL-0274,BR-GLOBAL-0274,CT-R3-0673,P3,SPECIFIED,EXPECTED_NOT_EXECUTED,EVID-SPEC-0673,占位符的业务唯一键“placeholder”必须在“由对象定义和关联项目/环境范围共同决定”范围内唯一。,"{""outcome"": ""SUCCESS_OR_RULE_DEFINED_REJECTION"", ""description"": ""占位符的业务唯一键“placeholder”必须在“由对象定义和关联项目/环境范围共同决定”范围内唯一。"", ""failure_description"": ""返回明确失败原因且不部分提交""}"
ACC-R3-0674,,INV-BR-GLOBAL-0275,BR-GLOBAL-0275,CT-R3-0674,P4,SPECIFIED,EXPECTED_NOT_EXECUTED,EVID-SPEC-0674,执行规则对应动作,"{""outcome"": ""SUCCESS_OR_RULE_DEFINED_REJECTION"", ""description"": ""人工录制会话状态受独立状态维度和状态机约束，不得与其他状态维度合并或绕过Owner服务直接改写。"", ""failure_description"": ""请求被拒绝且状态、数据库和事件均不发生非预期变化""}"
ACC-R3-0675,,INV-BR-GLOBAL-0276,BR-GLOBAL-0276,CT-R3-0675,P8,SPECIFIED,EXPECTED_NOT_EXECUTED,EVID-SPEC-0675,执行规则对应动作,"{""outcome"": ""SUCCESS_OR_RULE_DEFINED_REJECTION"", ""description"": ""人工录制会话状态是封闭枚举；正式写入值只能使用：CREATED、ACTIVE、PAUSED、PARTIAL、COMPLETED、ABORTED。"", ""failure_description"": ""非标准值不得写入；外部值必须先完成显式映射。""}"
ACC-R3-0676,,INV-BR-GLOBAL-0277,BR-GLOBAL-0277,CT-R3-0676,P4,SPECIFIED,EXPECTED_NOT_EXECUTED,EVID-SPEC-0676,执行规则对应动作,"{""outcome"": ""SUCCESS_OR_RULE_DEFINED_REJECTION"", ""description"": ""人工录制任务状态受独立状态维度和状态机约束，不得与其他状态维度合并或绕过Owner服务直接改写。"", ""failure_description"": ""请求被拒绝且状态、数据库和事件均不发生非预期变化""}"
ACC-R3-0677,,INV-BR-GLOBAL-0278,BR-GLOBAL-0278,CT-R3-0677,P8,SPECIFIED,EXPECTED_NOT_EXECUTED,EVID-SPEC-0677,执行规则对应动作,"{""outcome"": ""SUCCESS_OR_RULE_DEFINED_REJECTION"", ""description"": ""人工录制任务状态是封闭枚举；正式写入值只能使用：CREATED、ASSIGNED、RECORDING、PARTIAL、COMPLETED、FAILED、CANCELLED。"", ""failure_description"": ""非标准值不得写入；外部值必须先完成显式映射。""}"
ACC-R3-0678,,INV-BR-GLOBAL-0279,BR-GLOBAL-0279,CT-R3-0678,P8,SPECIFIED,EXPECTED_NOT_EXECUTED,EVID-SPEC-0678,执行规则对应动作,"{""outcome"": ""SUCCESS_OR_RULE_DEFINED_REJECTION"", ""description"": ""占位符值类型是封闭枚举；正式写入值只能使用：SENSITIVE、DYNAMIC、PENDING_BINDING。"", ""failure_description"": ""非标准值不得写入；外部值必须先完成显式映射。""}"
ACC-R3-0679,,INV-BR-GLOBAL-0280,BR-GLOBAL-0280,CT-R3-0679,P4,SPECIFIED,EXPECTED_NOT_EXECUTED,EVID-SPEC-0679,归档后禁止新写入，保留历史查询和引用完整性。,"{""outcome"": ""SUCCESS_OR_RULE_DEFINED_REJECTION"", ""description"": ""归档后禁止新写入，保留历史查询和引用完整性。"", ""failure_description"": ""返回明确失败原因且不部分提交""}"
ACC-R3-0680,,INV-BR-GLOBAL-0281,BR-GLOBAL-0281,CT-R3-0680,P4,SPECIFIED,EXPECTED_NOT_EXECUTED,EVID-SPEC-0680,存在有效引用时禁止物理删除；先停用或归档，清理由受控请求执行。,"{""outcome"": ""SUCCESS_OR_RULE_DEFINED_REJECTION"", ""description"": ""存在有效引用时禁止物理删除；先停用或归档，清理由受控请求执行。"", ""failure_description"": ""请求被拒绝且状态、数据库和事件均不发生非预期变化""}"
ACC-R3-0681,,INV-BR-GLOBAL-0282,BR-GLOBAL-0282,CT-R3-0681,P3,SPECIFIED,EXPECTED_NOT_EXECUTED,EVID-SPEC-0681,使用稳定内部标识manual_recording_task_id；业务唯一键见business_unique_keys。,"{""outcome"": ""SUCCESS_OR_RULE_DEFINED_REJECTION"", ""description"": ""使用稳定内部标识manual_recording_task_id；业务唯一键见business_unique_keys。"", ""failure_description"": ""返回明确失败原因且不部分提交""}"
ACC-R3-0682,,INV-BR-GLOBAL-0283,BR-GLOBAL-0283,CT-R3-0682,P4,SPECIFIED,EXPECTED_NOT_EXECUTED,EVID-SPEC-0682,创建→启用/维护→停用→归档；被引用时不得直接物理删除。,"{""outcome"": ""SUCCESS_OR_RULE_DEFINED_REJECTION"", ""description"": ""创建→启用/维护→停用→归档；被引用时不得直接物理删除。"", ""failure_description"": ""请求被拒绝且状态、数据库和事件均不发生非预期变化""}"
ACC-R3-0683,,INV-BR-GLOBAL-0284,BR-GLOBAL-0284,CT-R3-0683,P3,SPECIFIED,EXPECTED_NOT_EXECUTED,EVID-SPEC-0683,使用稳定内部标识manual_recording_session_id；业务唯一键见business_unique_keys。,"{""outcome"": ""SUCCESS_OR_RULE_DEFINED_REJECTION"", ""description"": ""使用稳定内部标识manual_recording_session_id；业务唯一键见business_unique_keys。"", ""failure_description"": ""返回明确失败原因且不部分提交""}"
ACC-R3-0684,,INV-BR-GLOBAL-0285,BR-GLOBAL-0285,CT-R3-0684,P4,SPECIFIED,EXPECTED_NOT_EXECUTED,EVID-SPEC-0684,创建→排队/分配→运行→终态→归档；失败与恢复保留历史。,"{""outcome"": ""SUCCESS_OR_RULE_DEFINED_REJECTION"", ""description"": ""创建→排队/分配→运行→终态→归档；失败与恢复保留历史。"", ""failure_description"": ""请求被拒绝且状态、数据库和事件均不发生非预期变化""}"
ACC-R3-0685,,INV-BR-GLOBAL-0286,BR-GLOBAL-0286,CT-R3-0685,P3,SPECIFIED,EXPECTED_NOT_EXECUTED,EVID-SPEC-0685,由关系两端标识、作用域与生效版本共同唯一确定；保留独立历史ID。,"{""outcome"": ""SUCCESS_OR_RULE_DEFINED_REJECTION"", ""description"": ""由关系两端标识、作用域与生效版本共同唯一确定；保留独立历史ID。"", ""failure_description"": ""返回明确失败原因且不部分提交""}"
ACC-R3-0686,,INV-BR-GLOBAL-0287,BR-GLOBAL-0287,CT-R3-0686,P3,SPECIFIED,EXPECTED_NOT_EXECUTED,EVID-SPEC-0686,使用稳定内部标识recording_evidence_bundle_id；业务唯一键见business_unique_keys。,"{""outcome"": ""SUCCESS_OR_RULE_DEFINED_REJECTION"", ""description"": ""使用稳定内部标识recording_evidence_bundle_id；业务唯一键见business_unique_keys。"", ""failure_description"": ""返回明确失败原因且不部分提交""}"
ACC-R3-0687,,INV-BR-GLOBAL-0288,BR-GLOBAL-0288,CT-R3-0687,P4,SPECIFIED,EXPECTED_NOT_EXECUTED,EVID-SPEC-0687,生成→上传/索引→可查询→按策略归档或清理；Hold可阻止清理。,"{""outcome"": ""SUCCESS_OR_RULE_DEFINED_REJECTION"", ""description"": ""生成→上传/索引→可查询→按策略归档或清理；Hold可阻止清理。"", ""failure_description"": ""返回明确失败原因且不部分提交""}"
ACC-R3-0688,,INV-BR-GLOBAL-0289,BR-GLOBAL-0289,CT-R3-0688,P4,SPECIFIED,EXPECTED_NOT_EXECUTED,EVID-SPEC-0688,不单独归档；随引用方或事件存储策略处理。,"{""outcome"": ""SUCCESS_OR_RULE_DEFINED_REJECTION"", ""description"": ""不单独归档；随引用方或事件存储策略处理。"", ""failure_description"": ""返回明确失败原因且不部分提交""}"
ACC-R3-0689,,INV-BR-GLOBAL-0290,BR-GLOBAL-0290,CT-R3-0689,P3,SPECIFIED,EXPECTED_NOT_EXECUTED,EVID-SPEC-0689,由全部规范化属性共同确定值身份，不分配独立业务身份。,"{""outcome"": ""SUCCESS_OR_RULE_DEFINED_REJECTION"", ""description"": ""由全部规范化属性共同确定值身份，不分配独立业务身份。"", ""failure_description"": ""返回明确失败原因且不部分提交""}"
ACC-R3-0690,,INV-BR-GLOBAL-0291,BR-GLOBAL-0291,CT-R3-0690,P4,SPECIFIED,EXPECTED_NOT_EXECUTED,EVID-SPEC-0690,无独立业务生命周期；随定义、配置或引用方演进。,"{""outcome"": ""SUCCESS_OR_RULE_DEFINED_REJECTION"", ""description"": ""无独立业务生命周期；随定义、配置或引用方演进。"", ""failure_description"": ""返回明确失败原因且不部分提交""}"
ACC-R3-0691,,INV-BR-GLOBAL-0292,BR-GLOBAL-0292,CT-R3-0691,P3,SPECIFIED,EXPECTED_NOT_EXECUTED,EVID-SPEC-0691,执行规则对应动作,"{""outcome"": ""SUCCESS_OR_RULE_DEFINED_REJECTION"", ""description"": ""执行批次只能通过执行任务聚合边界变更。"", ""failure_description"": ""返回明确失败原因且不部分提交""}"
ACC-R3-0692,,INV-BR-GLOBAL-0293,BR-GLOBAL-0293,CT-R3-0692,P3,SPECIFIED,EXPECTED_NOT_EXECUTED,EVID-SPEC-0692,执行规则对应动作,"{""outcome"": ""SUCCESS_OR_RULE_DEFINED_REJECTION"", ""description"": ""执行尝试只能通过执行任务聚合边界变更。"", ""failure_description"": ""返回明确失败原因且不部分提交""}"
ACC-R3-0693,,INV-BR-GLOBAL-0294,BR-GLOBAL-0294,CT-R3-0693,P3,SPECIFIED,EXPECTED_NOT_EXECUTED,EVID-SPEC-0693,执行规则对应动作,"{""outcome"": ""SUCCESS_OR_RULE_DEFINED_REJECTION"", ""description"": ""用例尝试只能通过执行任务聚合边界变更。"", ""failure_description"": ""返回明确失败原因且不部分提交""}"
ACC-R3-0694,,INV-BR-GLOBAL-0295,BR-GLOBAL-0295,CT-R3-0694,P3,SPECIFIED,EXPECTED_NOT_EXECUTED,EVID-SPEC-0694,执行规则对应动作,"{""outcome"": ""SUCCESS_OR_RULE_DEFINED_REJECTION"", ""description"": ""派发决策只能通过执行任务聚合边界变更。"", ""failure_description"": ""返回明确失败原因且不部分提交""}"
ACC-R3-0695,,INV-BR-GLOBAL-0296,BR-GLOBAL-0296,CT-R3-0695,P3,SPECIFIED,EXPECTED_NOT_EXECUTED,EVID-SPEC-0695,执行规则对应动作,"{""outcome"": ""SUCCESS_OR_RULE_DEFINED_REJECTION"", ""description"": ""配置快照只能通过执行任务聚合边界变更。"", ""failure_description"": ""返回明确失败原因且不部分提交""}"
ACC-R3-0696,,INV-BR-GLOBAL-0297,BR-GLOBAL-0297,CT-R3-0696,P3,SPECIFIED,EXPECTED_NOT_EXECUTED,EVID-SPEC-0696,执行规则对应动作,"{""outcome"": ""SUCCESS_OR_RULE_DEFINED_REJECTION"", ""description"": ""执行上下文只能通过执行任务聚合边界变更。"", ""failure_description"": ""返回明确失败原因且不部分提交""}"
ACC-R3-0697,,INV-BR-GLOBAL-0298,BR-GLOBAL-0298,CT-R3-0697,P3,SPECIFIED,EXPECTED_NOT_EXECUTED,EVID-SPEC-0697,执行规则对应动作,"{""outcome"": ""SUCCESS_OR_RULE_DEFINED_REJECTION"", ""description"": ""上下文变量只能通过执行任务聚合边界变更。"", ""failure_description"": ""返回明确失败原因且不部分提交""}"
ACC-R3-0698,,INV-BR-GLOBAL-0299,BR-GLOBAL-0299,CT-R3-0698,P3,SPECIFIED,EXPECTED_NOT_EXECUTED,EVID-SPEC-0698,执行规则对应动作,"{""outcome"": ""SUCCESS_OR_RULE_DEFINED_REJECTION"", ""description"": ""任务内部组织执行批次。"", ""failure_description"": ""返回明确失败原因且不部分提交""}"
ACC-R3-0699,,INV-BR-GLOBAL-0300,BR-GLOBAL-0300,CT-R3-0699,P3,SPECIFIED,EXPECTED_NOT_EXECUTED,EVID-SPEC-0699,执行规则对应动作,"{""outcome"": ""SUCCESS_OR_RULE_DEFINED_REJECTION"", ""description"": ""禁止绕过执行任务聚合根直接修改成员对象。"", ""failure_description"": ""请求被拒绝且状态、数据库和事件均不发生非预期变化""}"
ACC-R3-0700,,INV-BR-GLOBAL-0301,BR-GLOBAL-0301,CT-R3-0700,P3,SPECIFIED,EXPECTED_NOT_EXECUTED,EVID-SPEC-0700,执行规则对应动作,"{""outcome"": ""SUCCESS_OR_RULE_DEFINED_REJECTION"", ""description"": ""禁止跨聚合事务直接修改外部对象内部状态。"", ""failure_description"": ""请求被拒绝且状态、数据库和事件均不发生非预期变化""}"
ACC-R3-0701,,INV-BR-GLOBAL-0302,BR-GLOBAL-0302,CT-R3-0701,P3,SPECIFIED,EXPECTED_NOT_EXECUTED,EVID-SPEC-0701,仅通过执行任务聚合根执行需要强一致的创建、状态和成员变更；跨聚合只保存标识引用。,"{""outcome"": ""SUCCESS_OR_RULE_DEFINED_REJECTION"", ""description"": ""仅通过执行任务聚合根执行需要强一致的创建、状态和成员变更；跨聚合只保存标识引用。"", ""failure_description"": ""返回明确失败原因且不部分提交""}"
ACC-R3-0702,,INV-BR-GLOBAL-0303,BR-GLOBAL-0303,CT-R3-0702,P3,SPECIFIED,EXPECTED_NOT_EXECUTED,EVID-SPEC-0702,执行任务的业务唯一键“project_id+idempotency_key”必须在“由对象定义和关联项目/环境范围共同决定”范围内唯一。,"{""outcome"": ""SUCCESS_OR_RULE_DEFINED_REJECTION"", ""description"": ""执行任务的业务唯一键“project_id+idempotency_key”必须在“由对象定义和关联项目/环境范围共同决定”范围内唯一。"", ""failure_description"": ""返回明确失败原因且不部分提交""}"
ACC-R3-0703,,INV-BR-GLOBAL-0304,BR-GLOBAL-0304,CT-R3-0703,P3,SPECIFIED,EXPECTED_NOT_EXECUTED,EVID-SPEC-0703,执行尝试的业务唯一键“run_task_id+attempt_no”必须在“由对象定义和关联项目/环境范围共同决定”范围内唯一。,"{""outcome"": ""SUCCESS_OR_RULE_DEFINED_REJECTION"", ""description"": ""执行尝试的业务唯一键“run_task_id+attempt_no”必须在“由对象定义和关联项目/环境范围共同决定”范围内唯一。"", ""failure_description"": ""返回明确失败原因且不部分提交""}"
ACC-R3-0704,,INV-BR-GLOBAL-0305,BR-GLOBAL-0305,CT-R3-0704,P3,SPECIFIED,EXPECTED_NOT_EXECUTED,EVID-SPEC-0704,用例尝试的业务唯一键“case_attempt_id”必须在“由对象定义和关联项目/环境范围共同决定”范围内唯一且不可变。,"{""outcome"": ""SUCCESS_OR_RULE_DEFINED_REJECTION"", ""description"": ""用例尝试的业务唯一键“case_attempt_id”必须在“由对象定义和关联项目/环境范围共同决定”范围内唯一且不可变。"", ""failure_description"": ""返回明确失败原因且不部分提交""}"
ACC-R3-0705,,INV-BR-GLOBAL-0306,BR-GLOBAL-0306,CT-R3-0705,P3,SPECIFIED,EXPECTED_NOT_EXECUTED,EVID-SPEC-0705,执行批次的业务唯一键“run_task_id+batch_no”必须在“由对象定义和关联项目/环境范围共同决定”范围内唯一。,"{""outcome"": ""SUCCESS_OR_RULE_DEFINED_REJECTION"", ""description"": ""执行批次的业务唯一键“run_task_id+batch_no”必须在“由对象定义和关联项目/环境范围共同决定”范围内唯一。"", ""failure_description"": ""返回明确失败原因且不部分提交""}"
ACC-R3-0706,,INV-BR-GLOBAL-0307,BR-GLOBAL-0307,CT-R3-0706,P3,SPECIFIED,EXPECTED_NOT_EXECUTED,EVID-SPEC-0706,浏览器会话的业务唯一键“browser_session_id”必须在“由对象定义和关联项目/环境范围共同决定”范围内唯一且不可变。,"{""outcome"": ""SUCCESS_OR_RULE_DEFINED_REJECTION"", ""description"": ""浏览器会话的业务唯一键“browser_session_id”必须在“由对象定义和关联项目/环境范围共同决定”范围内唯一且不可变。"", ""failure_description"": ""返回明确失败原因且不部分提交""}"
ACC-R3-0707,,INV-BR-GLOBAL-0308,BR-GLOBAL-0308,CT-R3-0707,P4,SPECIFIED,EXPECTED_NOT_EXECUTED,EVID-SPEC-0707,执行规则对应动作,"{""outcome"": ""SUCCESS_OR_RULE_DEFINED_REJECTION"", ""description"": ""用例尝试结果状态受独立状态维度和状态机约束，不得与其他状态维度合并或绕过Owner服务直接改写。"", ""failure_description"": ""请求被拒绝且状态、数据库和事件均不发生非预期变化""}"
ACC-R3-0708,,INV-BR-GLOBAL-0309,BR-GLOBAL-0309,CT-R3-0708,P8,SPECIFIED,EXPECTED_NOT_EXECUTED,EVID-SPEC-0708,执行规则对应动作,"{""outcome"": ""SUCCESS_OR_RULE_DEFINED_REJECTION"", ""description"": ""用例尝试结果状态是封闭枚举；正式写入值只能使用：PASSED、FAILED、SKIPPED、BROKEN、CANCELLED。"", ""failure_description"": ""非标准值不得写入；外部值必须先完成显式映射。""}"
ACC-R3-0709,,INV-BR-GLOBAL-0310,BR-GLOBAL-0310,CT-R3-0709,P4,SPECIFIED,EXPECTED_NOT_EXECUTED,EVID-SPEC-0709,执行规则对应动作,"{""outcome"": ""SUCCESS_OR_RULE_DEFINED_REJECTION"", ""description"": ""执行尝试执行状态受独立状态维度和状态机约束，不得与其他状态维度合并或绕过Owner服务直接改写。"", ""failure_description"": ""请求被拒绝且状态、数据库和事件均不发生非预期变化""}"
ACC-R3-0710,,INV-BR-GLOBAL-0311,BR-GLOBAL-0311,CT-R3-0710,P8,SPECIFIED,EXPECTED_NOT_EXECUTED,EVID-SPEC-0710,执行规则对应动作,"{""outcome"": ""SUCCESS_OR_RULE_DEFINED_REJECTION"", ""description"": ""执行尝试执行状态是封闭枚举；正式写入值只能使用：READY、RUNNING、PRESTART_BLOCKED、BROKEN、ABORTED、CANCELLED、SUCCEEDED、FAILED。"", ""failure_description"": ""非标准值不得写入；外部值必须先完成显式映射。""}"
ACC-R3-0711,,INV-BR-GLOBAL-0312,BR-GLOBAL-0312,CT-R3-0711,P4,SPECIFIED,EXPECTED_NOT_EXECUTED,EVID-SPEC-0711,执行规则对应动作,"{""outcome"": ""SUCCESS_OR_RULE_DEFINED_REJECTION"", ""description"": ""执行尝试最终化状态受独立状态维度和状态机约束，不得与其他状态维度合并或绕过Owner服务直接改写。"", ""failure_description"": ""请求被拒绝且状态、数据库和事件均不发生非预期变化""}"
ACC-R3-0712,,INV-BR-GLOBAL-0313,BR-GLOBAL-0313,CT-R3-0712,P8,SPECIFIED,EXPECTED_NOT_EXECUTED,EVID-SPEC-0712,执行规则对应动作,"{""outcome"": ""SUCCESS_OR_RULE_DEFINED_REJECTION"", ""description"": ""执行尝试最终化状态是封闭枚举；正式写入值只能使用：INITIAL、IN_PROGRESS、COMPLETED、PENDING_RECOVERY。"", ""failure_description"": ""非标准值不得写入；外部值必须先完成显式映射。""}"
ACC-R3-0713,,INV-BR-GLOBAL-0314,BR-GLOBAL-0314,CT-R3-0713,P8,SPECIFIED,EXPECTED_NOT_EXECUTED,EVID-SPEC-0713,执行规则对应动作,"{""outcome"": ""SUCCESS_OR_RULE_DEFINED_REJECTION"", ""description"": ""执行任务任务类型是封闭枚举；正式写入值只能使用：FORMAL_EXECUTION、AI_EXPLORATION、AI_VALIDATION。"", ""failure_description"": ""非标准值不得写入；外部值必须先完成显式映射。""}"
ACC-R3-0714,,INV-BR-GLOBAL-0315,BR-GLOBAL-0315,CT-R3-0714,P4,SPECIFIED,EXPECTED_NOT_EXECUTED,EVID-SPEC-0714,执行规则对应动作,"{""outcome"": ""SUCCESS_OR_RULE_DEFINED_REJECTION"", ""description"": ""执行任务任务状态受独立状态维度和状态机约束，不得与其他状态维度合并或绕过Owner服务直接改写。"", ""failure_description"": ""请求被拒绝且状态、数据库和事件均不发生非预期变化""}"
ACC-R3-0715,,INV-BR-GLOBAL-0316,BR-GLOBAL-0316,CT-R3-0715,P3,SPECIFIED,EXPECTED_NOT_EXECUTED,EVID-SPEC-0715,同项目、环境、SSO身份同时只允许一个正式执行集合；不同身份可并行。,"{""outcome"": ""SUCCESS_OR_RULE_DEFINED_REJECTION"", ""description"": ""同项目、环境、SSO身份同时只允许一个正式执行集合；不同身份可并行。"", ""failure_description"": ""返回明确失败原因且不部分提交""}"
ACC-R3-0716,,INV-BR-GLOBAL-0317,BR-GLOBAL-0317,CT-R3-0716,P3,SPECIFIED,EXPECTED_NOT_EXECUTED,EVID-SPEC-0716,执行规则对应动作,"{""outcome"": ""SUCCESS_OR_RULE_DEFINED_REJECTION"", ""description"": ""任务创建时必须固化用例版本、配置和资产引用，后续current变化不得影响运行中任务。"", ""failure_description"": ""请求被拒绝且状态、数据库和事件均不发生非预期变化""}"
ACC-R3-0717,,INV-BR-GLOBAL-0318,BR-GLOBAL-0318,CT-R3-0717,P3,SPECIFIED,EXPECTED_NOT_EXECUTED,EVID-SPEC-0717,任务、批次、attempt和case_attempt身份分离；重试创建新attempt并保留初次结果。,"{""outcome"": ""SUCCESS_OR_RULE_DEFINED_REJECTION"", ""description"": ""任务、批次、attempt和case_attempt身份分离；重试创建新attempt并保留初次结果。"", ""failure_description"": ""返回明确失败原因且不部分提交""}"
ACC-R3-0718,,INV-BR-GLOBAL-0319,BR-GLOBAL-0319,CT-R3-0718,P3,SPECIFIED,EXPECTED_NOT_EXECUTED,EVID-SPEC-0718,执行规则对应动作,"{""outcome"": ""SUCCESS_OR_RULE_DEFINED_REJECTION"", ""description"": ""图片、字体等静态资源加载不得作为业务完成条件。"", ""failure_description"": ""请求被拒绝且状态、数据库和事件均不发生非预期变化""}"
ACC-R3-0719,,INV-BR-GLOBAL-0320,BR-GLOBAL-0320,CT-R3-0719,P4,SPECIFIED,EXPECTED_NOT_EXECUTED,EVID-SPEC-0719,归档后禁止新写入，保留历史查询和引用完整性。,"{""outcome"": ""SUCCESS_OR_RULE_DEFINED_REJECTION"", ""description"": ""归档后禁止新写入，保留历史查询和引用完整性。"", ""failure_description"": ""返回明确失败原因且不部分提交""}"
ACC-R3-0720,,INV-BR-GLOBAL-0321,BR-GLOBAL-0321,CT-R3-0720,P4,SPECIFIED,EXPECTED_NOT_EXECUTED,EVID-SPEC-0720,存在有效引用时禁止物理删除；先停用或归档，清理由受控请求执行。,"{""outcome"": ""SUCCESS_OR_RULE_DEFINED_REJECTION"", ""description"": ""存在有效引用时禁止物理删除；先停用或归档，清理由受控请求执行。"", ""failure_description"": ""请求被拒绝且状态、数据库和事件均不发生非预期变化""}"
ACC-R3-0721,,INV-BR-GLOBAL-0322,BR-GLOBAL-0322,CT-R3-0721,P3,SPECIFIED,EXPECTED_NOT_EXECUTED,EVID-SPEC-0721,使用稳定内部标识run_task_id；业务唯一键见business_unique_keys。,"{""outcome"": ""SUCCESS_OR_RULE_DEFINED_REJECTION"", ""description"": ""使用稳定内部标识run_task_id；业务唯一键见business_unique_keys。"", ""failure_description"": ""返回明确失败原因且不部分提交""}"
ACC-R3-0722,,INV-BR-GLOBAL-0323,BR-GLOBAL-0323,CT-R3-0722,P4,SPECIFIED,EXPECTED_NOT_EXECUTED,EVID-SPEC-0722,创建→启用/维护→停用→归档；被引用时不得直接物理删除。,"{""outcome"": ""SUCCESS_OR_RULE_DEFINED_REJECTION"", ""description"": ""创建→启用/维护→停用→归档；被引用时不得直接物理删除。"", ""failure_description"": ""返回明确失败原因且不部分提交""}"
ACC-R3-0723,,INV-BR-GLOBAL-0324,BR-GLOBAL-0324,CT-R3-0723,P3,SPECIFIED,EXPECTED_NOT_EXECUTED,EVID-SPEC-0723,使用稳定内部标识execution_attempt_id；业务唯一键见business_unique_keys。,"{""outcome"": ""SUCCESS_OR_RULE_DEFINED_REJECTION"", ""description"": ""使用稳定内部标识execution_attempt_id；业务唯一键见business_unique_keys。"", ""failure_description"": ""返回明确失败原因且不部分提交""}"
ACC-R3-0724,,INV-BR-GLOBAL-0325,BR-GLOBAL-0325,CT-R3-0724,P4,SPECIFIED,EXPECTED_NOT_EXECUTED,EVID-SPEC-0724,创建→排队/分配→运行→终态→归档；失败与恢复保留历史。,"{""outcome"": ""SUCCESS_OR_RULE_DEFINED_REJECTION"", ""description"": ""创建→排队/分配→运行→终态→归档；失败与恢复保留历史。"", ""failure_description"": ""请求被拒绝且状态、数据库和事件均不发生非预期变化""}"
ACC-R3-0725,,INV-BR-GLOBAL-0326,BR-GLOBAL-0326,CT-R3-0725,P3,SPECIFIED,EXPECTED_NOT_EXECUTED,EVID-SPEC-0725,使用稳定内部标识case_attempt_id；业务唯一键见business_unique_keys。,"{""outcome"": ""SUCCESS_OR_RULE_DEFINED_REJECTION"", ""description"": ""使用稳定内部标识case_attempt_id；业务唯一键见business_unique_keys。"", ""failure_description"": ""返回明确失败原因且不部分提交""}"
ACC-R3-0726,,INV-BR-GLOBAL-0327,BR-GLOBAL-0327,CT-R3-0726,P3,SPECIFIED,EXPECTED_NOT_EXECUTED,EVID-SPEC-0726,使用稳定内部标识execution_batch_id；业务唯一键见business_unique_keys。,"{""outcome"": ""SUCCESS_OR_RULE_DEFINED_REJECTION"", ""description"": ""使用稳定内部标识execution_batch_id；业务唯一键见business_unique_keys。"", ""failure_description"": ""返回明确失败原因且不部分提交""}"
ACC-R3-0727,,INV-BR-GLOBAL-0328,BR-GLOBAL-0328,CT-R3-0727,P3,SPECIFIED,EXPECTED_NOT_EXECUTED,EVID-SPEC-0727,使用稳定内部标识browser_session_id；业务唯一键见business_unique_keys。,"{""outcome"": ""SUCCESS_OR_RULE_DEFINED_REJECTION"", ""description"": ""使用稳定内部标识browser_session_id；业务唯一键见business_unique_keys。"", ""failure_description"": ""返回明确失败原因且不部分提交""}"
ACC-R3-0728,,INV-BR-GLOBAL-0329,BR-GLOBAL-0329,CT-R3-0728,P4,SPECIFIED,EXPECTED_NOT_EXECUTED,EVID-SPEC-0728,无独立业务生命周期；随定义、配置或引用方演进。,"{""outcome"": ""SUCCESS_OR_RULE_DEFINED_REJECTION"", ""description"": ""无独立业务生命周期；随定义、配置或引用方演进。"", ""failure_description"": ""返回明确失败原因且不部分提交""}"
ACC-R3-0729,,INV-BR-GLOBAL-0330,BR-GLOBAL-0330,CT-R3-0729,P3,SPECIFIED,EXPECTED_NOT_EXECUTED,EVID-SPEC-0729,执行规则对应动作,"{""outcome"": ""SUCCESS_OR_RULE_DEFINED_REJECTION"", ""description"": ""执行计划修订只能通过执行计划聚合边界变更。"", ""failure_description"": ""返回明确失败原因且不部分提交""}"
ACC-R3-0730,,INV-BR-GLOBAL-0331,BR-GLOBAL-0331,CT-R3-0730,P3,SPECIFIED,EXPECTED_NOT_EXECUTED,EVID-SPEC-0730,执行规则对应动作,"{""outcome"": ""SUCCESS_OR_RULE_DEFINED_REJECTION"", ""description"": ""触发规则只能通过执行计划聚合边界变更。"", ""failure_description"": ""返回明确失败原因且不部分提交""}"
ACC-R3-0731,,INV-BR-GLOBAL-0332,BR-GLOBAL-0332,CT-R3-0731,P3,SPECIFIED,EXPECTED_NOT_EXECUTED,EVID-SPEC-0731,执行规则对应动作,"{""outcome"": ""SUCCESS_OR_RULE_DEFINED_REJECTION"", ""description"": ""计划通过不可变修订演进。"", ""failure_description"": ""返回明确失败原因且不部分提交""}"
ACC-R3-0732,,INV-BR-GLOBAL-0333,BR-GLOBAL-0333,CT-R3-0732,P3,SPECIFIED,EXPECTED_NOT_EXECUTED,EVID-SPEC-0732,执行规则对应动作,"{""outcome"": ""SUCCESS_OR_RULE_DEFINED_REJECTION"", ""description"": ""禁止绕过执行计划聚合根直接修改成员对象。"", ""failure_description"": ""请求被拒绝且状态、数据库和事件均不发生非预期变化""}"
ACC-R3-0733,,INV-BR-GLOBAL-0334,BR-GLOBAL-0334,CT-R3-0733,P3,SPECIFIED,EXPECTED_NOT_EXECUTED,EVID-SPEC-0733,执行规则对应动作,"{""outcome"": ""SUCCESS_OR_RULE_DEFINED_REJECTION"", ""description"": ""禁止跨聚合事务直接修改外部对象内部状态。"", ""failure_description"": ""请求被拒绝且状态、数据库和事件均不发生非预期变化""}"
ACC-R3-0734,,INV-BR-GLOBAL-0335,BR-GLOBAL-0335,CT-R3-0734,P3,SPECIFIED,EXPECTED_NOT_EXECUTED,EVID-SPEC-0734,仅通过执行计划聚合根执行需要强一致的创建、状态和成员变更；跨聚合只保存标识引用。,"{""outcome"": ""SUCCESS_OR_RULE_DEFINED_REJECTION"", ""description"": ""仅通过执行计划聚合根执行需要强一致的创建、状态和成员变更；跨聚合只保存标识引用。"", ""failure_description"": ""返回明确失败原因且不部分提交""}"
ACC-R3-0735,,INV-BR-GLOBAL-0336,BR-GLOBAL-0336,CT-R3-0735,P3,SPECIFIED,EXPECTED_NOT_EXECUTED,EVID-SPEC-0735,执行计划的业务唯一键“project_id+plan_code”必须在“由对象定义和关联项目/环境范围共同决定”范围内唯一。,"{""outcome"": ""SUCCESS_OR_RULE_DEFINED_REJECTION"", ""description"": ""执行计划的业务唯一键“project_id+plan_code”必须在“由对象定义和关联项目/环境范围共同决定”范围内唯一。"", ""failure_description"": ""返回明确失败原因且不部分提交""}"
ACC-R3-0736,,INV-BR-GLOBAL-0337,BR-GLOBAL-0337,CT-R3-0736,P3,SPECIFIED,EXPECTED_NOT_EXECUTED,EVID-SPEC-0736,执行计划修订的业务唯一键“plan_id+revision_no”必须在“由对象定义和关联项目/环境范围共同决定”范围内唯一。,"{""outcome"": ""SUCCESS_OR_RULE_DEFINED_REJECTION"", ""description"": ""执行计划修订的业务唯一键“plan_id+revision_no”必须在“由对象定义和关联项目/环境范围共同决定”范围内唯一。"", ""failure_description"": ""返回明确失败原因且不部分提交""}"
ACC-R3-0737,,INV-BR-GLOBAL-0338,BR-GLOBAL-0338,CT-R3-0737,P3,SPECIFIED,EXPECTED_NOT_EXECUTED,EVID-SPEC-0737,触发规则的业务唯一键“trigger_rule_id”必须在“由对象定义和关联项目/环境范围共同决定”范围内唯一且不可变。,"{""outcome"": ""SUCCESS_OR_RULE_DEFINED_REJECTION"", ""description"": ""触发规则的业务唯一键“trigger_rule_id”必须在“由对象定义和关联项目/环境范围共同决定”范围内唯一且不可变。"", ""failure_description"": ""返回明确失败原因且不部分提交""}"
ACC-R3-0738,,INV-BR-GLOBAL-0339,BR-GLOBAL-0339,CT-R3-0738,P3,SPECIFIED,EXPECTED_NOT_EXECUTED,EVID-SPEC-0738,派发决策的业务唯一键“dispatch_decision_id”必须在“由对象定义和关联项目/环境范围共同决定”范围内唯一且不可变。,"{""outcome"": ""SUCCESS_OR_RULE_DEFINED_REJECTION"", ""description"": ""派发决策的业务唯一键“dispatch_decision_id”必须在“由对象定义和关联项目/环境范围共同决定”范围内唯一且不可变。"", ""failure_description"": ""返回明确失败原因且不部分提交""}"
ACC-R3-0739,,INV-BR-GLOBAL-0340,BR-GLOBAL-0340,CT-R3-0739,P8,SPECIFIED,EXPECTED_NOT_EXECUTED,EVID-SPEC-0739,执行规则对应动作,"{""outcome"": ""SUCCESS_OR_RULE_DEFINED_REJECTION"", ""description"": ""触发规则触发类型是封闭枚举；正式写入值只能使用：MANUAL、SCHEDULED、EVENT。"", ""failure_description"": ""非标准值不得写入；外部值必须先完成显式映射。""}"
ACC-R3-0740,,INV-BR-GLOBAL-0341,BR-GLOBAL-0341,CT-R3-0740,P4,SPECIFIED,EXPECTED_NOT_EXECUTED,EVID-SPEC-0740,归档后禁止新写入，保留历史查询和引用完整性。,"{""outcome"": ""SUCCESS_OR_RULE_DEFINED_REJECTION"", ""description"": ""归档后禁止新写入，保留历史查询和引用完整性。"", ""failure_description"": ""返回明确失败原因且不部分提交""}"
ACC-R3-0741,,INV-BR-GLOBAL-0342,BR-GLOBAL-0342,CT-R3-0741,P4,SPECIFIED,EXPECTED_NOT_EXECUTED,EVID-SPEC-0741,存在有效引用时禁止物理删除；先停用或归档，清理由受控请求执行。,"{""outcome"": ""SUCCESS_OR_RULE_DEFINED_REJECTION"", ""description"": ""存在有效引用时禁止物理删除；先停用或归档，清理由受控请求执行。"", ""failure_description"": ""请求被拒绝且状态、数据库和事件均不发生非预期变化""}"
ACC-R3-0742,,INV-BR-GLOBAL-0343,BR-GLOBAL-0343,CT-R3-0742,P3,SPECIFIED,EXPECTED_NOT_EXECUTED,EVID-SPEC-0742,使用稳定内部标识execution_plan_id；业务唯一键见business_unique_keys。,"{""outcome"": ""SUCCESS_OR_RULE_DEFINED_REJECTION"", ""description"": ""使用稳定内部标识execution_plan_id；业务唯一键见business_unique_keys。"", ""failure_description"": ""返回明确失败原因且不部分提交""}"
ACC-R3-0743,,INV-BR-GLOBAL-0344,BR-GLOBAL-0344,CT-R3-0743,P4,SPECIFIED,EXPECTED_NOT_EXECUTED,EVID-SPEC-0743,创建→启用/维护→停用→归档；被引用时不得直接物理删除。,"{""outcome"": ""SUCCESS_OR_RULE_DEFINED_REJECTION"", ""description"": ""创建→启用/维护→停用→归档；被引用时不得直接物理删除。"", ""failure_description"": ""返回明确失败原因且不部分提交""}"
ACC-R3-0744,,INV-BR-GLOBAL-0345,BR-GLOBAL-0345,CT-R3-0744,P4,SPECIFIED,EXPECTED_NOT_EXECUTED,EVID-SPEC-0744,不可变保留并可归档；不得覆盖历史。,"{""outcome"": ""SUCCESS_OR_RULE_DEFINED_REJECTION"", ""description"": ""不可变保留并可归档；不得覆盖历史。"", ""failure_description"": ""返回明确失败原因且不部分提交""}"
ACC-R3-0745,,INV-BR-GLOBAL-0346,BR-GLOBAL-0346,CT-R3-0745,P4,SPECIFIED,EXPECTED_NOT_EXECUTED,EVID-SPEC-0745,禁止直接物理删除；仅按治理和保留策略归档/受控清理。,"{""outcome"": ""SUCCESS_OR_RULE_DEFINED_REJECTION"", ""description"": ""禁止直接物理删除；仅按治理和保留策略归档/受控清理。"", ""failure_description"": ""请求被拒绝且状态、数据库和事件均不发生非预期变化""}"
ACC-R3-0746,,INV-BR-GLOBAL-0347,BR-GLOBAL-0347,CT-R3-0746,P3,SPECIFIED,EXPECTED_NOT_EXECUTED,EVID-SPEC-0746,由父对象标识与单调递增版本号共同唯一确定。,"{""outcome"": ""SUCCESS_OR_RULE_DEFINED_REJECTION"", ""description"": ""由父对象标识与单调递增版本号共同唯一确定。"", ""failure_description"": ""返回明确失败原因且不部分提交""}"
ACC-R3-0747,,INV-BR-GLOBAL-0348,BR-GLOBAL-0348,CT-R3-0747,P4,SPECIFIED,EXPECTED_NOT_EXECUTED,EVID-SPEC-0747,创建草稿→审核/发布→不可变使用→退役/归档；变更创建新版本。,"{""outcome"": ""SUCCESS_OR_RULE_DEFINED_REJECTION"", ""description"": ""创建草稿→审核/发布→不可变使用→退役/归档；变更创建新版本。"", ""failure_description"": ""请求被拒绝且状态、数据库和事件均不发生非预期变化""}"
ACC-R3-0748,,INV-BR-GLOBAL-0349,BR-GLOBAL-0349,CT-R3-0748,P3,SPECIFIED,EXPECTED_NOT_EXECUTED,EVID-SPEC-0748,使用稳定内部标识trigger_rule_id；业务唯一键见business_unique_keys。,"{""outcome"": ""SUCCESS_OR_RULE_DEFINED_REJECTION"", ""description"": ""使用稳定内部标识trigger_rule_id；业务唯一键见business_unique_keys。"", ""failure_description"": ""返回明确失败原因且不部分提交""}"
ACC-R3-0749,,INV-BR-GLOBAL-0350,BR-GLOBAL-0350,CT-R3-0749,P3,SPECIFIED,EXPECTED_NOT_EXECUTED,EVID-SPEC-0749,使用稳定内部标识dispatch_decision_id；业务唯一键见business_unique_keys。,"{""outcome"": ""SUCCESS_OR_RULE_DEFINED_REJECTION"", ""description"": ""使用稳定内部标识dispatch_decision_id；业务唯一键见business_unique_keys。"", ""failure_description"": ""返回明确失败原因且不部分提交""}"
ACC-R3-0750,,INV-BR-GLOBAL-0351,BR-GLOBAL-0351,CT-R3-0750,P3,SPECIFIED,EXPECTED_NOT_EXECUTED,EVID-SPEC-0750,执行规则对应动作,"{""outcome"": ""SUCCESS_OR_RULE_DEFINED_REJECTION"", ""description"": ""执行锁只能通过租约聚合边界变更。"", ""failure_description"": ""返回明确失败原因且不部分提交""}"
ACC-R3-0751,,INV-BR-GLOBAL-0352,BR-GLOBAL-0352,CT-R3-0751,P3,SPECIFIED,EXPECTED_NOT_EXECUTED,EVID-SPEC-0751,执行规则对应动作,"{""outcome"": ""SUCCESS_OR_RULE_DEFINED_REJECTION"", ""description"": ""隔离令牌只能通过租约聚合边界变更。"", ""failure_description"": ""返回明确失败原因且不部分提交""}"
ACC-R3-0752,,INV-BR-GLOBAL-0353,BR-GLOBAL-0353,CT-R3-0752,P3,SPECIFIED,EXPECTED_NOT_EXECUTED,EVID-SPEC-0752,执行规则对应动作,"{""outcome"": ""SUCCESS_OR_RULE_DEFINED_REJECTION"", ""description"": ""禁止绕过租约聚合根直接修改成员对象。"", ""failure_description"": ""请求被拒绝且状态、数据库和事件均不发生非预期变化""}"
ACC-R3-0753,,INV-BR-GLOBAL-0354,BR-GLOBAL-0354,CT-R3-0753,P3,SPECIFIED,EXPECTED_NOT_EXECUTED,EVID-SPEC-0753,执行规则对应动作,"{""outcome"": ""SUCCESS_OR_RULE_DEFINED_REJECTION"", ""description"": ""禁止跨聚合事务直接修改外部对象内部状态。"", ""failure_description"": ""请求被拒绝且状态、数据库和事件均不发生非预期变化""}"
ACC-R3-0754,,INV-BR-GLOBAL-0355,BR-GLOBAL-0355,CT-R3-0754,P3,SPECIFIED,EXPECTED_NOT_EXECUTED,EVID-SPEC-0754,仅通过租约聚合根执行需要强一致的创建、状态和成员变更；跨聚合只保存标识引用。,"{""outcome"": ""SUCCESS_OR_RULE_DEFINED_REJECTION"", ""description"": ""仅通过租约聚合根执行需要强一致的创建、状态和成员变更；跨聚合只保存标识引用。"", ""failure_description"": ""返回明确失败原因且不部分提交""}"
ACC-R3-0755,,INV-BR-GLOBAL-0356,BR-GLOBAL-0356,CT-R3-0755,P3,SPECIFIED,EXPECTED_NOT_EXECUTED,EVID-SPEC-0755,执行锁的业务唯一键“execution_lock_id”必须在“由对象定义和关联项目/环境范围共同决定”范围内唯一且不可变。,"{""outcome"": ""SUCCESS_OR_RULE_DEFINED_REJECTION"", ""description"": ""执行锁的业务唯一键“execution_lock_id”必须在“由对象定义和关联项目/环境范围共同决定”范围内唯一且不可变。"", ""failure_description"": ""返回明确失败原因且不部分提交""}"
ACC-R3-0756,,INV-BR-GLOBAL-0357,BR-GLOBAL-0357,CT-R3-0756,P3,SPECIFIED,EXPECTED_NOT_EXECUTED,EVID-SPEC-0756,租约的业务唯一键“lease_id”必须在“由对象定义和关联项目/环境范围共同决定”范围内唯一且不可变。,"{""outcome"": ""SUCCESS_OR_RULE_DEFINED_REJECTION"", ""description"": ""租约的业务唯一键“lease_id”必须在“由对象定义和关联项目/环境范围共同决定”范围内唯一且不可变。"", ""failure_description"": ""返回明确失败原因且不部分提交""}"
ACC-R3-0757,,INV-BR-GLOBAL-0358,BR-GLOBAL-0358,CT-R3-0757,P3,SPECIFIED,EXPECTED_NOT_EXECUTED,EVID-SPEC-0757,隔离令牌的业务唯一键“fencing_token”必须在“由对象定义和关联项目/环境范围共同决定”范围内唯一。,"{""outcome"": ""SUCCESS_OR_RULE_DEFINED_REJECTION"", ""description"": ""隔离令牌的业务唯一键“fencing_token”必须在“由对象定义和关联项目/环境范围共同决定”范围内唯一。"", ""failure_description"": ""返回明确失败原因且不部分提交""}"
ACC-R3-0758,,INV-BR-GLOBAL-0359,BR-GLOBAL-0359,CT-R3-0758,P4,SPECIFIED,EXPECTED_NOT_EXECUTED,EVID-SPEC-0758,执行规则对应动作,"{""outcome"": ""SUCCESS_OR_RULE_DEFINED_REJECTION"", ""description"": ""租约状态受独立状态维度和状态机约束，不得与其他状态维度合并或绕过Owner服务直接改写。"", ""failure_description"": ""请求被拒绝且状态、数据库和事件均不发生非预期变化""}"
ACC-R3-0759,,INV-BR-GLOBAL-0360,BR-GLOBAL-0360,CT-R3-0759,P8,SPECIFIED,EXPECTED_NOT_EXECUTED,EVID-SPEC-0759,执行规则对应动作,"{""outcome"": ""SUCCESS_OR_RULE_DEFINED_REJECTION"", ""description"": ""租约状态是封闭枚举；正式写入值只能使用：ACTIVE、EXPIRED、RELEASED、FENCED。"", ""failure_description"": ""非标准值不得写入；外部值必须先完成显式映射。""}"
ACC-R3-0760,,INV-BR-GLOBAL-0361,BR-GLOBAL-0361,CT-R3-0760,P8,SPECIFIED,EXPECTED_NOT_EXECUTED,EVID-SPEC-0760,执行规则对应动作,"{""outcome"": ""SUCCESS_OR_RULE_DEFINED_REJECTION"", ""description"": ""执行锁锁定资源类型是封闭枚举；正式写入值只能使用：ENVIRONMENT、ACCOUNT、RESOURCE。"", ""failure_description"": ""非标准值不得写入；外部值必须先完成显式映射。""}"
ACC-R3-0761,,INV-BR-GLOBAL-0362,BR-GLOBAL-0362,CT-R3-0761,P8,SPECIFIED,EXPECTED_NOT_EXECUTED,EVID-SPEC-0761,执行规则对应动作,"{""outcome"": ""SUCCESS_OR_RULE_DEFINED_REJECTION"", ""description"": ""执行锁锁模式是封闭枚举；正式写入值只能使用：SHARED、EXCLUSIVE。"", ""failure_description"": ""非标准值不得写入；外部值必须先完成显式映射。""}"
ACC-R3-0762,,INV-BR-GLOBAL-0363,BR-GLOBAL-0363,CT-R3-0762,P8,SPECIFIED,EXPECTED_NOT_EXECUTED,EVID-SPEC-0762,执行规则对应动作,"{""outcome"": ""SUCCESS_OR_RULE_DEFINED_REJECTION"", ""description"": ""租约租约类型是封闭枚举；正式写入值只能使用：SSO_IDENTITY、RUNNER_RESOURCE、TASK_CONTROL。"", ""failure_description"": ""非标准值不得写入；外部值必须先完成显式映射。""}"
ACC-R3-0763,,INV-BR-GLOBAL-0364,BR-GLOBAL-0364,CT-R3-0763,P3,SPECIFIED,EXPECTED_NOT_EXECUTED,EVID-SPEC-0763,租约必须带单调递增隔离令牌；过期持有者写入必须被拒绝。,"{""outcome"": ""SUCCESS_OR_RULE_DEFINED_REJECTION"", ""description"": ""租约必须带单调递增隔离令牌；过期持有者写入必须被拒绝。"", ""failure_description"": ""返回明确失败原因且不部分提交""}"
ACC-R3-0764,,INV-BR-GLOBAL-0365,BR-GLOBAL-0365,CT-R3-0764,P4,SPECIFIED,EXPECTED_NOT_EXECUTED,EVID-SPEC-0764,归档后禁止新写入，保留历史查询和引用完整性。,"{""outcome"": ""SUCCESS_OR_RULE_DEFINED_REJECTION"", ""description"": ""归档后禁止新写入，保留历史查询和引用完整性。"", ""failure_description"": ""返回明确失败原因且不部分提交""}"
ACC-R3-0765,,INV-BR-GLOBAL-0366,BR-GLOBAL-0366,CT-R3-0765,P4,SPECIFIED,EXPECTED_NOT_EXECUTED,EVID-SPEC-0765,存在有效引用时禁止物理删除；先停用或归档，清理由受控请求执行。,"{""outcome"": ""SUCCESS_OR_RULE_DEFINED_REJECTION"", ""description"": ""存在有效引用时禁止物理删除；先停用或归档，清理由受控请求执行。"", ""failure_description"": ""请求被拒绝且状态、数据库和事件均不发生非预期变化""}"
ACC-R3-0766,,INV-BR-GLOBAL-0367,BR-GLOBAL-0367,CT-R3-0766,P3,SPECIFIED,EXPECTED_NOT_EXECUTED,EVID-SPEC-0766,由关系两端标识、作用域与生效版本共同唯一确定；保留独立历史ID。,"{""outcome"": ""SUCCESS_OR_RULE_DEFINED_REJECTION"", ""description"": ""由关系两端标识、作用域与生效版本共同唯一确定；保留独立历史ID。"", ""failure_description"": ""返回明确失败原因且不部分提交""}"
ACC-R3-0767,,INV-BR-GLOBAL-0368,BR-GLOBAL-0368,CT-R3-0767,P4,SPECIFIED,EXPECTED_NOT_EXECUTED,EVID-SPEC-0767,创建→启用/维护→停用→归档；被引用时不得直接物理删除。,"{""outcome"": ""SUCCESS_OR_RULE_DEFINED_REJECTION"", ""description"": ""创建→启用/维护→停用→归档；被引用时不得直接物理删除。"", ""failure_description"": ""请求被拒绝且状态、数据库和事件均不发生非预期变化""}"
ACC-R3-0768,,INV-BR-GLOBAL-0369,BR-GLOBAL-0369,CT-R3-0768,P3,SPECIFIED,EXPECTED_NOT_EXECUTED,EVID-SPEC-0768,使用稳定内部标识lease_id；业务唯一键见business_unique_keys。,"{""outcome"": ""SUCCESS_OR_RULE_DEFINED_REJECTION"", ""description"": ""使用稳定内部标识lease_id；业务唯一键见business_unique_keys。"", ""failure_description"": ""返回明确失败原因且不部分提交""}"
ACC-R3-0769,,INV-BR-GLOBAL-0370,BR-GLOBAL-0370,CT-R3-0769,P4,SPECIFIED,EXPECTED_NOT_EXECUTED,EVID-SPEC-0769,不单独归档；随引用方或事件存储策略处理。,"{""outcome"": ""SUCCESS_OR_RULE_DEFINED_REJECTION"", ""description"": ""不单独归档；随引用方或事件存储策略处理。"", ""failure_description"": ""返回明确失败原因且不部分提交""}"
ACC-R3-0770,,INV-BR-GLOBAL-0371,BR-GLOBAL-0371,CT-R3-0770,P3,SPECIFIED,EXPECTED_NOT_EXECUTED,EVID-SPEC-0770,由全部规范化属性共同确定值身份，不分配独立业务身份。,"{""outcome"": ""SUCCESS_OR_RULE_DEFINED_REJECTION"", ""description"": ""由全部规范化属性共同确定值身份，不分配独立业务身份。"", ""failure_description"": ""返回明确失败原因且不部分提交""}"
ACC-R3-0771,,INV-BR-GLOBAL-0372,BR-GLOBAL-0372,CT-R3-0771,P4,SPECIFIED,EXPECTED_NOT_EXECUTED,EVID-SPEC-0771,无独立业务生命周期；随定义、配置或引用方演进。,"{""outcome"": ""SUCCESS_OR_RULE_DEFINED_REJECTION"", ""description"": ""无独立业务生命周期；随定义、配置或引用方演进。"", ""failure_description"": ""返回明确失败原因且不部分提交""}"
ACC-R3-0772,,INV-BR-GLOBAL-0373,BR-GLOBAL-0373,CT-R3-0772,P3,SPECIFIED,EXPECTED_NOT_EXECUTED,EVID-SPEC-0772,重试策略的业务唯一键“retry_policy”必须在“由对象定义和关联项目/环境范围共同决定”范围内唯一。,"{""outcome"": ""SUCCESS_OR_RULE_DEFINED_REJECTION"", ""description"": ""重试策略的业务唯一键“retry_policy”必须在“由对象定义和关联项目/环境范围共同决定”范围内唯一。"", ""failure_description"": ""返回明确失败原因且不部分提交""}"
ACC-R3-0773,,INV-BR-GLOBAL-0374,BR-GLOBAL-0374,CT-R3-0773,P3,SPECIFIED,EXPECTED_NOT_EXECUTED,EVID-SPEC-0773,恢复动作的业务唯一键“recovery_action”必须在“由对象定义和关联项目/环境范围共同决定”范围内唯一。,"{""outcome"": ""SUCCESS_OR_RULE_DEFINED_REJECTION"", ""description"": ""恢复动作的业务唯一键“recovery_action”必须在“由对象定义和关联项目/环境范围共同决定”范围内唯一。"", ""failure_description"": ""返回明确失败原因且不部分提交""}"
ACC-R3-0774,,INV-BR-GLOBAL-0375,BR-GLOBAL-0375,CT-R3-0774,P8,SPECIFIED,EXPECTED_NOT_EXECUTED,EVID-SPEC-0774,执行规则对应动作,"{""outcome"": ""SUCCESS_OR_RULE_DEFINED_REJECTION"", ""description"": ""恢复动作动作类型是封闭枚举；正式写入值只能使用：RELEASED。"", ""failure_description"": ""非标准值不得写入；外部值必须先完成显式映射。""}"
ACC-R3-0775,,INV-BR-GLOBAL-0376,BR-GLOBAL-0376,CT-R3-0775,P3,SPECIFIED,EXPECTED_NOT_EXECUTED,EVID-SPEC-0775,主动跳过不进入失败统一重试资格。,"{""outcome"": ""SUCCESS_OR_RULE_DEFINED_REJECTION"", ""description"": ""主动跳过不进入失败统一重试资格。"", ""failure_description"": ""返回明确失败原因且不部分提交""}"
ACC-R3-0776,,INV-BR-GLOBAL-0377,BR-GLOBAL-0377,CT-R3-0776,P4,SPECIFIED,EXPECTED_NOT_EXECUTED,EVID-SPEC-0776,不单独归档；随引用方或事件存储策略处理。,"{""outcome"": ""SUCCESS_OR_RULE_DEFINED_REJECTION"", ""description"": ""不单独归档；随引用方或事件存储策略处理。"", ""failure_description"": ""返回明确失败原因且不部分提交""}"
ACC-R3-0777,,INV-BR-GLOBAL-0378,BR-GLOBAL-0378,CT-R3-0777,P6,SPECIFIED,EXPECTED_NOT_EXECUTED,EVID-SPEC-0777,不得重试主动跳过或不具备资格的失败。,"{""outcome"": ""SUCCESS_OR_RULE_DEFINED_REJECTION"", ""description"": ""不得重试主动跳过或不具备资格的失败。"", ""failure_description"": ""返回明确失败原因且不部分提交""}"
ACC-R3-0778,,INV-BR-GLOBAL-0379,BR-GLOBAL-0379,CT-R3-0778,P4,SPECIFIED,EXPECTED_NOT_EXECUTED,EVID-SPEC-0778,存在有效引用时禁止物理删除；先停用或归档，清理由受控请求执行。,"{""outcome"": ""SUCCESS_OR_RULE_DEFINED_REJECTION"", ""description"": ""存在有效引用时禁止物理删除；先停用或归档，清理由受控请求执行。"", ""failure_description"": ""请求被拒绝且状态、数据库和事件均不发生非预期变化""}"
ACC-R3-0779,,INV-BR-GLOBAL-0380,BR-GLOBAL-0380,CT-R3-0779,P3,SPECIFIED,EXPECTED_NOT_EXECUTED,EVID-SPEC-0779,由稳定代码标识其定义，不作为运行态业务实体。,"{""outcome"": ""SUCCESS_OR_RULE_DEFINED_REJECTION"", ""description"": ""由稳定代码标识其定义，不作为运行态业务实体。"", ""failure_description"": ""返回明确失败原因且不部分提交""}"
ACC-R3-0780,,INV-BR-GLOBAL-0381,BR-GLOBAL-0381,CT-R3-0780,P4,SPECIFIED,EXPECTED_NOT_EXECUTED,EVID-SPEC-0780,无独立业务生命周期；随定义、配置或引用方演进。,"{""outcome"": ""SUCCESS_OR_RULE_DEFINED_REJECTION"", ""description"": ""无独立业务生命周期；随定义、配置或引用方演进。"", ""failure_description"": ""返回明确失败原因且不部分提交""}"
ACC-R3-0781,,INV-BR-GLOBAL-0382,BR-GLOBAL-0382,CT-R3-0781,P8,SPECIFIED,EXPECTED_NOT_EXECUTED,EVID-SPEC-0781,不得绕过状态Owner和CAS。,"{""outcome"": ""SUCCESS_OR_RULE_DEFINED_REJECTION"", ""description"": ""不得绕过状态Owner和CAS。"", ""failure_description"": ""返回明确失败原因且不部分提交""}"
ACC-R3-0782,,INV-BR-GLOBAL-0383,BR-GLOBAL-0383,CT-R3-0782,P3,SPECIFIED,EXPECTED_NOT_EXECUTED,EVID-SPEC-0782,执行规则对应动作,"{""outcome"": ""SUCCESS_OR_RULE_DEFINED_REJECTION"", ""description"": ""登录策略只能通过自动化资产聚合边界变更。"", ""failure_description"": ""返回明确失败原因且不部分提交""}"
ACC-R3-0783,,INV-BR-GLOBAL-0384,BR-GLOBAL-0384,CT-R3-0783,P3,SPECIFIED,EXPECTED_NOT_EXECUTED,EVID-SPEC-0783,执行规则对应动作,"{""outcome"": ""SUCCESS_OR_RULE_DEFINED_REJECTION"", ""description"": ""页面对象只能通过自动化资产聚合边界变更。"", ""failure_description"": ""返回明确失败原因且不部分提交""}"
ACC-R3-0784,,INV-BR-GLOBAL-0385,BR-GLOBAL-0385,CT-R3-0784,P3,SPECIFIED,EXPECTED_NOT_EXECUTED,EVID-SPEC-0784,执行规则对应动作,"{""outcome"": ""SUCCESS_OR_RULE_DEFINED_REJECTION"", ""description"": ""动作资产只能通过自动化资产聚合边界变更。"", ""failure_description"": ""返回明确失败原因且不部分提交""}"
ACC-R3-0785,,INV-BR-GLOBAL-0386,BR-GLOBAL-0386,CT-R3-0785,P3,SPECIFIED,EXPECTED_NOT_EXECUTED,EVID-SPEC-0785,执行规则对应动作,"{""outcome"": ""SUCCESS_OR_RULE_DEFINED_REJECTION"", ""description"": ""断言资产只能通过自动化资产聚合边界变更。"", ""failure_description"": ""返回明确失败原因且不部分提交""}"
ACC-R3-0786,,INV-BR-GLOBAL-0387,BR-GLOBAL-0387,CT-R3-0786,P3,SPECIFIED,EXPECTED_NOT_EXECUTED,EVID-SPEC-0786,执行规则对应动作,"{""outcome"": ""SUCCESS_OR_RULE_DEFINED_REJECTION"", ""description"": ""禁止绕过自动化资产聚合根直接修改成员对象。"", ""failure_description"": ""请求被拒绝且状态、数据库和事件均不发生非预期变化""}"
ACC-R3-0787,,INV-BR-GLOBAL-0388,BR-GLOBAL-0388,CT-R3-0787,P3,SPECIFIED,EXPECTED_NOT_EXECUTED,EVID-SPEC-0787,执行规则对应动作,"{""outcome"": ""SUCCESS_OR_RULE_DEFINED_REJECTION"", ""description"": ""禁止跨聚合事务直接修改外部对象内部状态。"", ""failure_description"": ""请求被拒绝且状态、数据库和事件均不发生非预期变化""}"
ACC-R3-0788,,INV-BR-GLOBAL-0389,BR-GLOBAL-0389,CT-R3-0788,P3,SPECIFIED,EXPECTED_NOT_EXECUTED,EVID-SPEC-0788,仅通过自动化资产聚合根执行需要强一致的创建、状态和成员变更；跨聚合只保存标识引用。,"{""outcome"": ""SUCCESS_OR_RULE_DEFINED_REJECTION"", ""description"": ""仅通过自动化资产聚合根执行需要强一致的创建、状态和成员变更；跨聚合只保存标识引用。"", ""failure_description"": ""返回明确失败原因且不部分提交""}"
ACC-R3-0789,,INV-BR-GLOBAL-0390,BR-GLOBAL-0390,CT-R3-0789,P3,SPECIFIED,EXPECTED_NOT_EXECUTED,EVID-SPEC-0789,自动化资产的业务唯一键“automation_asset_id”必须在“由对象定义和关联项目/环境范围共同决定”范围内唯一且不可变。,"{""outcome"": ""SUCCESS_OR_RULE_DEFINED_REJECTION"", ""description"": ""自动化资产的业务唯一键“automation_asset_id”必须在“由对象定义和关联项目/环境范围共同决定”范围内唯一且不可变。"", ""failure_description"": ""返回明确失败原因且不部分提交""}"
ACC-R3-0790,,INV-BR-GLOBAL-0391,BR-GLOBAL-0391,CT-R3-0790,P3,SPECIFIED,EXPECTED_NOT_EXECUTED,EVID-SPEC-0790,登录策略的业务唯一键“login_strategy_id”必须在“由对象定义和关联项目/环境范围共同决定”范围内唯一且不可变。,"{""outcome"": ""SUCCESS_OR_RULE_DEFINED_REJECTION"", ""description"": ""登录策略的业务唯一键“login_strategy_id”必须在“由对象定义和关联项目/环境范围共同决定”范围内唯一且不可变。"", ""failure_description"": ""返回明确失败原因且不部分提交""}"
ACC-R3-0791,,INV-BR-GLOBAL-0392,BR-GLOBAL-0392,CT-R3-0791,P3,SPECIFIED,EXPECTED_NOT_EXECUTED,EVID-SPEC-0791,页面对象的业务唯一键“page_object_id”必须在“由对象定义和关联项目/环境范围共同决定”范围内唯一且不可变。,"{""outcome"": ""SUCCESS_OR_RULE_DEFINED_REJECTION"", ""description"": ""页面对象的业务唯一键“page_object_id”必须在“由对象定义和关联项目/环境范围共同决定”范围内唯一且不可变。"", ""failure_description"": ""返回明确失败原因且不部分提交""}"
ACC-R3-0792,,INV-BR-GLOBAL-0393,BR-GLOBAL-0393,CT-R3-0792,P3,SPECIFIED,EXPECTED_NOT_EXECUTED,EVID-SPEC-0792,动作资产的业务唯一键“action_asset_id”必须在“由对象定义和关联项目/环境范围共同决定”范围内唯一且不可变。,"{""outcome"": ""SUCCESS_OR_RULE_DEFINED_REJECTION"", ""description"": ""动作资产的业务唯一键“action_asset_id”必须在“由对象定义和关联项目/环境范围共同决定”范围内唯一且不可变。"", ""failure_description"": ""返回明确失败原因且不部分提交""}"
ACC-R3-0793,,INV-BR-GLOBAL-0394,BR-GLOBAL-0394,CT-R3-0793,P3,SPECIFIED,EXPECTED_NOT_EXECUTED,EVID-SPEC-0793,断言资产的业务唯一键“assertion_asset_id”必须在“由对象定义和关联项目/环境范围共同决定”范围内唯一且不可变。,"{""outcome"": ""SUCCESS_OR_RULE_DEFINED_REJECTION"", ""description"": ""断言资产的业务唯一键“assertion_asset_id”必须在“由对象定义和关联项目/环境范围共同决定”范围内唯一且不可变。"", ""failure_description"": ""返回明确失败原因且不部分提交""}"
ACC-R3-0794,,INV-BR-GLOBAL-0395,BR-GLOBAL-0395,CT-R3-0794,P8,SPECIFIED,EXPECTED_NOT_EXECUTED,EVID-SPEC-0794,执行规则对应动作,"{""outcome"": ""SUCCESS_OR_RULE_DEFINED_REJECTION"", ""description"": ""自动化资产资产类型是封闭枚举；正式写入值只能使用：LOGIN、PAGE、ACTION、ASSERTION。"", ""failure_description"": ""非标准值不得写入；外部值必须先完成显式映射。""}"
ACC-R3-0795,,INV-BR-GLOBAL-0396,BR-GLOBAL-0396,CT-R3-0795,P4,SPECIFIED,EXPECTED_NOT_EXECUTED,EVID-SPEC-0795,归档后禁止新写入，保留历史查询和引用完整性。,"{""outcome"": ""SUCCESS_OR_RULE_DEFINED_REJECTION"", ""description"": ""归档后禁止新写入，保留历史查询和引用完整性。"", ""failure_description"": ""返回明确失败原因且不部分提交""}"
ACC-R3-0796,,INV-BR-GLOBAL-0397,BR-GLOBAL-0397,CT-R3-0796,P4,SPECIFIED,EXPECTED_NOT_EXECUTED,EVID-SPEC-0796,存在有效引用时禁止物理删除；先停用或归档，清理由受控请求执行。,"{""outcome"": ""SUCCESS_OR_RULE_DEFINED_REJECTION"", ""description"": ""存在有效引用时禁止物理删除；先停用或归档，清理由受控请求执行。"", ""failure_description"": ""请求被拒绝且状态、数据库和事件均不发生非预期变化""}"
ACC-R3-0797,,INV-BR-GLOBAL-0398,BR-GLOBAL-0398,CT-R3-0797,P3,SPECIFIED,EXPECTED_NOT_EXECUTED,EVID-SPEC-0797,使用稳定内部标识automation_asset_id；业务唯一键见business_unique_keys。,"{""outcome"": ""SUCCESS_OR_RULE_DEFINED_REJECTION"", ""description"": ""使用稳定内部标识automation_asset_id；业务唯一键见business_unique_keys。"", ""failure_description"": ""返回明确失败原因且不部分提交""}"
ACC-R3-0798,,INV-BR-GLOBAL-0399,BR-GLOBAL-0399,CT-R3-0798,P4,SPECIFIED,EXPECTED_NOT_EXECUTED,EVID-SPEC-0798,创建→启用/维护→停用→归档；被引用时不得直接物理删除。,"{""outcome"": ""SUCCESS_OR_RULE_DEFINED_REJECTION"", ""description"": ""创建→启用/维护→停用→归档；被引用时不得直接物理删除。"", ""failure_description"": ""请求被拒绝且状态、数据库和事件均不发生非预期变化""}"
ACC-R3-0799,,INV-BR-GLOBAL-0400,BR-GLOBAL-0400,CT-R3-0799,P3,SPECIFIED,EXPECTED_NOT_EXECUTED,EVID-SPEC-0799,使用稳定内部标识login_strategy_id；业务唯一键见business_unique_keys。,"{""outcome"": ""SUCCESS_OR_RULE_DEFINED_REJECTION"", ""description"": ""使用稳定内部标识login_strategy_id；业务唯一键见business_unique_keys。"", ""failure_description"": ""返回明确失败原因且不部分提交""}"
ACC-R3-0800,,INV-BR-GLOBAL-0401,BR-GLOBAL-0401,CT-R3-0800,P3,SPECIFIED,EXPECTED_NOT_EXECUTED,EVID-SPEC-0800,使用稳定内部标识page_object_id；业务唯一键见business_unique_keys。,"{""outcome"": ""SUCCESS_OR_RULE_DEFINED_REJECTION"", ""description"": ""使用稳定内部标识page_object_id；业务唯一键见business_unique_keys。"", ""failure_description"": ""返回明确失败原因且不部分提交""}"
ACC-R3-0801,,INV-BR-GLOBAL-0402,BR-GLOBAL-0402,CT-R3-0801,P3,SPECIFIED,EXPECTED_NOT_EXECUTED,EVID-SPEC-0801,使用稳定内部标识action_asset_id；业务唯一键见business_unique_keys。,"{""outcome"": ""SUCCESS_OR_RULE_DEFINED_REJECTION"", ""description"": ""使用稳定内部标识action_asset_id；业务唯一键见business_unique_keys。"", ""failure_description"": ""返回明确失败原因且不部分提交""}"
ACC-R3-0802,,INV-BR-GLOBAL-0403,BR-GLOBAL-0403,CT-R3-0802,P3,SPECIFIED,EXPECTED_NOT_EXECUTED,EVID-SPEC-0802,使用稳定内部标识assertion_asset_id；业务唯一键见business_unique_keys。,"{""outcome"": ""SUCCESS_OR_RULE_DEFINED_REJECTION"", ""description"": ""使用稳定内部标识assertion_asset_id；业务唯一键见business_unique_keys。"", ""failure_description"": ""返回明确失败原因且不部分提交""}"
ACC-R3-0803,,INV-BR-GLOBAL-0404,BR-GLOBAL-0404,CT-R3-0803,P3,SPECIFIED,EXPECTED_NOT_EXECUTED,EVID-SPEC-0803,执行规则对应动作,"{""outcome"": ""SUCCESS_OR_RULE_DEFINED_REJECTION"", ""description"": ""Runner Agent只能通过Runner聚合边界变更。"", ""failure_description"": ""返回明确失败原因且不部分提交""}"
ACC-R3-0804,,INV-BR-GLOBAL-0405,BR-GLOBAL-0405,CT-R3-0804,P3,SPECIFIED,EXPECTED_NOT_EXECUTED,EVID-SPEC-0804,执行规则对应动作,"{""outcome"": ""SUCCESS_OR_RULE_DEFINED_REJECTION"", ""description"": ""Runner执行机只能通过Runner聚合边界变更。"", ""failure_description"": ""返回明确失败原因且不部分提交""}"
ACC-R3-0805,,INV-BR-GLOBAL-0406,BR-GLOBAL-0406,CT-R3-0805,P3,SPECIFIED,EXPECTED_NOT_EXECUTED,EVID-SPEC-0805,执行规则对应动作,"{""outcome"": ""SUCCESS_OR_RULE_DEFINED_REJECTION"", ""description"": ""Runner能力只能通过Runner聚合边界变更。"", ""failure_description"": ""返回明确失败原因且不部分提交""}"
ACC-R3-0806,,INV-BR-GLOBAL-0407,BR-GLOBAL-0407,CT-R3-0806,P3,SPECIFIED,EXPECTED_NOT_EXECUTED,EVID-SPEC-0806,执行规则对应动作,"{""outcome"": ""SUCCESS_OR_RULE_DEFINED_REJECTION"", ""description"": ""Runner项目绑定只能通过Runner聚合边界变更。"", ""failure_description"": ""返回明确失败原因且不部分提交""}"
ACC-R3-0807,,INV-BR-GLOBAL-0408,BR-GLOBAL-0408,CT-R3-0807,P3,SPECIFIED,EXPECTED_NOT_EXECUTED,EVID-SPEC-0807,执行规则对应动作,"{""outcome"": ""SUCCESS_OR_RULE_DEFINED_REJECTION"", ""description"": ""执行槽位只能通过Runner聚合边界变更。"", ""failure_description"": ""返回明确失败原因且不部分提交""}"
ACC-R3-0808,,INV-BR-GLOBAL-0409,BR-GLOBAL-0409,CT-R3-0808,P3,SPECIFIED,EXPECTED_NOT_EXECUTED,EVID-SPEC-0808,执行规则对应动作,"{""outcome"": ""SUCCESS_OR_RULE_DEFINED_REJECTION"", ""description"": ""一个登记Runner由一个当前Agent代表。"", ""failure_description"": ""返回明确失败原因且不部分提交""}"
ACC-R3-0809,,INV-BR-GLOBAL-0410,BR-GLOBAL-0410,CT-R3-0809,P3,SPECIFIED,EXPECTED_NOT_EXECUTED,EVID-SPEC-0809,执行规则对应动作,"{""outcome"": ""SUCCESS_OR_RULE_DEFINED_REJECTION"", ""description"": ""Runner拥有槽位资源。"", ""failure_description"": ""返回明确失败原因且不部分提交""}"
ACC-R3-0810,,INV-BR-GLOBAL-0411,BR-GLOBAL-0411,CT-R3-0810,P3,SPECIFIED,EXPECTED_NOT_EXECUTED,EVID-SPEC-0810,执行规则对应动作,"{""outcome"": ""SUCCESS_OR_RULE_DEFINED_REJECTION"", ""description"": ""禁止绕过Runner聚合根直接修改成员对象。"", ""failure_description"": ""请求被拒绝且状态、数据库和事件均不发生非预期变化""}"
ACC-R3-0811,,INV-BR-GLOBAL-0412,BR-GLOBAL-0412,CT-R3-0811,P3,SPECIFIED,EXPECTED_NOT_EXECUTED,EVID-SPEC-0811,执行规则对应动作,"{""outcome"": ""SUCCESS_OR_RULE_DEFINED_REJECTION"", ""description"": ""禁止跨聚合事务直接修改外部对象内部状态。"", ""failure_description"": ""请求被拒绝且状态、数据库和事件均不发生非预期变化""}"
ACC-R3-0812,,INV-BR-GLOBAL-0413,BR-GLOBAL-0413,CT-R3-0812,P3,SPECIFIED,EXPECTED_NOT_EXECUTED,EVID-SPEC-0812,仅通过Runner聚合根执行需要强一致的创建、状态和成员变更；跨聚合只保存标识引用。,"{""outcome"": ""SUCCESS_OR_RULE_DEFINED_REJECTION"", ""description"": ""仅通过Runner聚合根执行需要强一致的创建、状态和成员变更；跨聚合只保存标识引用。"", ""failure_description"": ""返回明确失败原因且不部分提交""}"
ACC-R3-0813,,INV-BR-GLOBAL-0414,BR-GLOBAL-0414,CT-R3-0813,P3,SPECIFIED,EXPECTED_NOT_EXECUTED,EVID-SPEC-0813,Runner的业务唯一键“runner_code”必须在“由对象定义和关联项目/环境范围共同决定”范围内唯一且不可变。,"{""outcome"": ""SUCCESS_OR_RULE_DEFINED_REJECTION"", ""description"": ""Runner的业务唯一键“runner_code”必须在“由对象定义和关联项目/环境范围共同决定”范围内唯一且不可变。"", ""failure_description"": ""返回明确失败原因且不部分提交""}"
ACC-R3-0814,,INV-BR-GLOBAL-0415,BR-GLOBAL-0415,CT-R3-0814,P3,SPECIFIED,EXPECTED_NOT_EXECUTED,EVID-SPEC-0814,Runner能力的业务唯一键“runner_id+capability_code”必须在“由对象定义和关联项目/环境范围共同决定”范围内唯一。,"{""outcome"": ""SUCCESS_OR_RULE_DEFINED_REJECTION"", ""description"": ""Runner能力的业务唯一键“runner_id+capability_code”必须在“由对象定义和关联项目/环境范围共同决定”范围内唯一。"", ""failure_description"": ""返回明确失败原因且不部分提交""}"
ACC-R3-0815,,INV-BR-GLOBAL-0416,BR-GLOBAL-0416,CT-R3-0815,P3,SPECIFIED,EXPECTED_NOT_EXECUTED,EVID-SPEC-0815,Runner项目绑定的业务唯一键“runner_id+effective_at”必须在“由对象定义和关联项目/环境范围共同决定”范围内唯一。,"{""outcome"": ""SUCCESS_OR_RULE_DEFINED_REJECTION"", ""description"": ""Runner项目绑定的业务唯一键“runner_id+effective_at”必须在“由对象定义和关联项目/环境范围共同决定”范围内唯一。"", ""failure_description"": ""返回明确失败原因且不部分提交""}"
ACC-R3-0816,,INV-BR-GLOBAL-0417,BR-GLOBAL-0417,CT-R3-0816,P3,SPECIFIED,EXPECTED_NOT_EXECUTED,EVID-SPEC-0816,执行槽位的业务唯一键“runner_id+slot_no”必须在“由对象定义和关联项目/环境范围共同决定”范围内唯一。,"{""outcome"": ""SUCCESS_OR_RULE_DEFINED_REJECTION"", ""description"": ""执行槽位的业务唯一键“runner_id+slot_no”必须在“由对象定义和关联项目/环境范围共同决定”范围内唯一。"", ""failure_description"": ""返回明确失败原因且不部分提交""}"
ACC-R3-0817,,INV-BR-GLOBAL-0418,BR-GLOBAL-0418,CT-R3-0817,P3,SPECIFIED,EXPECTED_NOT_EXECUTED,EVID-SPEC-0817,Runner Agent的业务唯一键“runner_agent_id”必须在“由对象定义和关联项目/环境范围共同决定”范围内唯一且不可变。,"{""outcome"": ""SUCCESS_OR_RULE_DEFINED_REJECTION"", ""description"": ""Runner Agent的业务唯一键“runner_agent_id”必须在“由对象定义和关联项目/环境范围共同决定”范围内唯一且不可变。"", ""failure_description"": ""返回明确失败原因且不部分提交""}"
ACC-R3-0818,,INV-BR-GLOBAL-0419,BR-GLOBAL-0419,CT-R3-0818,P3,SPECIFIED,EXPECTED_NOT_EXECUTED,EVID-SPEC-0818,Runner执行机的业务唯一键“runner_execution_host_id”必须在“由对象定义和关联项目/环境范围共同决定”范围内唯一且不可变。,"{""outcome"": ""SUCCESS_OR_RULE_DEFINED_REJECTION"", ""description"": ""Runner执行机的业务唯一键“runner_execution_host_id”必须在“由对象定义和关联项目/环境范围共同决定”范围内唯一且不可变。"", ""failure_description"": ""返回明确失败原因且不部分提交""}"
ACC-R3-0819,,INV-BR-GLOBAL-0420,BR-GLOBAL-0420,CT-R3-0819,P4,SPECIFIED,EXPECTED_NOT_EXECUTED,EVID-SPEC-0819,执行规则对应动作,"{""outcome"": ""SUCCESS_OR_RULE_DEFINED_REJECTION"", ""description"": ""Runner健康状态受独立状态维度和状态机约束，不得与其他状态维度合并或绕过Owner服务直接改写。"", ""failure_description"": ""请求被拒绝且状态、数据库和事件均不发生非预期变化""}"
ACC-R3-0820,,INV-BR-GLOBAL-0421,BR-GLOBAL-0421,CT-R3-0820,P8,SPECIFIED,EXPECTED_NOT_EXECUTED,EVID-SPEC-0820,执行规则对应动作,"{""outcome"": ""SUCCESS_OR_RULE_DEFINED_REJECTION"", ""description"": ""Runner健康状态是封闭枚举；正式写入值只能使用：UNKNOWN、HEALTHY、DEGRADED、UNHEALTHY、OFFLINE。"", ""failure_description"": ""非标准值不得写入；外部值必须先完成显式映射。""}"
ACC-R3-0821,,INV-BR-GLOBAL-0422,BR-GLOBAL-0422,CT-R3-0821,P4,SPECIFIED,EXPECTED_NOT_EXECUTED,EVID-SPEC-0821,执行规则对应动作,"{""outcome"": ""SUCCESS_OR_RULE_DEFINED_REJECTION"", ""description"": ""Runner调度状态受独立状态维度和状态机约束，不得与其他状态维度合并或绕过Owner服务直接改写。"", ""failure_description"": ""请求被拒绝且状态、数据库和事件均不发生非预期变化""}"
ACC-R3-0822,,INV-BR-GLOBAL-0423,BR-GLOBAL-0423,CT-R3-0822,P8,SPECIFIED,EXPECTED_NOT_EXECUTED,EVID-SPEC-0822,执行规则对应动作,"{""outcome"": ""SUCCESS_OR_RULE_DEFINED_REJECTION"", ""description"": ""Runner调度状态是封闭枚举；正式写入值只能使用：ENABLED、DRAINING、DISABLED。"", ""failure_description"": ""非标准值不得写入；外部值必须先完成显式映射。""}"
ACC-R3-0823,,INV-BR-GLOBAL-0424,BR-GLOBAL-0424,CT-R3-0823,P4,SPECIFIED,EXPECTED_NOT_EXECUTED,EVID-SPEC-0823,执行规则对应动作,"{""outcome"": ""SUCCESS_OR_RULE_DEFINED_REJECTION"", ""description"": ""Runner能力验证状态受独立状态维度和状态机约束，不得与其他状态维度合并或绕过Owner服务直接改写。"", ""failure_description"": ""请求被拒绝且状态、数据库和事件均不发生非预期变化""}"
ACC-R3-0824,,INV-BR-GLOBAL-0425,BR-GLOBAL-0425,CT-R3-0824,P4,SPECIFIED,EXPECTED_NOT_EXECUTED,EVID-SPEC-0824,执行规则对应动作,"{""outcome"": ""SUCCESS_OR_RULE_DEFINED_REJECTION"", ""description"": ""执行槽位占用状态受独立状态维度和状态机约束，不得与其他状态维度合并或绕过Owner服务直接改写。"", ""failure_description"": ""请求被拒绝且状态、数据库和事件均不发生非预期变化""}"
ACC-R3-0825,,INV-BR-GLOBAL-0426,BR-GLOBAL-0426,CT-R3-0825,P4,SPECIFIED,EXPECTED_NOT_EXECUTED,EVID-SPEC-0825,执行规则对应动作,"{""outcome"": ""SUCCESS_OR_RULE_DEFINED_REJECTION"", ""description"": ""Runner Agent连接状态受独立状态维度和状态机约束，不得与其他状态维度合并或绕过Owner服务直接改写。"", ""failure_description"": ""请求被拒绝且状态、数据库和事件均不发生非预期变化""}"
ACC-R3-0826,,INV-BR-GLOBAL-0427,BR-GLOBAL-0427,CT-R3-0826,P4,SPECIFIED,EXPECTED_NOT_EXECUTED,EVID-SPEC-0826,归档后禁止新写入，保留历史查询和引用完整性。,"{""outcome"": ""SUCCESS_OR_RULE_DEFINED_REJECTION"", ""description"": ""归档后禁止新写入，保留历史查询和引用完整性。"", ""failure_description"": ""返回明确失败原因且不部分提交""}"
ACC-R3-0827,,INV-BR-GLOBAL-0428,BR-GLOBAL-0428,CT-R3-0827,P4,SPECIFIED,EXPECTED_NOT_EXECUTED,EVID-SPEC-0827,存在有效引用时禁止物理删除；先停用或归档，清理由受控请求执行。,"{""outcome"": ""SUCCESS_OR_RULE_DEFINED_REJECTION"", ""description"": ""存在有效引用时禁止物理删除；先停用或归档，清理由受控请求执行。"", ""failure_description"": ""请求被拒绝且状态、数据库和事件均不发生非预期变化""}"
ACC-R3-0828,,INV-BR-GLOBAL-0429,BR-GLOBAL-0429,CT-R3-0828,P3,SPECIFIED,EXPECTED_NOT_EXECUTED,EVID-SPEC-0828,使用稳定内部标识runner_id；业务唯一键见business_unique_keys。,"{""outcome"": ""SUCCESS_OR_RULE_DEFINED_REJECTION"", ""description"": ""使用稳定内部标识runner_id；业务唯一键见business_unique_keys。"", ""failure_description"": ""返回明确失败原因且不部分提交""}"
ACC-R3-0829,,INV-BR-GLOBAL-0430,BR-GLOBAL-0430,CT-R3-0829,P4,SPECIFIED,EXPECTED_NOT_EXECUTED,EVID-SPEC-0829,创建→启用/维护→停用→归档；被引用时不得直接物理删除。,"{""outcome"": ""SUCCESS_OR_RULE_DEFINED_REJECTION"", ""description"": ""创建→启用/维护→停用→归档；被引用时不得直接物理删除。"", ""failure_description"": ""请求被拒绝且状态、数据库和事件均不发生非预期变化""}"
ACC-R3-0830,,INV-BR-GLOBAL-0431,BR-GLOBAL-0431,CT-R3-0830,P3,SPECIFIED,EXPECTED_NOT_EXECUTED,EVID-SPEC-0830,使用稳定内部标识runner_capability_id；业务唯一键见business_unique_keys。,"{""outcome"": ""SUCCESS_OR_RULE_DEFINED_REJECTION"", ""description"": ""使用稳定内部标识runner_capability_id；业务唯一键见business_unique_keys。"", ""failure_description"": ""返回明确失败原因且不部分提交""}"
ACC-R3-0831,,INV-BR-GLOBAL-0432,BR-GLOBAL-0432,CT-R3-0831,P3,SPECIFIED,EXPECTED_NOT_EXECUTED,EVID-SPEC-0831,由关系两端标识、作用域与生效版本共同唯一确定；保留独立历史ID。,"{""outcome"": ""SUCCESS_OR_RULE_DEFINED_REJECTION"", ""description"": ""由关系两端标识、作用域与生效版本共同唯一确定；保留独立历史ID。"", ""failure_description"": ""返回明确失败原因且不部分提交""}"
ACC-R3-0832,,INV-BR-GLOBAL-0433,BR-GLOBAL-0433,CT-R3-0832,P3,SPECIFIED,EXPECTED_NOT_EXECUTED,EVID-SPEC-0832,使用稳定内部标识execution_slot_id；业务唯一键见business_unique_keys。,"{""outcome"": ""SUCCESS_OR_RULE_DEFINED_REJECTION"", ""description"": ""使用稳定内部标识execution_slot_id；业务唯一键见business_unique_keys。"", ""failure_description"": ""返回明确失败原因且不部分提交""}"
ACC-R3-0833,,INV-BR-GLOBAL-0434,BR-GLOBAL-0434,CT-R3-0833,P3,SPECIFIED,EXPECTED_NOT_EXECUTED,EVID-SPEC-0833,使用稳定内部标识runner_agent_id；业务唯一键见business_unique_keys。,"{""outcome"": ""SUCCESS_OR_RULE_DEFINED_REJECTION"", ""description"": ""使用稳定内部标识runner_agent_id；业务唯一键见business_unique_keys。"", ""failure_description"": ""返回明确失败原因且不部分提交""}"
ACC-R3-0834,,INV-BR-GLOBAL-0435,BR-GLOBAL-0435,CT-R3-0834,P3,SPECIFIED,EXPECTED_NOT_EXECUTED,EVID-SPEC-0834,使用稳定内部标识runner_execution_host_id；业务唯一键见business_unique_keys。,"{""outcome"": ""SUCCESS_OR_RULE_DEFINED_REJECTION"", ""description"": ""使用稳定内部标识runner_execution_host_id；业务唯一键见business_unique_keys。"", ""failure_description"": ""返回明确失败原因且不部分提交""}"
ACC-R3-0835,,INV-BR-GLOBAL-0436,BR-GLOBAL-0436,CT-R3-0835,P4,SPECIFIED,EXPECTED_NOT_EXECUTED,EVID-SPEC-0835,无独立业务生命周期；随定义、配置或引用方演进。,"{""outcome"": ""SUCCESS_OR_RULE_DEFINED_REJECTION"", ""description"": ""无独立业务生命周期；随定义、配置或引用方演进。"", ""failure_description"": ""返回明确失败原因且不部分提交""}"
ACC-R3-0836,,INV-BR-GLOBAL-0437,BR-GLOBAL-0437,CT-R3-0836,P3,SPECIFIED,EXPECTED_NOT_EXECUTED,EVID-SPEC-0836,跨端编排的业务唯一键“cross_terminal_orchestration_id”必须在“由对象定义和关联项目/环境范围共同决定”范围内唯一且不可变。,"{""outcome"": ""SUCCESS_OR_RULE_DEFINED_REJECTION"", ""description"": ""跨端编排的业务唯一键“cross_terminal_orchestration_id”必须在“由对象定义和关联项目/环境范围共同决定”范围内唯一且不可变。"", ""failure_description"": ""返回明确失败原因且不部分提交""}"
ACC-R3-0837,,INV-BR-GLOBAL-0438,BR-GLOBAL-0438,CT-R3-0837,P3,SPECIFIED,EXPECTED_NOT_EXECUTED,EVID-SPEC-0837,跨端步骤顺序执行，变量必须有生产者、消费者、类型和终端上下文。,"{""outcome"": ""SUCCESS_OR_RULE_DEFINED_REJECTION"", ""description"": ""跨端步骤顺序执行，变量必须有生产者、消费者、类型和终端上下文。"", ""failure_description"": ""返回明确失败原因且不部分提交""}"
ACC-R3-0838,,INV-BR-GLOBAL-0439,BR-GLOBAL-0439,CT-R3-0838,P4,SPECIFIED,EXPECTED_NOT_EXECUTED,EVID-SPEC-0838,归档后禁止新写入，保留历史查询和引用完整性。,"{""outcome"": ""SUCCESS_OR_RULE_DEFINED_REJECTION"", ""description"": ""归档后禁止新写入，保留历史查询和引用完整性。"", ""failure_description"": ""返回明确失败原因且不部分提交""}"
ACC-R3-0839,,INV-BR-GLOBAL-0440,BR-GLOBAL-0440,CT-R3-0839,P4,SPECIFIED,EXPECTED_NOT_EXECUTED,EVID-SPEC-0839,存在有效引用时禁止物理删除；先停用或归档，清理由受控请求执行。,"{""outcome"": ""SUCCESS_OR_RULE_DEFINED_REJECTION"", ""description"": ""存在有效引用时禁止物理删除；先停用或归档，清理由受控请求执行。"", ""failure_description"": ""请求被拒绝且状态、数据库和事件均不发生非预期变化""}"
ACC-R3-0840,,INV-BR-GLOBAL-0441,BR-GLOBAL-0441,CT-R3-0840,P3,SPECIFIED,EXPECTED_NOT_EXECUTED,EVID-SPEC-0840,使用稳定内部标识cross_terminal_orchestration_id；业务唯一键见business_unique_keys。,"{""outcome"": ""SUCCESS_OR_RULE_DEFINED_REJECTION"", ""description"": ""使用稳定内部标识cross_terminal_orchestration_id；业务唯一键见business_unique_keys。"", ""failure_description"": ""返回明确失败原因且不部分提交""}"
ACC-R3-0841,,INV-BR-GLOBAL-0442,BR-GLOBAL-0442,CT-R3-0841,P4,SPECIFIED,EXPECTED_NOT_EXECUTED,EVID-SPEC-0841,创建→启用/维护→停用→归档；被引用时不得直接物理删除。,"{""outcome"": ""SUCCESS_OR_RULE_DEFINED_REJECTION"", ""description"": ""创建→启用/维护→停用→归档；被引用时不得直接物理删除。"", ""failure_description"": ""返回明确失败原因且不部分提交""}"
ACC-R3-0842,,INV-BR-GLOBAL-0443,BR-GLOBAL-0443,CT-R3-0842,P3,SPECIFIED,EXPECTED_NOT_EXECUTED,EVID-SPEC-0842,上下文变量的业务唯一键“execution_context_id+namespace+variable_name”必须在“由对象定义和关联项目/环境范围共同决定”范围内唯一。,"{""outcome"": ""SUCCESS_OR_RULE_DEFINED_REJECTION"", ""description"": ""上下文变量的业务唯一键“execution_context_id+namespace+variable_name”必须在“由对象定义和关联项目/环境范围共同决定”范围内唯一。"", ""failure_description"": ""返回明确失败原因且不部分提交""}"
ACC-R3-0843,,INV-BR-GLOBAL-0444,BR-GLOBAL-0444,CT-R3-0843,P3,SPECIFIED,EXPECTED_NOT_EXECUTED,EVID-SPEC-0843,执行上下文的业务唯一键“execution_context_id”必须在“由对象定义和关联项目/环境范围共同决定”范围内唯一且不可变。,"{""outcome"": ""SUCCESS_OR_RULE_DEFINED_REJECTION"", ""description"": ""执行上下文的业务唯一键“execution_context_id”必须在“由对象定义和关联项目/环境范围共同决定”范围内唯一且不可变。"", ""failure_description"": ""返回明确失败原因且不部分提交""}"
ACC-R3-0844,,INV-BR-GLOBAL-0445,BR-GLOBAL-0445,CT-R3-0844,P8,SPECIFIED,EXPECTED_NOT_EXECUTED,EVID-SPEC-0844,执行规则对应动作,"{""outcome"": ""SUCCESS_OR_RULE_DEFINED_REJECTION"", ""description"": ""执行上下文拥有者类型是封闭枚举；正式写入值只能使用：TASK、BATCH。"", ""failure_description"": ""非标准值不得写入；外部值必须先完成显式映射。""}"
ACC-R3-0845,,INV-BR-GLOBAL-0446,BR-GLOBAL-0446,CT-R3-0845,P4,SPECIFIED,EXPECTED_NOT_EXECUTED,EVID-SPEC-0845,归档后禁止新写入，保留历史查询和引用完整性。,"{""outcome"": ""SUCCESS_OR_RULE_DEFINED_REJECTION"", ""description"": ""归档后禁止新写入，保留历史查询和引用完整性。"", ""failure_description"": ""返回明确失败原因且不部分提交""}"
ACC-R3-0846,,INV-BR-GLOBAL-0447,BR-GLOBAL-0447,CT-R3-0846,P4,SPECIFIED,EXPECTED_NOT_EXECUTED,EVID-SPEC-0846,存在有效引用时禁止物理删除；先停用或归档，清理由受控请求执行。,"{""outcome"": ""SUCCESS_OR_RULE_DEFINED_REJECTION"", ""description"": ""存在有效引用时禁止物理删除；先停用或归档，清理由受控请求执行。"", ""failure_description"": ""请求被拒绝且状态、数据库和事件均不发生非预期变化""}"
ACC-R3-0847,,INV-BR-GLOBAL-0448,BR-GLOBAL-0448,CT-R3-0847,P3,SPECIFIED,EXPECTED_NOT_EXECUTED,EVID-SPEC-0847,使用稳定内部标识context_variable_id；业务唯一键见business_unique_keys。,"{""outcome"": ""SUCCESS_OR_RULE_DEFINED_REJECTION"", ""description"": ""使用稳定内部标识context_variable_id；业务唯一键见business_unique_keys。"", ""failure_description"": ""返回明确失败原因且不部分提交""}"
ACC-R3-0848,,INV-BR-GLOBAL-0449,BR-GLOBAL-0449,CT-R3-0848,P4,SPECIFIED,EXPECTED_NOT_EXECUTED,EVID-SPEC-0848,创建→启用/维护→停用→归档；被引用时不得直接物理删除。,"{""outcome"": ""SUCCESS_OR_RULE_DEFINED_REJECTION"", ""description"": ""创建→启用/维护→停用→归档；被引用时不得直接物理删除。"", ""failure_description"": ""返回明确失败原因且不部分提交""}"
ACC-R3-0849,,INV-BR-GLOBAL-0450,BR-GLOBAL-0450,CT-R3-0849,P3,SPECIFIED,EXPECTED_NOT_EXECUTED,EVID-SPEC-0849,使用稳定内部标识execution_context_id；业务唯一键见business_unique_keys。,"{""outcome"": ""SUCCESS_OR_RULE_DEFINED_REJECTION"", ""description"": ""使用稳定内部标识execution_context_id；业务唯一键见business_unique_keys。"", ""failure_description"": ""返回明确失败原因且不部分提交""}"
ACC-R3-0850,,INV-BR-GLOBAL-0451,BR-GLOBAL-0451,CT-R3-0850,P3,SPECIFIED,EXPECTED_NOT_EXECUTED,EVID-SPEC-0850,执行规则对应动作,"{""outcome"": ""SUCCESS_OR_RULE_DEFINED_REJECTION"", ""description"": ""模型供应商只能通过模型配置聚合边界变更。"", ""failure_description"": ""返回明确失败原因且不部分提交""}"
ACC-R3-0851,,INV-BR-GLOBAL-0452,BR-GLOBAL-0452,CT-R3-0851,P3,SPECIFIED,EXPECTED_NOT_EXECUTED,EVID-SPEC-0851,执行规则对应动作,"{""outcome"": ""SUCCESS_OR_RULE_DEFINED_REJECTION"", ""description"": ""Prompt修订只能通过模型配置聚合边界变更。"", ""failure_description"": ""返回明确失败原因且不部分提交""}"
ACC-R3-0852,,INV-BR-GLOBAL-0453,BR-GLOBAL-0453,CT-R3-0852,P3,SPECIFIED,EXPECTED_NOT_EXECUTED,EVID-SPEC-0852,执行规则对应动作,"{""outcome"": ""SUCCESS_OR_RULE_DEFINED_REJECTION"", ""description"": ""禁止绕过模型配置聚合根直接修改成员对象。"", ""failure_description"": ""请求被拒绝且状态、数据库和事件均不发生非预期变化""}"
ACC-R3-0853,,INV-BR-GLOBAL-0454,BR-GLOBAL-0454,CT-R3-0853,P3,SPECIFIED,EXPECTED_NOT_EXECUTED,EVID-SPEC-0853,执行规则对应动作,"{""outcome"": ""SUCCESS_OR_RULE_DEFINED_REJECTION"", ""description"": ""禁止跨聚合事务直接修改外部对象内部状态。"", ""failure_description"": ""请求被拒绝且状态、数据库和事件均不发生非预期变化""}"
ACC-R3-0854,,INV-BR-GLOBAL-0455,BR-GLOBAL-0455,CT-R3-0854,P3,SPECIFIED,EXPECTED_NOT_EXECUTED,EVID-SPEC-0854,仅通过模型配置聚合根执行需要强一致的创建、状态和成员变更；跨聚合只保存标识引用。,"{""outcome"": ""SUCCESS_OR_RULE_DEFINED_REJECTION"", ""description"": ""仅通过模型配置聚合根执行需要强一致的创建、状态和成员变更；跨聚合只保存标识引用。"", ""failure_description"": ""返回明确失败原因且不部分提交""}"
ACC-R3-0855,,INV-BR-GLOBAL-0456,BR-GLOBAL-0456,CT-R3-0855,P3,SPECIFIED,EXPECTED_NOT_EXECUTED,EVID-SPEC-0855,模型供应商的业务唯一键“provider_code”必须在“由对象定义和关联项目/环境范围共同决定”范围内唯一且不可变。,"{""outcome"": ""SUCCESS_OR_RULE_DEFINED_REJECTION"", ""description"": ""模型供应商的业务唯一键“provider_code”必须在“由对象定义和关联项目/环境范围共同决定”范围内唯一且不可变。"", ""failure_description"": ""返回明确失败原因且不部分提交""}"
ACC-R3-0856,,INV-BR-GLOBAL-0457,BR-GLOBAL-0457,CT-R3-0856,P3,SPECIFIED,EXPECTED_NOT_EXECUTED,EVID-SPEC-0856,模型配置的业务唯一键“config_code”必须在“由对象定义和关联项目/环境范围共同决定”范围内唯一且不可变。,"{""outcome"": ""SUCCESS_OR_RULE_DEFINED_REJECTION"", ""description"": ""模型配置的业务唯一键“config_code”必须在“由对象定义和关联项目/环境范围共同决定”范围内唯一且不可变。"", ""failure_description"": ""返回明确失败原因且不部分提交""}"
ACC-R3-0857,,INV-BR-GLOBAL-0458,BR-GLOBAL-0458,CT-R3-0857,P3,SPECIFIED,EXPECTED_NOT_EXECUTED,EVID-SPEC-0857,Prompt修订的业务唯一键“prompt_code+revision_no”必须在“由对象定义和关联项目/环境范围共同决定”范围内唯一。,"{""outcome"": ""SUCCESS_OR_RULE_DEFINED_REJECTION"", ""description"": ""Prompt修订的业务唯一键“prompt_code+revision_no”必须在“由对象定义和关联项目/环境范围共同决定”范围内唯一。"", ""failure_description"": ""返回明确失败原因且不部分提交""}"
ACC-R3-0858,,INV-BR-GLOBAL-0459,BR-GLOBAL-0459,CT-R3-0858,P3,SPECIFIED,EXPECTED_NOT_EXECUTED,EVID-SPEC-0858,AI调用的业务唯一键“ai_call_id”必须在“由对象定义和关联项目/环境范围共同决定”范围内唯一且不可变。,"{""outcome"": ""SUCCESS_OR_RULE_DEFINED_REJECTION"", ""description"": ""AI调用的业务唯一键“ai_call_id”必须在“由对象定义和关联项目/环境范围共同决定”范围内唯一且不可变。"", ""failure_description"": ""返回明确失败原因且不部分提交""}"
ACC-R3-0859,,INV-BR-GLOBAL-0460,BR-GLOBAL-0460,CT-R3-0859,P4,SPECIFIED,EXPECTED_NOT_EXECUTED,EVID-SPEC-0859,执行规则对应动作,"{""outcome"": ""SUCCESS_OR_RULE_DEFINED_REJECTION"", ""description"": ""模型供应商接入状态受独立状态维度和状态机约束，不得与其他状态维度合并或绕过Owner服务直接改写。"", ""failure_description"": ""请求被拒绝且状态、数据库和事件均不发生非预期变化""}"
ACC-R3-0860,,INV-BR-GLOBAL-0461,BR-GLOBAL-0461,CT-R3-0860,P4,SPECIFIED,EXPECTED_NOT_EXECUTED,EVID-SPEC-0860,执行规则对应动作,"{""outcome"": ""SUCCESS_OR_RULE_DEFINED_REJECTION"", ""description"": ""AI调用调用状态受独立状态维度和状态机约束，不得与其他状态维度合并或绕过Owner服务直接改写。"", ""failure_description"": ""请求被拒绝且状态、数据库和事件均不发生非预期变化""}"
ACC-R3-0861,,INV-BR-GLOBAL-0462,BR-GLOBAL-0462,CT-R3-0861,P4,SPECIFIED,EXPECTED_NOT_EXECUTED,EVID-SPEC-0861,归档后禁止新写入，保留历史查询和引用完整性。,"{""outcome"": ""SUCCESS_OR_RULE_DEFINED_REJECTION"", ""description"": ""归档后禁止新写入，保留历史查询和引用完整性。"", ""failure_description"": ""返回明确失败原因且不部分提交""}"
ACC-R3-0862,,INV-BR-GLOBAL-0463,BR-GLOBAL-0463,CT-R3-0862,P4,SPECIFIED,EXPECTED_NOT_EXECUTED,EVID-SPEC-0862,存在有效引用时禁止物理删除；先停用或归档，清理由受控请求执行。,"{""outcome"": ""SUCCESS_OR_RULE_DEFINED_REJECTION"", ""description"": ""存在有效引用时禁止物理删除；先停用或归档，清理由受控请求执行。"", ""failure_description"": ""请求被拒绝且状态、数据库和事件均不发生非预期变化""}"
ACC-R3-0863,,INV-BR-GLOBAL-0464,BR-GLOBAL-0464,CT-R3-0863,P3,SPECIFIED,EXPECTED_NOT_EXECUTED,EVID-SPEC-0863,使用稳定内部标识model_provider_id；业务唯一键见business_unique_keys。,"{""outcome"": ""SUCCESS_OR_RULE_DEFINED_REJECTION"", ""description"": ""使用稳定内部标识model_provider_id；业务唯一键见business_unique_keys。"", ""failure_description"": ""返回明确失败原因且不部分提交""}"
ACC-R3-0864,,INV-BR-GLOBAL-0465,BR-GLOBAL-0465,CT-R3-0864,P4,SPECIFIED,EXPECTED_NOT_EXECUTED,EVID-SPEC-0864,无独立业务生命周期；随定义、配置或引用方演进。,"{""outcome"": ""SUCCESS_OR_RULE_DEFINED_REJECTION"", ""description"": ""无独立业务生命周期；随定义、配置或引用方演进。"", ""failure_description"": ""返回明确失败原因且不部分提交""}"
ACC-R3-0865,,INV-BR-GLOBAL-0466,BR-GLOBAL-0466,CT-R3-0865,P3,SPECIFIED,EXPECTED_NOT_EXECUTED,EVID-SPEC-0865,使用稳定内部标识model_config_id；业务唯一键见business_unique_keys。,"{""outcome"": ""SUCCESS_OR_RULE_DEFINED_REJECTION"", ""description"": ""使用稳定内部标识model_config_id；业务唯一键见business_unique_keys。"", ""failure_description"": ""返回明确失败原因且不部分提交""}"
ACC-R3-0866,,INV-BR-GLOBAL-0467,BR-GLOBAL-0467,CT-R3-0866,P4,SPECIFIED,EXPECTED_NOT_EXECUTED,EVID-SPEC-0866,创建→启用/维护→停用→归档；被引用时不得直接物理删除。,"{""outcome"": ""SUCCESS_OR_RULE_DEFINED_REJECTION"", ""description"": ""创建→启用/维护→停用→归档；被引用时不得直接物理删除。"", ""failure_description"": ""返回明确失败原因且不部分提交""}"
ACC-R3-0867,,INV-BR-GLOBAL-0468,BR-GLOBAL-0468,CT-R3-0867,P4,SPECIFIED,EXPECTED_NOT_EXECUTED,EVID-SPEC-0867,不可变保留并可归档；不得覆盖历史。,"{""outcome"": ""SUCCESS_OR_RULE_DEFINED_REJECTION"", ""description"": ""不可变保留并可归档；不得覆盖历史。"", ""failure_description"": ""返回明确失败原因且不部分提交""}"
ACC-R3-0868,,INV-BR-GLOBAL-0469,BR-GLOBAL-0469,CT-R3-0868,P4,SPECIFIED,EXPECTED_NOT_EXECUTED,EVID-SPEC-0868,禁止直接物理删除；仅按治理和保留策略归档/受控清理。,"{""outcome"": ""SUCCESS_OR_RULE_DEFINED_REJECTION"", ""description"": ""禁止直接物理删除；仅按治理和保留策略归档/受控清理。"", ""failure_description"": ""请求被拒绝且状态、数据库和事件均不发生非预期变化""}"
ACC-R3-0869,,INV-BR-GLOBAL-0470,BR-GLOBAL-0470,CT-R3-0869,P3,SPECIFIED,EXPECTED_NOT_EXECUTED,EVID-SPEC-0869,由父对象标识与单调递增版本号共同唯一确定。,"{""outcome"": ""SUCCESS_OR_RULE_DEFINED_REJECTION"", ""description"": ""由父对象标识与单调递增版本号共同唯一确定。"", ""failure_description"": ""返回明确失败原因且不部分提交""}"
ACC-R3-0870,,INV-BR-GLOBAL-0471,BR-GLOBAL-0471,CT-R3-0870,P4,SPECIFIED,EXPECTED_NOT_EXECUTED,EVID-SPEC-0870,创建草稿→审核/发布→不可变使用→退役/归档；变更创建新版本。,"{""outcome"": ""SUCCESS_OR_RULE_DEFINED_REJECTION"", ""description"": ""创建草稿→审核/发布→不可变使用→退役/归档；变更创建新版本。"", ""failure_description"": ""请求被拒绝且状态、数据库和事件均不发生非预期变化""}"
ACC-R3-0871,,INV-BR-GLOBAL-0472,BR-GLOBAL-0472,CT-R3-0871,P3,SPECIFIED,EXPECTED_NOT_EXECUTED,EVID-SPEC-0871,使用稳定内部标识ai_call_id；业务唯一键见business_unique_keys。,"{""outcome"": ""SUCCESS_OR_RULE_DEFINED_REJECTION"", ""description"": ""使用稳定内部标识ai_call_id；业务唯一键见business_unique_keys。"", ""failure_description"": ""返回明确失败原因且不部分提交""}"
ACC-R3-0872,,INV-BR-GLOBAL-0473,BR-GLOBAL-0473,CT-R3-0872,P4,SPECIFIED,EXPECTED_NOT_EXECUTED,EVID-SPEC-0872,创建→排队/分配→运行→终态→归档；失败与恢复保留历史。,"{""outcome"": ""SUCCESS_OR_RULE_DEFINED_REJECTION"", ""description"": ""创建→排队/分配→运行→终态→归档；失败与恢复保留历史。"", ""failure_description"": ""返回明确失败原因且不部分提交""}"
ACC-R3-0873,,INV-BR-GLOBAL-0474,BR-GLOBAL-0474,CT-R3-0873,P3,SPECIFIED,EXPECTED_NOT_EXECUTED,EVID-SPEC-0873,执行规则对应动作,"{""outcome"": ""SUCCESS_OR_RULE_DEFINED_REJECTION"", ""description"": ""AI调用只能通过AI任务聚合边界变更。"", ""failure_description"": ""返回明确失败原因且不部分提交""}"
ACC-R3-0874,,INV-BR-GLOBAL-0475,BR-GLOBAL-0475,CT-R3-0874,P3,SPECIFIED,EXPECTED_NOT_EXECUTED,EVID-SPEC-0874,执行规则对应动作,"{""outcome"": ""SUCCESS_OR_RULE_DEFINED_REJECTION"", ""description"": ""AI结果只能通过AI任务聚合边界变更。"", ""failure_description"": ""返回明确失败原因且不部分提交""}"
ACC-R3-0875,,INV-BR-GLOBAL-0476,BR-GLOBAL-0476,CT-R3-0875,P3,SPECIFIED,EXPECTED_NOT_EXECUTED,EVID-SPEC-0875,执行规则对应动作,"{""outcome"": ""SUCCESS_OR_RULE_DEFINED_REJECTION"", ""description"": ""人工决定只能通过AI任务聚合边界变更。"", ""failure_description"": ""返回明确失败原因且不部分提交""}"
ACC-R3-0876,,INV-BR-GLOBAL-0477,BR-GLOBAL-0477,CT-R3-0876,P3,SPECIFIED,EXPECTED_NOT_EXECUTED,EVID-SPEC-0876,执行规则对应动作,"{""outcome"": ""SUCCESS_OR_RULE_DEFINED_REJECTION"", ""description"": ""AI候选修订只能通过AI任务聚合边界变更。"", ""failure_description"": ""返回明确失败原因且不部分提交""}"
ACC-R3-0877,,INV-BR-GLOBAL-0478,BR-GLOBAL-0478,CT-R3-0877,P3,SPECIFIED,EXPECTED_NOT_EXECUTED,EVID-SPEC-0877,执行规则对应动作,"{""outcome"": ""SUCCESS_OR_RULE_DEFINED_REJECTION"", ""description"": ""AI任务可发起多个模型调用。"", ""failure_description"": ""返回明确失败原因且不部分提交""}"
ACC-R3-0878,,INV-BR-GLOBAL-0479,BR-GLOBAL-0479,CT-R3-0878,P3,SPECIFIED,EXPECTED_NOT_EXECUTED,EVID-SPEC-0878,执行规则对应动作,"{""outcome"": ""SUCCESS_OR_RULE_DEFINED_REJECTION"", ""description"": ""禁止绕过AI任务聚合根直接修改成员对象。"", ""failure_description"": ""请求被拒绝且状态、数据库和事件均不发生非预期变化""}"
ACC-R3-0879,,INV-BR-GLOBAL-0480,BR-GLOBAL-0480,CT-R3-0879,P3,SPECIFIED,EXPECTED_NOT_EXECUTED,EVID-SPEC-0879,执行规则对应动作,"{""outcome"": ""SUCCESS_OR_RULE_DEFINED_REJECTION"", ""description"": ""禁止跨聚合事务直接修改外部对象内部状态。"", ""failure_description"": ""请求被拒绝且状态、数据库和事件均不发生非预期变化""}"
ACC-R3-0880,,INV-BR-GLOBAL-0481,BR-GLOBAL-0481,CT-R3-0880,P3,SPECIFIED,EXPECTED_NOT_EXECUTED,EVID-SPEC-0880,仅通过AI任务聚合根执行需要强一致的创建、状态和成员变更；跨聚合只保存标识引用。,"{""outcome"": ""SUCCESS_OR_RULE_DEFINED_REJECTION"", ""description"": ""仅通过AI任务聚合根执行需要强一致的创建、状态和成员变更；跨聚合只保存标识引用。"", ""failure_description"": ""返回明确失败原因且不部分提交""}"
ACC-R3-0881,,INV-BR-GLOBAL-0482,BR-GLOBAL-0482,CT-R3-0881,P3,SPECIFIED,EXPECTED_NOT_EXECUTED,EVID-SPEC-0881,AI任务的业务唯一键“ai_task_id”必须在“由对象定义和关联项目/环境范围共同决定”范围内唯一且不可变。,"{""outcome"": ""SUCCESS_OR_RULE_DEFINED_REJECTION"", ""description"": ""AI任务的业务唯一键“ai_task_id”必须在“由对象定义和关联项目/环境范围共同决定”范围内唯一且不可变。"", ""failure_description"": ""返回明确失败原因且不部分提交""}"
ACC-R3-0882,,INV-BR-GLOBAL-0483,BR-GLOBAL-0483,CT-R3-0882,P3,SPECIFIED,EXPECTED_NOT_EXECUTED,EVID-SPEC-0882,AI结果的业务唯一键“ai_result_id”必须在“由对象定义和关联项目/环境范围共同决定”范围内唯一且不可变。,"{""outcome"": ""SUCCESS_OR_RULE_DEFINED_REJECTION"", ""description"": ""AI结果的业务唯一键“ai_result_id”必须在“由对象定义和关联项目/环境范围共同决定”范围内唯一且不可变。"", ""failure_description"": ""返回明确失败原因且不部分提交""}"
ACC-R3-0883,,INV-BR-GLOBAL-0484,BR-GLOBAL-0484,CT-R3-0883,P3,SPECIFIED,EXPECTED_NOT_EXECUTED,EVID-SPEC-0883,人工决定的业务唯一键“human_decision_id”必须在“由对象定义和关联项目/环境范围共同决定”范围内唯一且不可变。,"{""outcome"": ""SUCCESS_OR_RULE_DEFINED_REJECTION"", ""description"": ""人工决定的业务唯一键“human_decision_id”必须在“由对象定义和关联项目/环境范围共同决定”范围内唯一且不可变。"", ""failure_description"": ""返回明确失败原因且不部分提交""}"
ACC-R3-0884,,INV-BR-GLOBAL-0485,BR-GLOBAL-0485,CT-R3-0884,P3,SPECIFIED,EXPECTED_NOT_EXECUTED,EVID-SPEC-0884,AI候选修订的业务唯一键“ai_candidate_revision_id”必须在“由对象定义和关联项目/环境范围共同决定”范围内唯一且不可变。,"{""outcome"": ""SUCCESS_OR_RULE_DEFINED_REJECTION"", ""description"": ""AI候选修订的业务唯一键“ai_candidate_revision_id”必须在“由对象定义和关联项目/环境范围共同决定”范围内唯一且不可变。"", ""failure_description"": ""返回明确失败原因且不部分提交""}"
ACC-R3-0885,,INV-BR-GLOBAL-0486,BR-GLOBAL-0486,CT-R3-0885,P4,SPECIFIED,EXPECTED_NOT_EXECUTED,EVID-SPEC-0885,执行规则对应动作,"{""outcome"": ""SUCCESS_OR_RULE_DEFINED_REJECTION"", ""description"": ""AI结果状态受独立状态维度和状态机约束，不得与其他状态维度合并或绕过Owner服务直接改写。"", ""failure_description"": ""请求被拒绝且状态、数据库和事件均不发生非预期变化""}"
ACC-R3-0886,,INV-BR-GLOBAL-0487,BR-GLOBAL-0487,CT-R3-0886,P8,SPECIFIED,EXPECTED_NOT_EXECUTED,EVID-SPEC-0886,执行规则对应动作,"{""outcome"": ""SUCCESS_OR_RULE_DEFINED_REJECTION"", ""description"": ""AI结果状态是封闭枚举；正式写入值只能使用：CANDIDATE、ACCEPTED、REJECTED、INVALIDATED、RESTORED、SUPERSEDED。"", ""failure_description"": ""非标准值不得写入；外部值必须先完成显式映射。""}"
ACC-R3-0887,,INV-BR-GLOBAL-0488,BR-GLOBAL-0488,CT-R3-0887,P4,SPECIFIED,EXPECTED_NOT_EXECUTED,EVID-SPEC-0887,执行规则对应动作,"{""outcome"": ""SUCCESS_OR_RULE_DEFINED_REJECTION"", ""description"": ""AI任务状态受独立状态维度和状态机约束，不得与其他状态维度合并或绕过Owner服务直接改写。"", ""failure_description"": ""请求被拒绝且状态、数据库和事件均不发生非预期变化""}"
ACC-R3-0888,,INV-BR-GLOBAL-0489,BR-GLOBAL-0489,CT-R3-0888,P8,SPECIFIED,EXPECTED_NOT_EXECUTED,EVID-SPEC-0888,执行规则对应动作,"{""outcome"": ""SUCCESS_OR_RULE_DEFINED_REJECTION"", ""description"": ""AI任务状态是封闭枚举；正式写入值只能使用：CREATED、QUEUED、RUNNING、WAITING_HUMAN、SUCCEEDED、FAILED、CANCELLED。"", ""failure_description"": ""非标准值不得写入；外部值必须先完成显式映射。""}"
ACC-R3-0889,,INV-BR-GLOBAL-0490,BR-GLOBAL-0490,CT-R3-0889,P8,SPECIFIED,EXPECTED_NOT_EXECUTED,EVID-SPEC-0889,执行规则对应动作,"{""outcome"": ""SUCCESS_OR_RULE_DEFINED_REJECTION"", ""description"": ""人工决定决定类型是封闭枚举；正式写入值只能使用：ACCEPTED、REJECTED、CORRECTED、RECOVERY、INVALIDATED。"", ""failure_description"": ""非标准值不得写入；外部值必须先完成显式映射。""}"
ACC-R3-0890,,INV-BR-GLOBAL-0491,BR-GLOBAL-0491,CT-R3-0890,P4,SPECIFIED,EXPECTED_NOT_EXECUTED,EVID-SPEC-0890,归档后禁止新写入，保留历史查询和引用完整性。,"{""outcome"": ""SUCCESS_OR_RULE_DEFINED_REJECTION"", ""description"": ""归档后禁止新写入，保留历史查询和引用完整性。"", ""failure_description"": ""返回明确失败原因且不部分提交""}"
ACC-R3-0891,,INV-BR-GLOBAL-0492,BR-GLOBAL-0492,CT-R3-0891,P4,SPECIFIED,EXPECTED_NOT_EXECUTED,EVID-SPEC-0891,存在有效引用时禁止物理删除；先停用或归档，清理由受控请求执行。,"{""outcome"": ""SUCCESS_OR_RULE_DEFINED_REJECTION"", ""description"": ""存在有效引用时禁止物理删除；先停用或归档，清理由受控请求执行。"", ""failure_description"": ""请求被拒绝且状态、数据库和事件均不发生非预期变化""}"
ACC-R3-0892,,INV-BR-GLOBAL-0493,BR-GLOBAL-0493,CT-R3-0892,P3,SPECIFIED,EXPECTED_NOT_EXECUTED,EVID-SPEC-0892,使用稳定内部标识ai_task_id；业务唯一键见business_unique_keys。,"{""outcome"": ""SUCCESS_OR_RULE_DEFINED_REJECTION"", ""description"": ""使用稳定内部标识ai_task_id；业务唯一键见business_unique_keys。"", ""failure_description"": ""返回明确失败原因且不部分提交""}"
ACC-R3-0893,,INV-BR-GLOBAL-0494,BR-GLOBAL-0494,CT-R3-0893,P4,SPECIFIED,EXPECTED_NOT_EXECUTED,EVID-SPEC-0893,创建→启用/维护→停用→归档；被引用时不得直接物理删除。,"{""outcome"": ""SUCCESS_OR_RULE_DEFINED_REJECTION"", ""description"": ""创建→启用/维护→停用→归档；被引用时不得直接物理删除。"", ""failure_description"": ""请求被拒绝且状态、数据库和事件均不发生非预期变化""}"
ACC-R3-0894,,INV-BR-GLOBAL-0495,BR-GLOBAL-0495,CT-R3-0894,P3,SPECIFIED,EXPECTED_NOT_EXECUTED,EVID-SPEC-0894,使用稳定内部标识ai_result_id；业务唯一键见business_unique_keys。,"{""outcome"": ""SUCCESS_OR_RULE_DEFINED_REJECTION"", ""description"": ""使用稳定内部标识ai_result_id；业务唯一键见business_unique_keys。"", ""failure_description"": ""返回明确失败原因且不部分提交""}"
ACC-R3-0895,,INV-BR-GLOBAL-0496,BR-GLOBAL-0496,CT-R3-0895,P3,SPECIFIED,EXPECTED_NOT_EXECUTED,EVID-SPEC-0895,使用稳定内部标识human_decision_id；业务唯一键见business_unique_keys。,"{""outcome"": ""SUCCESS_OR_RULE_DEFINED_REJECTION"", ""description"": ""使用稳定内部标识human_decision_id；业务唯一键见business_unique_keys。"", ""failure_description"": ""返回明确失败原因且不部分提交""}"
ACC-R3-0896,,INV-BR-GLOBAL-0497,BR-GLOBAL-0497,CT-R3-0896,P4,SPECIFIED,EXPECTED_NOT_EXECUTED,EVID-SPEC-0896,不可变保留并可归档；不得覆盖历史。,"{""outcome"": ""SUCCESS_OR_RULE_DEFINED_REJECTION"", ""description"": ""不可变保留并可归档；不得覆盖历史。"", ""failure_description"": ""返回明确失败原因且不部分提交""}"
ACC-R3-0897,,INV-BR-GLOBAL-0498,BR-GLOBAL-0498,CT-R3-0897,P4,SPECIFIED,EXPECTED_NOT_EXECUTED,EVID-SPEC-0897,禁止直接物理删除；仅按治理和保留策略归档/受控清理。,"{""outcome"": ""SUCCESS_OR_RULE_DEFINED_REJECTION"", ""description"": ""禁止直接物理删除；仅按治理和保留策略归档/受控清理。"", ""failure_description"": ""请求被拒绝且状态、数据库和事件均不发生非预期变化""}"
ACC-R3-0898,,INV-BR-GLOBAL-0499,BR-GLOBAL-0499,CT-R3-0898,P3,SPECIFIED,EXPECTED_NOT_EXECUTED,EVID-SPEC-0898,由父对象标识与单调递增版本号共同唯一确定。,"{""outcome"": ""SUCCESS_OR_RULE_DEFINED_REJECTION"", ""description"": ""由父对象标识与单调递增版本号共同唯一确定。"", ""failure_description"": ""返回明确失败原因且不部分提交""}"
ACC-R3-0899,,INV-BR-GLOBAL-0500,BR-GLOBAL-0500,CT-R3-0899,P4,SPECIFIED,EXPECTED_NOT_EXECUTED,EVID-SPEC-0899,创建草稿→审核/发布→不可变使用→退役/归档；变更创建新版本。,"{""outcome"": ""SUCCESS_OR_RULE_DEFINED_REJECTION"", ""description"": ""创建草稿→审核/发布→不可变使用→退役/归档；变更创建新版本。"", ""failure_description"": ""请求被拒绝且状态、数据库和事件均不发生非预期变化""}"
ACC-R3-0900,,INV-BR-GLOBAL-0501,BR-GLOBAL-0501,CT-R3-0900,P3,SPECIFIED,EXPECTED_NOT_EXECUTED,EVID-SPEC-0900,执行规则对应动作,"{""outcome"": ""SUCCESS_OR_RULE_DEFINED_REJECTION"", ""description"": ""报告生成请求只能通过测试报告聚合边界变更。"", ""failure_description"": ""返回明确失败原因且不部分提交""}"
ACC-R3-0901,,INV-BR-GLOBAL-0502,BR-GLOBAL-0502,CT-R3-0901,P3,SPECIFIED,EXPECTED_NOT_EXECUTED,EVID-SPEC-0901,执行规则对应动作,"{""outcome"": ""SUCCESS_OR_RULE_DEFINED_REJECTION"", ""description"": ""任务结果只能通过测试报告聚合边界变更。"", ""failure_description"": ""返回明确失败原因且不部分提交""}"
ACC-R3-0902,,INV-BR-GLOBAL-0503,BR-GLOBAL-0503,CT-R3-0902,P3,SPECIFIED,EXPECTED_NOT_EXECUTED,EVID-SPEC-0902,执行规则对应动作,"{""outcome"": ""SUCCESS_OR_RULE_DEFINED_REJECTION"", ""description"": ""用例结果只能通过测试报告聚合边界变更。"", ""failure_description"": ""返回明确失败原因且不部分提交""}"
ACC-R3-0903,,INV-BR-GLOBAL-0504,BR-GLOBAL-0504,CT-R3-0903,P3,SPECIFIED,EXPECTED_NOT_EXECUTED,EVID-SPEC-0903,执行规则对应动作,"{""outcome"": ""SUCCESS_OR_RULE_DEFINED_REJECTION"", ""description"": ""测试制品只能通过测试报告聚合边界变更。"", ""failure_description"": ""返回明确失败原因且不部分提交""}"
ACC-R3-0904,,INV-BR-GLOBAL-0505,BR-GLOBAL-0505,CT-R3-0904,P3,SPECIFIED,EXPECTED_NOT_EXECUTED,EVID-SPEC-0904,执行规则对应动作,"{""outcome"": ""SUCCESS_OR_RULE_DEFINED_REJECTION"", ""description"": ""禁止绕过测试报告聚合根直接修改成员对象。"", ""failure_description"": ""请求被拒绝且状态、数据库和事件均不发生非预期变化""}"
ACC-R3-0905,,INV-BR-GLOBAL-0506,BR-GLOBAL-0506,CT-R3-0905,P3,SPECIFIED,EXPECTED_NOT_EXECUTED,EVID-SPEC-0905,执行规则对应动作,"{""outcome"": ""SUCCESS_OR_RULE_DEFINED_REJECTION"", ""description"": ""禁止跨聚合事务直接修改外部对象内部状态。"", ""failure_description"": ""请求被拒绝且状态、数据库和事件均不发生非预期变化""}"
ACC-R3-0906,,INV-BR-GLOBAL-0507,BR-GLOBAL-0507,CT-R3-0906,P3,SPECIFIED,EXPECTED_NOT_EXECUTED,EVID-SPEC-0906,仅通过测试报告聚合根执行需要强一致的创建、状态和成员变更；跨聚合只保存标识引用。,"{""outcome"": ""SUCCESS_OR_RULE_DEFINED_REJECTION"", ""description"": ""仅通过测试报告聚合根执行需要强一致的创建、状态和成员变更；跨聚合只保存标识引用。"", ""failure_description"": ""返回明确失败原因且不部分提交""}"
ACC-R3-0907,,INV-BR-GLOBAL-0508,BR-GLOBAL-0508,CT-R3-0907,P3,SPECIFIED,EXPECTED_NOT_EXECUTED,EVID-SPEC-0907,任务结果的业务唯一键“task_result_id”必须在“由对象定义和关联项目/环境范围共同决定”范围内唯一且不可变。,"{""outcome"": ""SUCCESS_OR_RULE_DEFINED_REJECTION"", ""description"": ""任务结果的业务唯一键“task_result_id”必须在“由对象定义和关联项目/环境范围共同决定”范围内唯一且不可变。"", ""failure_description"": ""返回明确失败原因且不部分提交""}"
ACC-R3-0908,,INV-BR-GLOBAL-0509,BR-GLOBAL-0509,CT-R3-0908,P3,SPECIFIED,EXPECTED_NOT_EXECUTED,EVID-SPEC-0908,用例结果的业务唯一键“case_result_id”必须在“由对象定义和关联项目/环境范围共同决定”范围内唯一且不可变。,"{""outcome"": ""SUCCESS_OR_RULE_DEFINED_REJECTION"", ""description"": ""用例结果的业务唯一键“case_result_id”必须在“由对象定义和关联项目/环境范围共同决定”范围内唯一且不可变。"", ""failure_description"": ""返回明确失败原因且不部分提交""}"
ACC-R3-0909,,INV-BR-GLOBAL-0510,BR-GLOBAL-0510,CT-R3-0909,P3,SPECIFIED,EXPECTED_NOT_EXECUTED,EVID-SPEC-0909,报告生成请求的业务唯一键“test_report_generation_request_id”必须在“由对象定义和关联项目/环境范围共同决定”范围内唯一且不可变。,"{""outcome"": ""SUCCESS_OR_RULE_DEFINED_REJECTION"", ""description"": ""报告生成请求的业务唯一键“test_report_generation_request_id”必须在“由对象定义和关联项目/环境范围共同决定”范围内唯一且不可变。"", ""failure_description"": ""返回明确失败原因且不部分提交""}"
ACC-R3-0910,,INV-BR-GLOBAL-0511,BR-GLOBAL-0511,CT-R3-0910,P3,SPECIFIED,EXPECTED_NOT_EXECUTED,EVID-SPEC-0910,测试报告的业务唯一键“test_report_id”必须在“由对象定义和关联项目/环境范围共同决定”范围内唯一且不可变。,"{""outcome"": ""SUCCESS_OR_RULE_DEFINED_REJECTION"", ""description"": ""测试报告的业务唯一键“test_report_id”必须在“由对象定义和关联项目/环境范围共同决定”范围内唯一且不可变。"", ""failure_description"": ""返回明确失败原因且不部分提交""}"
ACC-R3-0911,,INV-BR-GLOBAL-0512,BR-GLOBAL-0512,CT-R3-0911,P3,SPECIFIED,EXPECTED_NOT_EXECUTED,EVID-SPEC-0911,测试制品的业务唯一键“test_artifact_id”必须在“由对象定义和关联项目/环境范围共同决定”范围内唯一且不可变。,"{""outcome"": ""SUCCESS_OR_RULE_DEFINED_REJECTION"", ""description"": ""测试制品的业务唯一键“test_artifact_id”必须在“由对象定义和关联项目/环境范围共同决定”范围内唯一且不可变。"", ""failure_description"": ""返回明确失败原因且不部分提交""}"
ACC-R3-0912,,INV-BR-GLOBAL-0513,BR-GLOBAL-0513,CT-R3-0912,P4,SPECIFIED,EXPECTED_NOT_EXECUTED,EVID-SPEC-0912,执行规则对应动作,"{""outcome"": ""SUCCESS_OR_RULE_DEFINED_REJECTION"", ""description"": ""报告生成请求状态受独立状态维度和状态机约束，不得与其他状态维度合并或绕过Owner服务直接改写。"", ""failure_description"": ""请求被拒绝且状态、数据库和事件均不发生非预期变化""}"
ACC-R3-0913,,INV-BR-GLOBAL-0514,BR-GLOBAL-0514,CT-R3-0913,P8,SPECIFIED,EXPECTED_NOT_EXECUTED,EVID-SPEC-0913,执行规则对应动作,"{""outcome"": ""SUCCESS_OR_RULE_DEFINED_REJECTION"", ""description"": ""报告生成请求状态是封闭枚举；正式写入值只能使用：INITIAL、QUEUED、RUNNING、SUCCEEDED、FAILED、CANCELLED。"", ""failure_description"": ""非标准值不得写入；外部值必须先完成显式映射。""}"
ACC-R3-0914,,INV-BR-GLOBAL-0515,BR-GLOBAL-0515,CT-R3-0914,P4,SPECIFIED,EXPECTED_NOT_EXECUTED,EVID-SPEC-0914,执行规则对应动作,"{""outcome"": ""SUCCESS_OR_RULE_DEFINED_REJECTION"", ""description"": ""测试报告状态受独立状态维度和状态机约束，不得与其他状态维度合并或绕过Owner服务直接改写。"", ""failure_description"": ""请求被拒绝且状态、数据库和事件均不发生非预期变化""}"
ACC-R3-0915,,INV-BR-GLOBAL-0516,BR-GLOBAL-0516,CT-R3-0915,P8,SPECIFIED,EXPECTED_NOT_EXECUTED,EVID-SPEC-0915,执行规则对应动作,"{""outcome"": ""SUCCESS_OR_RULE_DEFINED_REJECTION"", ""description"": ""测试报告状态是封闭枚举；正式写入值只能使用：GENERATING、COMPLETED、FAILED、SUPERSEDED。"", ""failure_description"": ""非标准值不得写入；外部值必须先完成显式映射。""}"
ACC-R3-0916,,INV-BR-GLOBAL-0517,BR-GLOBAL-0517,CT-R3-0916,P4,SPECIFIED,EXPECTED_NOT_EXECUTED,EVID-SPEC-0916,执行规则对应动作,"{""outcome"": ""SUCCESS_OR_RULE_DEFINED_REJECTION"", ""description"": ""任务结果最终状态受独立状态维度和状态机约束，不得与其他状态维度合并或绕过Owner服务直接改写。"", ""failure_description"": ""请求被拒绝且状态、数据库和事件均不发生非预期变化""}"
ACC-R3-0917,,INV-BR-GLOBAL-0518,BR-GLOBAL-0518,CT-R3-0917,P4,SPECIFIED,EXPECTED_NOT_EXECUTED,EVID-SPEC-0917,执行规则对应动作,"{""outcome"": ""SUCCESS_OR_RULE_DEFINED_REJECTION"", ""description"": ""用例结果最终结果受独立状态维度和状态机约束，不得与其他状态维度合并或绕过Owner服务直接改写。"", ""failure_description"": ""请求被拒绝且状态、数据库和事件均不发生非预期变化""}"
ACC-R3-0918,,INV-BR-GLOBAL-0519,BR-GLOBAL-0519,CT-R3-0918,P8,SPECIFIED,EXPECTED_NOT_EXECUTED,EVID-SPEC-0918,执行规则对应动作,"{""outcome"": ""SUCCESS_OR_RULE_DEFINED_REJECTION"", ""description"": ""报告生成请求请求类型是封闭枚举；正式写入值只能使用：GENERATE。"", ""failure_description"": ""非标准值不得写入；外部值必须先完成显式映射。""}"
ACC-R3-0919,,INV-BR-GLOBAL-0520,BR-GLOBAL-0520,CT-R3-0919,P8,SPECIFIED,EXPECTED_NOT_EXECUTED,EVID-SPEC-0919,执行规则对应动作,"{""outcome"": ""SUCCESS_OR_RULE_DEFINED_REJECTION"", ""description"": ""测试制品拥有者类型是封闭枚举；正式写入值只能使用：TASK。"", ""failure_description"": ""非标准值不得写入；外部值必须先完成显式映射。""}"
ACC-R3-0920,,INV-BR-GLOBAL-0521,BR-GLOBAL-0521,CT-R3-0920,P8,SPECIFIED,EXPECTED_NOT_EXECUTED,EVID-SPEC-0920,执行规则对应动作,"{""outcome"": ""SUCCESS_OR_RULE_DEFINED_REJECTION"", ""description"": ""测试制品制品类型是封闭枚举；正式写入值只能使用：SCREENSHOT、VIDEO、TRACE、RUN_LOG、STEP_LOG、NETWORK_LOG、REPORT_ATTACHMENT、HAR。"", ""failure_description"": ""非标准值不得写入；外部值必须先完成显式映射。""}"
ACC-R3-0921,,INV-BR-GLOBAL-0522,BR-GLOBAL-0522,CT-R3-0921,P3,SPECIFIED,EXPECTED_NOT_EXECUTED,EVID-SPEC-0921,执行规则对应动作,"{""outcome"": ""SUCCESS_OR_RULE_DEFINED_REJECTION"", ""description"": ""报告只投影结果和制品，不得修改原始任务或用例结果。"", ""failure_description"": ""请求被拒绝且状态、数据库和事件均不发生非预期变化""}"
ACC-R3-0922,,INV-BR-GLOBAL-0523,BR-GLOBAL-0523,CT-R3-0922,P3,SPECIFIED,EXPECTED_NOT_EXECUTED,EVID-SPEC-0922,初次执行、每次重试和最终结果必须分别可追溯。,"{""outcome"": ""SUCCESS_OR_RULE_DEFINED_REJECTION"", ""description"": ""初次执行、每次重试和最终结果必须分别可追溯。"", ""failure_description"": ""返回明确失败原因且不部分提交""}"
ACC-R3-0923,,INV-BR-GLOBAL-0524,BR-GLOBAL-0524,CT-R3-0923,P4,SPECIFIED,EXPECTED_NOT_EXECUTED,EVID-SPEC-0923,报告元数据永久或随项目归档；制品默认30天、项目7-180天、失败可90天、长期保留不自动清理。,"{""outcome"": ""SUCCESS_OR_RULE_DEFINED_REJECTION"", ""description"": ""报告元数据永久或随项目归档；制品默认30天、项目7-180天、失败可90天、长期保留不自动清理。"", ""failure_description"": ""返回明确失败原因且不部分提交""}"
ACC-R3-0924,,INV-BR-GLOBAL-0525,BR-GLOBAL-0525,CT-R3-0924,P4,SPECIFIED,EXPECTED_NOT_EXECUTED,EVID-SPEC-0924,归档后禁止新写入，保留历史查询和引用完整性。,"{""outcome"": ""SUCCESS_OR_RULE_DEFINED_REJECTION"", ""description"": ""归档后禁止新写入，保留历史查询和引用完整性。"", ""failure_description"": ""返回明确失败原因且不部分提交""}"
ACC-R3-0925,,INV-BR-GLOBAL-0526,BR-GLOBAL-0526,CT-R3-0925,P4,SPECIFIED,EXPECTED_NOT_EXECUTED,EVID-SPEC-0925,存在有效引用时禁止物理删除；先停用或归档，清理由受控请求执行。,"{""outcome"": ""SUCCESS_OR_RULE_DEFINED_REJECTION"", ""description"": ""存在有效引用时禁止物理删除；先停用或归档，清理由受控请求执行。"", ""failure_description"": ""请求被拒绝且状态、数据库和事件均不发生非预期变化""}"
ACC-R3-0926,,INV-BR-GLOBAL-0527,BR-GLOBAL-0527,CT-R3-0926,P3,SPECIFIED,EXPECTED_NOT_EXECUTED,EVID-SPEC-0926,使用稳定内部标识task_result_id；业务唯一键见business_unique_keys。,"{""outcome"": ""SUCCESS_OR_RULE_DEFINED_REJECTION"", ""description"": ""使用稳定内部标识task_result_id；业务唯一键见business_unique_keys。"", ""failure_description"": ""返回明确失败原因且不部分提交""}"
ACC-R3-0927,,INV-BR-GLOBAL-0528,BR-GLOBAL-0528,CT-R3-0927,P4,SPECIFIED,EXPECTED_NOT_EXECUTED,EVID-SPEC-0927,创建→启用/维护→停用→归档；被引用时不得直接物理删除。,"{""outcome"": ""SUCCESS_OR_RULE_DEFINED_REJECTION"", ""description"": ""创建→启用/维护→停用→归档；被引用时不得直接物理删除。"", ""failure_description"": ""请求被拒绝且状态、数据库和事件均不发生非预期变化""}"
ACC-R3-0928,,INV-BR-GLOBAL-0529,BR-GLOBAL-0529,CT-R3-0928,P3,SPECIFIED,EXPECTED_NOT_EXECUTED,EVID-SPEC-0928,使用稳定内部标识case_result_id；业务唯一键见business_unique_keys。,"{""outcome"": ""SUCCESS_OR_RULE_DEFINED_REJECTION"", ""description"": ""使用稳定内部标识case_result_id；业务唯一键见business_unique_keys。"", ""failure_description"": ""返回明确失败原因且不部分提交""}"
ACC-R3-0929,,INV-BR-GLOBAL-0530,BR-GLOBAL-0530,CT-R3-0929,P3,SPECIFIED,EXPECTED_NOT_EXECUTED,EVID-SPEC-0929,使用稳定内部标识test_report_generation_request_id；业务唯一键见business_unique_keys。,"{""outcome"": ""SUCCESS_OR_RULE_DEFINED_REJECTION"", ""description"": ""使用稳定内部标识test_report_generation_request_id；业务唯一键见business_unique_keys。"", ""failure_description"": ""返回明确失败原因且不部分提交""}"
ACC-R3-0930,,INV-BR-GLOBAL-0531,BR-GLOBAL-0531,CT-R3-0930,P4,SPECIFIED,EXPECTED_NOT_EXECUTED,EVID-SPEC-0930,创建→排队/分配→运行→终态→归档；失败与恢复保留历史。,"{""outcome"": ""SUCCESS_OR_RULE_DEFINED_REJECTION"", ""description"": ""创建→排队/分配→运行→终态→归档；失败与恢复保留历史。"", ""failure_description"": ""请求被拒绝且状态、数据库和事件均不发生非预期变化""}"
ACC-R3-0931,,INV-BR-GLOBAL-0532,BR-GLOBAL-0532,CT-R3-0931,P3,SPECIFIED,EXPECTED_NOT_EXECUTED,EVID-SPEC-0931,使用稳定内部标识test_report_id；业务唯一键见business_unique_keys。,"{""outcome"": ""SUCCESS_OR_RULE_DEFINED_REJECTION"", ""description"": ""使用稳定内部标识test_report_id；业务唯一键见business_unique_keys。"", ""failure_description"": ""返回明确失败原因且不部分提交""}"
ACC-R3-0932,,INV-BR-GLOBAL-0533,BR-GLOBAL-0533,CT-R3-0932,P3,SPECIFIED,EXPECTED_NOT_EXECUTED,EVID-SPEC-0932,使用稳定内部标识test_artifact_id；业务唯一键见business_unique_keys。,"{""outcome"": ""SUCCESS_OR_RULE_DEFINED_REJECTION"", ""description"": ""使用稳定内部标识test_artifact_id；业务唯一键见business_unique_keys。"", ""failure_description"": ""返回明确失败原因且不部分提交""}"
ACC-R3-0933,,INV-BR-GLOBAL-0534,BR-GLOBAL-0534,CT-R3-0933,P4,SPECIFIED,EXPECTED_NOT_EXECUTED,EVID-SPEC-0933,生成→上传/索引→可查询→按策略归档或清理；Hold可阻止清理。,"{""outcome"": ""SUCCESS_OR_RULE_DEFINED_REJECTION"", ""description"": ""生成→上传/索引→可查询→按策略归档或清理；Hold可阻止清理。"", ""failure_description"": ""返回明确失败原因且不部分提交""}"
ACC-R3-0934,,INV-BR-GLOBAL-0535,BR-GLOBAL-0535,CT-R3-0934,P3,SPECIFIED,EXPECTED_NOT_EXECUTED,EVID-SPEC-0934,执行规则对应动作,"{""outcome"": ""SUCCESS_OR_RULE_DEFINED_REJECTION"", ""description"": ""禁止绕过技术告警聚合根直接修改成员对象。"", ""failure_description"": ""请求被拒绝且状态、数据库和事件均不发生非预期变化""}"
ACC-R3-0935,,INV-BR-GLOBAL-0536,BR-GLOBAL-0536,CT-R3-0935,P3,SPECIFIED,EXPECTED_NOT_EXECUTED,EVID-SPEC-0935,执行规则对应动作,"{""outcome"": ""SUCCESS_OR_RULE_DEFINED_REJECTION"", ""description"": ""禁止跨聚合事务直接修改外部对象内部状态。"", ""failure_description"": ""请求被拒绝且状态、数据库和事件均不发生非预期变化""}"
ACC-R3-0936,,INV-BR-GLOBAL-0537,BR-GLOBAL-0537,CT-R3-0936,P3,SPECIFIED,EXPECTED_NOT_EXECUTED,EVID-SPEC-0936,仅通过技术告警聚合根执行需要强一致的创建、状态和成员变更；跨聚合只保存标识引用。,"{""outcome"": ""SUCCESS_OR_RULE_DEFINED_REJECTION"", ""description"": ""仅通过技术告警聚合根执行需要强一致的创建、状态和成员变更；跨聚合只保存标识引用。"", ""failure_description"": ""返回明确失败原因且不部分提交""}"
ACC-R3-0937,,INV-BR-GLOBAL-0538,BR-GLOBAL-0538,CT-R3-0937,P3,SPECIFIED,EXPECTED_NOT_EXECUTED,EVID-SPEC-0937,技术告警的业务唯一键“technical_alert_id”必须在“由对象定义和关联项目/环境范围共同决定”范围内唯一且不可变。,"{""outcome"": ""SUCCESS_OR_RULE_DEFINED_REJECTION"", ""description"": ""技术告警的业务唯一键“technical_alert_id”必须在“由对象定义和关联项目/环境范围共同决定”范围内唯一且不可变。"", ""failure_description"": ""返回明确失败原因且不部分提交""}"
ACC-R3-0938,,INV-BR-GLOBAL-0539,BR-GLOBAL-0539,CT-R3-0938,P4,SPECIFIED,EXPECTED_NOT_EXECUTED,EVID-SPEC-0938,执行规则对应动作,"{""outcome"": ""SUCCESS_OR_RULE_DEFINED_REJECTION"", ""description"": ""技术告警处置状态受独立状态维度和状态机约束，不得与其他状态维度合并或绕过Owner服务直接改写。"", ""failure_description"": ""请求被拒绝且状态、数据库和事件均不发生非预期变化""}"
ACC-R3-0939,,INV-BR-GLOBAL-0540,BR-GLOBAL-0540,CT-R3-0939,P4,SPECIFIED,EXPECTED_NOT_EXECUTED,EVID-SPEC-0939,归档后禁止新写入，保留历史查询和引用完整性。,"{""outcome"": ""SUCCESS_OR_RULE_DEFINED_REJECTION"", ""description"": ""归档后禁止新写入，保留历史查询和引用完整性。"", ""failure_description"": ""返回明确失败原因且不部分提交""}"
ACC-R3-0940,,INV-BR-GLOBAL-0541,BR-GLOBAL-0541,CT-R3-0940,P4,SPECIFIED,EXPECTED_NOT_EXECUTED,EVID-SPEC-0940,存在有效引用时禁止物理删除；先停用或归档，清理由受控请求执行。,"{""outcome"": ""SUCCESS_OR_RULE_DEFINED_REJECTION"", ""description"": ""存在有效引用时禁止物理删除；先停用或归档，清理由受控请求执行。"", ""failure_description"": ""请求被拒绝且状态、数据库和事件均不发生非预期变化""}"
ACC-R3-0941,,INV-BR-GLOBAL-0542,BR-GLOBAL-0542,CT-R3-0941,P3,SPECIFIED,EXPECTED_NOT_EXECUTED,EVID-SPEC-0941,使用稳定内部标识technical_alert_id；业务唯一键见business_unique_keys。,"{""outcome"": ""SUCCESS_OR_RULE_DEFINED_REJECTION"", ""description"": ""使用稳定内部标识technical_alert_id；业务唯一键见business_unique_keys。"", ""failure_description"": ""返回明确失败原因且不部分提交""}"
ACC-R3-0942,,INV-BR-GLOBAL-0543,BR-GLOBAL-0543,CT-R3-0942,P4,SPECIFIED,EXPECTED_NOT_EXECUTED,EVID-SPEC-0942,创建→启用/维护→停用→归档；被引用时不得直接物理删除。,"{""outcome"": ""SUCCESS_OR_RULE_DEFINED_REJECTION"", ""description"": ""创建→启用/维护→停用→归档；被引用时不得直接物理删除。"", ""failure_description"": ""返回明确失败原因且不部分提交""}"
ACC-R3-0943,,INV-BR-GLOBAL-0544,BR-GLOBAL-0544,CT-R3-0943,P3,SPECIFIED,EXPECTED_NOT_EXECUTED,EVID-SPEC-0943,执行规则对应动作,"{""outcome"": ""SUCCESS_OR_RULE_DEFINED_REJECTION"", ""description"": ""Adapter只能通过集成组件聚合边界变更。"", ""failure_description"": ""返回明确失败原因且不部分提交""}"
ACC-R3-0944,,INV-BR-GLOBAL-0545,BR-GLOBAL-0545,CT-R3-0944,P3,SPECIFIED,EXPECTED_NOT_EXECUTED,EVID-SPEC-0944,执行规则对应动作,"{""outcome"": ""SUCCESS_OR_RULE_DEFINED_REJECTION"", ""description"": ""平台技术事件只能通过集成组件聚合边界变更。"", ""failure_description"": ""返回明确失败原因且不部分提交""}"
ACC-R3-0945,,INV-BR-GLOBAL-0546,BR-GLOBAL-0546,CT-R3-0945,P3,SPECIFIED,EXPECTED_NOT_EXECUTED,EVID-SPEC-0945,执行规则对应动作,"{""outcome"": ""SUCCESS_OR_RULE_DEFINED_REJECTION"", ""description"": ""组件通过Adapter接入。"", ""failure_description"": ""返回明确失败原因且不部分提交""}"
ACC-R3-0946,,INV-BR-GLOBAL-0547,BR-GLOBAL-0547,CT-R3-0946,P3,SPECIFIED,EXPECTED_NOT_EXECUTED,EVID-SPEC-0946,执行规则对应动作,"{""outcome"": ""SUCCESS_OR_RULE_DEFINED_REJECTION"", ""description"": ""禁止绕过集成组件聚合根直接修改成员对象。"", ""failure_description"": ""请求被拒绝且状态、数据库和事件均不发生非预期变化""}"
ACC-R3-0947,,INV-BR-GLOBAL-0548,BR-GLOBAL-0548,CT-R3-0947,P3,SPECIFIED,EXPECTED_NOT_EXECUTED,EVID-SPEC-0947,执行规则对应动作,"{""outcome"": ""SUCCESS_OR_RULE_DEFINED_REJECTION"", ""description"": ""禁止跨聚合事务直接修改外部对象内部状态。"", ""failure_description"": ""请求被拒绝且状态、数据库和事件均不发生非预期变化""}"
ACC-R3-0948,,INV-BR-GLOBAL-0549,BR-GLOBAL-0549,CT-R3-0948,P3,SPECIFIED,EXPECTED_NOT_EXECUTED,EVID-SPEC-0948,仅通过集成组件聚合根执行需要强一致的创建、状态和成员变更；跨聚合只保存标识引用。,"{""outcome"": ""SUCCESS_OR_RULE_DEFINED_REJECTION"", ""description"": ""仅通过集成组件聚合根执行需要强一致的创建、状态和成员变更；跨聚合只保存标识引用。"", ""failure_description"": ""返回明确失败原因且不部分提交""}"
ACC-R3-0949,,INV-BR-GLOBAL-0550,BR-GLOBAL-0550,CT-R3-0949,P3,SPECIFIED,EXPECTED_NOT_EXECUTED,EVID-SPEC-0949,集成组件的业务唯一键“component_code”必须在“由对象定义和关联项目/环境范围共同决定”范围内唯一且不可变。,"{""outcome"": ""SUCCESS_OR_RULE_DEFINED_REJECTION"", ""description"": ""集成组件的业务唯一键“component_code”必须在“由对象定义和关联项目/环境范围共同决定”范围内唯一且不可变。"", ""failure_description"": ""返回明确失败原因且不部分提交""}"
ACC-R3-0950,,INV-BR-GLOBAL-0551,BR-GLOBAL-0551,CT-R3-0950,P3,SPECIFIED,EXPECTED_NOT_EXECUTED,EVID-SPEC-0950,Adapter的业务唯一键“adapter”必须在“由对象定义和关联项目/环境范围共同决定”范围内唯一。,"{""outcome"": ""SUCCESS_OR_RULE_DEFINED_REJECTION"", ""description"": ""Adapter的业务唯一键“adapter”必须在“由对象定义和关联项目/环境范围共同决定”范围内唯一。"", ""failure_description"": ""返回明确失败原因且不部分提交""}"
ACC-R3-0951,,INV-BR-GLOBAL-0552,BR-GLOBAL-0552,CT-R3-0951,P3,SPECIFIED,EXPECTED_NOT_EXECUTED,EVID-SPEC-0951,平台技术事件的业务唯一键“platform_technical_event_id”必须在“由对象定义和关联项目/环境范围共同决定”范围内唯一且不可变。,"{""outcome"": ""SUCCESS_OR_RULE_DEFINED_REJECTION"", ""description"": ""平台技术事件的业务唯一键“platform_technical_event_id”必须在“由对象定义和关联项目/环境范围共同决定”范围内唯一且不可变。"", ""failure_description"": ""返回明确失败原因且不部分提交""}"
ACC-R3-0952,,INV-BR-GLOBAL-0553,BR-GLOBAL-0553,CT-R3-0952,P8,SPECIFIED,EXPECTED_NOT_EXECUTED,EVID-SPEC-0952,执行规则对应动作,"{""outcome"": ""SUCCESS_OR_RULE_DEFINED_REJECTION"", ""description"": ""Adapter端口类型是封闭枚举；正式写入值只能使用：INBOUND、OUTBOUND。"", ""failure_description"": ""非标准值不得写入；外部值必须先完成显式映射。""}"
ACC-R3-0953,,INV-BR-GLOBAL-0554,BR-GLOBAL-0554,CT-R3-0953,P4,SPECIFIED,EXPECTED_NOT_EXECUTED,EVID-SPEC-0953,归档后禁止新写入，保留历史查询和引用完整性。,"{""outcome"": ""SUCCESS_OR_RULE_DEFINED_REJECTION"", ""description"": ""归档后禁止新写入，保留历史查询和引用完整性。"", ""failure_description"": ""返回明确失败原因且不部分提交""}"
ACC-R3-0954,,INV-BR-GLOBAL-0555,BR-GLOBAL-0555,CT-R3-0954,P4,SPECIFIED,EXPECTED_NOT_EXECUTED,EVID-SPEC-0954,存在有效引用时禁止物理删除；先停用或归档，清理由受控请求执行。,"{""outcome"": ""SUCCESS_OR_RULE_DEFINED_REJECTION"", ""description"": ""存在有效引用时禁止物理删除；先停用或归档，清理由受控请求执行。"", ""failure_description"": ""请求被拒绝且状态、数据库和事件均不发生非预期变化""}"
ACC-R3-0955,,INV-BR-GLOBAL-0556,BR-GLOBAL-0556,CT-R3-0955,P3,SPECIFIED,EXPECTED_NOT_EXECUTED,EVID-SPEC-0955,使用稳定内部标识integration_component_id；业务唯一键见business_unique_keys。,"{""outcome"": ""SUCCESS_OR_RULE_DEFINED_REJECTION"", ""description"": ""使用稳定内部标识integration_component_id；业务唯一键见business_unique_keys。"", ""failure_description"": ""返回明确失败原因且不部分提交""}"
ACC-R3-0956,,INV-BR-GLOBAL-0557,BR-GLOBAL-0557,CT-R3-0956,P4,SPECIFIED,EXPECTED_NOT_EXECUTED,EVID-SPEC-0956,创建→启用/维护→停用→归档；被引用时不得直接物理删除。,"{""outcome"": ""SUCCESS_OR_RULE_DEFINED_REJECTION"", ""description"": ""创建→启用/维护→停用→归档；被引用时不得直接物理删除。"", ""failure_description"": ""返回明确失败原因且不部分提交""}"
ACC-R3-0957,,INV-BR-GLOBAL-0558,BR-GLOBAL-0558,CT-R3-0957,P4,SPECIFIED,EXPECTED_NOT_EXECUTED,EVID-SPEC-0957,不单独归档；随引用方或事件存储策略处理。,"{""outcome"": ""SUCCESS_OR_RULE_DEFINED_REJECTION"", ""description"": ""不单独归档；随引用方或事件存储策略处理。"", ""failure_description"": ""返回明确失败原因且不部分提交""}"
ACC-R3-0958,,INV-BR-GLOBAL-0559,BR-GLOBAL-0559,CT-R3-0958,P8,SPECIFIED,EXPECTED_NOT_EXECUTED,EVID-SPEC-0958,不得直接推进平台业务状态。,"{""outcome"": ""SUCCESS_OR_RULE_DEFINED_REJECTION"", ""description"": ""不得直接推进平台业务状态。"", ""failure_description"": ""返回明确失败原因且不部分提交""}"
ACC-R3-0959,,INV-BR-GLOBAL-0560,BR-GLOBAL-0560,CT-R3-0959,P3,SPECIFIED,EXPECTED_NOT_EXECUTED,EVID-SPEC-0959,由稳定代码标识其定义，不作为运行态业务实体。,"{""outcome"": ""SUCCESS_OR_RULE_DEFINED_REJECTION"", ""description"": ""由稳定代码标识其定义，不作为运行态业务实体。"", ""failure_description"": ""返回明确失败原因且不部分提交""}"
ACC-R3-0960,,INV-BR-GLOBAL-0561,BR-GLOBAL-0561,CT-R3-0960,P4,SPECIFIED,EXPECTED_NOT_EXECUTED,EVID-SPEC-0960,无独立业务生命周期；随定义、配置或引用方演进。,"{""outcome"": ""SUCCESS_OR_RULE_DEFINED_REJECTION"", ""description"": ""无独立业务生命周期；随定义、配置或引用方演进。"", ""failure_description"": ""返回明确失败原因且不部分提交""}"
ACC-R3-0961,,INV-BR-GLOBAL-0562,BR-GLOBAL-0562,CT-R3-0961,P8,SPECIFIED,EXPECTED_NOT_EXECUTED,EVID-SPEC-0961,只有平台事务可据此推进业务状态。,"{""outcome"": ""SUCCESS_OR_RULE_DEFINED_REJECTION"", ""description"": ""只有平台事务可据此推进业务状态。"", ""failure_description"": ""返回明确失败原因且不部分提交""}"
ACC-R3-0962,,INV-BR-GLOBAL-0563,BR-GLOBAL-0563,CT-R3-0962,P4,SPECIFIED,EXPECTED_NOT_EXECUTED,EVID-SPEC-0962,禁止直接物理删除；仅按治理和保留策略归档/受控清理。,"{""outcome"": ""SUCCESS_OR_RULE_DEFINED_REJECTION"", ""description"": ""禁止直接物理删除；仅按治理和保留策略归档/受控清理。"", ""failure_description"": ""请求被拒绝且状态、数据库和事件均不发生非预期变化""}"
ACC-R3-0963,,INV-BR-GLOBAL-0564,BR-GLOBAL-0564,CT-R3-0963,P3,SPECIFIED,EXPECTED_NOT_EXECUTED,EVID-SPEC-0963,使用稳定内部标识platform_technical_event_id；业务唯一键见business_unique_keys。,"{""outcome"": ""SUCCESS_OR_RULE_DEFINED_REJECTION"", ""description"": ""使用稳定内部标识platform_technical_event_id；业务唯一键见business_unique_keys。"", ""failure_description"": ""返回明确失败原因且不部分提交""}"
ACC-R3-0964,,INV-BR-GLOBAL-0565,BR-GLOBAL-0565,CT-R3-0964,P4,SPECIFIED,EXPECTED_NOT_EXECUTED,EVID-SPEC-0964,事务内产生→可靠发布→消费/审计；事件本身不可变。,"{""outcome"": ""SUCCESS_OR_RULE_DEFINED_REJECTION"", ""description"": ""事务内产生→可靠发布→消费/审计；事件本身不可变。"", ""failure_description"": ""返回明确失败原因且不部分提交""}"
ACC-R3-0965,,INV-BR-GLOBAL-0566,BR-GLOBAL-0566,CT-R3-0965,P3,SPECIFIED,EXPECTED_NOT_EXECUTED,EVID-SPEC-0965,异常原因码的业务唯一键“reason_code”必须在“由对象定义和关联项目/环境范围共同决定”范围内唯一且不可变。,"{""outcome"": ""SUCCESS_OR_RULE_DEFINED_REJECTION"", ""description"": ""异常原因码的业务唯一键“reason_code”必须在“由对象定义和关联项目/环境范围共同决定”范围内唯一且不可变。"", ""failure_description"": ""返回明确失败原因且不部分提交""}"
ACC-R3-0966,,INV-BR-GLOBAL-0567,BR-GLOBAL-0567,CT-R3-0966,P8,SPECIFIED,EXPECTED_NOT_EXECUTED,EVID-SPEC-0966,执行规则对应动作,"{""outcome"": ""SUCCESS_OR_RULE_DEFINED_REJECTION"", ""description"": ""异常原因码原因类别是封闭枚举；正式写入值只能使用：FAILURE、BLOCKED、DEGRADED、RECOVERY。"", ""failure_description"": ""非标准值不得写入；外部值必须先完成显式映射。""}"
ACC-R3-0967,,INV-BR-GLOBAL-0568,BR-GLOBAL-0568,CT-R3-0967,P4,SPECIFIED,EXPECTED_NOT_EXECUTED,EVID-SPEC-0967,不单独归档；随引用方或事件存储策略处理。,"{""outcome"": ""SUCCESS_OR_RULE_DEFINED_REJECTION"", ""description"": ""不单独归档；随引用方或事件存储策略处理。"", ""failure_description"": ""返回明确失败原因且不部分提交""}"
ACC-R3-0968,,INV-BR-GLOBAL-0569,BR-GLOBAL-0569,CT-R3-0968,P4,SPECIFIED,EXPECTED_NOT_EXECUTED,EVID-SPEC-0968,存在有效引用时禁止物理删除；先停用或归档，清理由受控请求执行。,"{""outcome"": ""SUCCESS_OR_RULE_DEFINED_REJECTION"", ""description"": ""存在有效引用时禁止物理删除；先停用或归档，清理由受控请求执行。"", ""failure_description"": ""请求被拒绝且状态、数据库和事件均不发生非预期变化""}"
ACC-R3-0969,,INV-BR-GLOBAL-0570,BR-GLOBAL-0570,CT-R3-0969,P3,SPECIFIED,EXPECTED_NOT_EXECUTED,EVID-SPEC-0969,由全部规范化属性共同确定值身份，不分配独立业务身份。,"{""outcome"": ""SUCCESS_OR_RULE_DEFINED_REJECTION"", ""description"": ""由全部规范化属性共同确定值身份，不分配独立业务身份。"", ""failure_description"": ""返回明确失败原因且不部分提交""}"
ACC-R3-0970,,INV-BR-GLOBAL-0571,BR-GLOBAL-0571,CT-R3-0970,P4,SPECIFIED,EXPECTED_NOT_EXECUTED,EVID-SPEC-0970,无独立业务生命周期；随定义、配置或引用方演进。,"{""outcome"": ""SUCCESS_OR_RULE_DEFINED_REJECTION"", ""description"": ""无独立业务生命周期；随定义、配置或引用方演进。"", ""failure_description"": ""返回明确失败原因且不部分提交""}"
ACC-R3-0971,,INV-BR-GLOBAL-0572,BR-GLOBAL-0572,CT-R3-0971,P3,SPECIFIED,EXPECTED_NOT_EXECUTED,EVID-SPEC-0971,Secret的业务唯一键“secret_id”必须在“由对象定义和关联项目/环境范围共同决定”范围内唯一且不可变。,"{""outcome"": ""SUCCESS_OR_RULE_DEFINED_REJECTION"", ""description"": ""Secret的业务唯一键“secret_id”必须在“由对象定义和关联项目/环境范围共同决定”范围内唯一且不可变。"", ""failure_description"": ""返回明确失败原因且不部分提交""}"
ACC-R3-0972,,INV-BR-GLOBAL-0573,BR-GLOBAL-0573,CT-R3-0972,P3,SPECIFIED,EXPECTED_NOT_EXECUTED,EVID-SPEC-0972,脱敏的业务唯一键“masking”必须在“由对象定义和关联项目/环境范围共同决定”范围内唯一。,"{""outcome"": ""SUCCESS_OR_RULE_DEFINED_REJECTION"", ""description"": ""脱敏的业务唯一键“masking”必须在“由对象定义和关联项目/环境范围共同决定”范围内唯一。"", ""failure_description"": ""返回明确失败原因且不部分提交""}"
ACC-R3-0973,,INV-BR-GLOBAL-0574,BR-GLOBAL-0574,CT-R3-0973,P8,SPECIFIED,EXPECTED_NOT_EXECUTED,EVID-SPEC-0973,执行规则对应动作,"{""outcome"": ""SUCCESS_OR_RULE_DEFINED_REJECTION"", ""description"": ""脱敏目标类型是封闭枚举；正式写入值只能使用：UI、LOG、REPORT、ARTIFACT。"", ""failure_description"": ""非标准值不得写入；外部值必须先完成显式映射。""}"
ACC-R3-0974,,INV-BR-GLOBAL-0575,BR-GLOBAL-0575,CT-R3-0974,P3,SPECIFIED,EXPECTED_NOT_EXECUTED,EVID-SPEC-0974,执行规则对应动作,"{""outcome"": ""SUCCESS_OR_RULE_DEFINED_REJECTION"", ""description"": ""Secret和敏感凭证不得以明文进入普通日志、报告、上下文或制品。"", ""failure_description"": ""请求被拒绝且状态、数据库和事件均不发生非预期变化""}"
ACC-R3-0975,,INV-BR-GLOBAL-0576,BR-GLOBAL-0576,CT-R3-0975,P4,SPECIFIED,EXPECTED_NOT_EXECUTED,EVID-SPEC-0975,归档后禁止新写入，保留历史查询和引用完整性。,"{""outcome"": ""SUCCESS_OR_RULE_DEFINED_REJECTION"", ""description"": ""归档后禁止新写入，保留历史查询和引用完整性。"", ""failure_description"": ""返回明确失败原因且不部分提交""}"
ACC-R3-0976,,INV-BR-GLOBAL-0577,BR-GLOBAL-0577,CT-R3-0976,P4,SPECIFIED,EXPECTED_NOT_EXECUTED,EVID-SPEC-0976,存在有效引用时禁止物理删除；先停用或归档，清理由受控请求执行。,"{""outcome"": ""SUCCESS_OR_RULE_DEFINED_REJECTION"", ""description"": ""存在有效引用时禁止物理删除；先停用或归档，清理由受控请求执行。"", ""failure_description"": ""请求被拒绝且状态、数据库和事件均不发生非预期变化""}"
ACC-R3-0977,,INV-BR-GLOBAL-0578,BR-GLOBAL-0578,CT-R3-0977,P3,SPECIFIED,EXPECTED_NOT_EXECUTED,EVID-SPEC-0977,使用稳定内部标识secret_id；业务唯一键见business_unique_keys。,"{""outcome"": ""SUCCESS_OR_RULE_DEFINED_REJECTION"", ""description"": ""使用稳定内部标识secret_id；业务唯一键见business_unique_keys。"", ""failure_description"": ""返回明确失败原因且不部分提交""}"
ACC-R3-0978,,INV-BR-GLOBAL-0579,BR-GLOBAL-0579,CT-R3-0978,P4,SPECIFIED,EXPECTED_NOT_EXECUTED,EVID-SPEC-0978,无独立业务生命周期；随定义、配置或引用方演进。,"{""outcome"": ""SUCCESS_OR_RULE_DEFINED_REJECTION"", ""description"": ""无独立业务生命周期；随定义、配置或引用方演进。"", ""failure_description"": ""返回明确失败原因且不部分提交""}"
ACC-R3-0979,,INV-BR-GLOBAL-0580,BR-GLOBAL-0580,CT-R3-0979,P4,SPECIFIED,EXPECTED_NOT_EXECUTED,EVID-SPEC-0979,不单独归档；随引用方或事件存储策略处理。,"{""outcome"": ""SUCCESS_OR_RULE_DEFINED_REJECTION"", ""description"": ""不单独归档；随引用方或事件存储策略处理。"", ""failure_description"": ""返回明确失败原因且不部分提交""}"
ACC-R3-0980,,INV-BR-GLOBAL-0581,BR-GLOBAL-0581,CT-R3-0980,P1,SPECIFIED,EXPECTED_NOT_EXECUTED,EVID-SPEC-0980,脱敏不改变原始业务值。,"{""outcome"": ""SUCCESS_OR_RULE_DEFINED_REJECTION"", ""description"": ""脱敏不改变原始业务值。"", ""failure_description"": ""返回明确失败原因且不部分提交""}"
ACC-R3-0981,,INV-BR-GLOBAL-0582,BR-GLOBAL-0582,CT-R3-0981,P3,SPECIFIED,EXPECTED_NOT_EXECUTED,EVID-SPEC-0981,由稳定代码标识其定义，不作为运行态业务实体。,"{""outcome"": ""SUCCESS_OR_RULE_DEFINED_REJECTION"", ""description"": ""由稳定代码标识其定义，不作为运行态业务实体。"", ""failure_description"": ""返回明确失败原因且不部分提交""}"
ACC-R3-0982,,INV-BR-GLOBAL-0583,BR-GLOBAL-0583,CT-R3-0982,P1,SPECIFIED,EXPECTED_NOT_EXECUTED,EVID-SPEC-0982,执行规则对应动作,"{""outcome"": ""SUCCESS_OR_RULE_DEFINED_REJECTION"", ""description"": ""PLATFORM_CREDENTIAL类敏感数据的存储规则：不得保存明文；仅保存Secret或密文引用。"", ""failure_description"": ""请求被拒绝且状态、数据库和事件均不发生非预期变化""}"
ACC-R3-0983,,INV-BR-GLOBAL-0584,BR-GLOBAL-0584,CT-R3-0983,P1,SPECIFIED,EXPECTED_NOT_EXECUTED,EVID-SPEC-0983,执行规则对应动作,"{""outcome"": ""SUCCESS_OR_RULE_DEFINED_REJECTION"", ""description"": ""PLATFORM_CREDENTIAL类敏感数据的导出规则：默认排除。"", ""failure_description"": ""请求被拒绝且状态、数据库和事件均不发生非预期变化""}"
ACC-R3-0984,,INV-BR-GLOBAL-0585,BR-GLOBAL-0585,CT-R3-0984,P1,SPECIFIED,EXPECTED_NOT_EXECUTED,EVID-SPEC-0984,执行规则对应动作,"{""outcome"": ""SUCCESS_OR_RULE_DEFINED_REJECTION"", ""description"": ""PLATFORM_CREDENTIAL类敏感数据的日志规则：日志禁止输出原值。"", ""failure_description"": ""请求被拒绝且状态、数据库和事件均不发生非预期变化""}"
ACC-R3-0985,,INV-BR-GLOBAL-0586,BR-GLOBAL-0586,CT-R3-0985,P1,SPECIFIED,EXPECTED_NOT_EXECUTED,EVID-SPEC-0985,执行规则对应动作,"{""outcome"": ""SUCCESS_OR_RULE_DEFINED_REJECTION"", ""description"": ""PLATFORM_CREDENTIAL类敏感数据的脱敏规则：不回显原值。"", ""failure_description"": ""请求被拒绝且状态、数据库和事件均不发生非预期变化""}"
ACC-R3-0986,,INV-BR-GLOBAL-0587,BR-GLOBAL-0587,CT-R3-0986,P1,SPECIFIED,EXPECTED_NOT_EXECUTED,EVID-SPEC-0986,账号与凭证分离,"{""outcome"": ""SUCCESS_OR_RULE_DEFINED_REJECTION"", ""description"": ""TEST_ACCOUNT类敏感数据的存储规则：账号与凭证分离。"", ""failure_description"": ""返回明确失败原因且不部分提交""}"
ACC-R3-0987,,INV-BR-GLOBAL-0588,BR-GLOBAL-0588,CT-R3-0987,P1,SPECIFIED,EXPECTED_NOT_EXECUTED,EVID-SPEC-0987,受权限控制,"{""outcome"": ""SUCCESS_OR_RULE_DEFINED_REJECTION"", ""description"": ""TEST_ACCOUNT类敏感数据的导出规则：受权限控制。"", ""failure_description"": ""返回明确失败原因且不部分提交""}"
ACC-R3-0988,,INV-BR-GLOBAL-0589,BR-GLOBAL-0589,CT-R3-0988,P1,SPECIFIED,EXPECTED_NOT_EXECUTED,EVID-SPEC-0988,日志脱敏,"{""outcome"": ""SUCCESS_OR_RULE_DEFINED_REJECTION"", ""description"": ""TEST_ACCOUNT类敏感数据的日志规则：日志脱敏。"", ""failure_description"": ""返回明确失败原因且不部分提交""}"
ACC-R3-0989,,INV-BR-GLOBAL-0590,BR-GLOBAL-0590,CT-R3-0989,P1,SPECIFIED,EXPECTED_NOT_EXECUTED,EVID-SPEC-0989,按最小必要原则展示,"{""outcome"": ""SUCCESS_OR_RULE_DEFINED_REJECTION"", ""description"": ""TEST_ACCOUNT类敏感数据的脱敏规则：按最小必要原则展示。"", ""failure_description"": ""返回明确失败原因且不部分提交""}"
ACC-R3-0990,,INV-BR-GLOBAL-0591,BR-GLOBAL-0591,CT-R3-0990,P1,SPECIFIED,EXPECTED_NOT_EXECUTED,EVID-SPEC-0990,稳定身份键受控保存,"{""outcome"": ""SUCCESS_OR_RULE_DEFINED_REJECTION"", ""description"": ""SSO_IDENTITY类敏感数据的存储规则：稳定身份键受控保存。"", ""failure_description"": ""返回明确失败原因且不部分提交""}"
ACC-R3-0991,,INV-BR-GLOBAL-0592,BR-GLOBAL-0592,CT-R3-0991,P1,SPECIFIED,EXPECTED_NOT_EXECUTED,EVID-SPEC-0991,受限,"{""outcome"": ""SUCCESS_OR_RULE_DEFINED_REJECTION"", ""description"": ""SSO_IDENTITY类敏感数据的导出规则：受限。"", ""failure_description"": ""返回明确失败原因且不部分提交""}"
ACC-R3-0992,,INV-BR-GLOBAL-0593,BR-GLOBAL-0593,CT-R3-0992,P1,SPECIFIED,EXPECTED_NOT_EXECUTED,EVID-SPEC-0992,不输出完整值,"{""outcome"": ""SUCCESS_OR_RULE_DEFINED_REJECTION"", ""description"": ""SSO_IDENTITY类敏感数据的日志规则：不输出完整值。"", ""failure_description"": ""返回明确失败原因且不部分提交""}"
ACC-R3-0993,,INV-BR-GLOBAL-0594,BR-GLOBAL-0594,CT-R3-0993,P1,SPECIFIED,EXPECTED_NOT_EXECUTED,EVID-SPEC-0993,默认掩码,"{""outcome"": ""SUCCESS_OR_RULE_DEFINED_REJECTION"", ""description"": ""SSO_IDENTITY类敏感数据的脱敏规则：默认掩码。"", ""failure_description"": ""返回明确失败原因且不部分提交""}"
ACC-R3-0994,,INV-BR-GLOBAL-0595,BR-GLOBAL-0595,CT-R3-0994,P1,SPECIFIED,EXPECTED_NOT_EXECUTED,EVID-SPEC-0994,仅按执行上下文需要保存,"{""outcome"": ""SUCCESS_OR_RULE_DEFINED_REJECTION"", ""description"": ""BUSINESS_CONTEXT类敏感数据的存储规则：仅按执行上下文需要保存。"", ""failure_description"": ""返回明确失败原因且不部分提交""}"
ACC-R3-0995,,INV-BR-GLOBAL-0596,BR-GLOBAL-0596,CT-R3-0995,P1,SPECIFIED,EXPECTED_NOT_EXECUTED,EVID-SPEC-0995,受限,"{""outcome"": ""SUCCESS_OR_RULE_DEFINED_REJECTION"", ""description"": ""BUSINESS_CONTEXT类敏感数据的导出规则：受限。"", ""failure_description"": ""返回明确失败原因且不部分提交""}"
ACC-R3-0996,,INV-BR-GLOBAL-0597,BR-GLOBAL-0597,CT-R3-0996,P1,SPECIFIED,EXPECTED_NOT_EXECUTED,EVID-SPEC-0996,日志和制品脱敏,"{""outcome"": ""SUCCESS_OR_RULE_DEFINED_REJECTION"", ""description"": ""BUSINESS_CONTEXT类敏感数据的日志规则：日志和制品脱敏。"", ""failure_description"": ""返回明确失败原因且不部分提交""}"
ACC-R3-0997,,INV-BR-GLOBAL-0598,BR-GLOBAL-0598,CT-R3-0997,P1,SPECIFIED,EXPECTED_NOT_EXECUTED,EVID-SPEC-0997,按类型脱敏,"{""outcome"": ""SUCCESS_OR_RULE_DEFINED_REJECTION"", ""description"": ""BUSINESS_CONTEXT类敏感数据的脱敏规则：按类型脱敏。"", ""failure_description"": ""返回明确失败原因且不部分提交""}"
ACC-R3-0998,,INV-BR-GLOBAL-0599,BR-GLOBAL-0599,CT-R3-0998,P1,SPECIFIED,EXPECTED_NOT_EXECUTED,EVID-SPEC-0998,制品存储与元数据分离,"{""outcome"": ""SUCCESS_OR_RULE_DEFINED_REJECTION"", ""description"": ""ARTIFACT_CONTENT类敏感数据的存储规则：制品存储与元数据分离。"", ""failure_description"": ""返回明确失败原因且不部分提交""}"
ACC-R3-0999,,INV-BR-GLOBAL-0600,BR-GLOBAL-0600,CT-R3-0999,P1,SPECIFIED,EXPECTED_NOT_EXECUTED,EVID-SPEC-0999,权限校验后下载,"{""outcome"": ""SUCCESS_OR_RULE_DEFINED_REJECTION"", ""description"": ""ARTIFACT_CONTENT类敏感数据的导出规则：权限校验后下载。"", ""failure_description"": ""返回明确失败原因且不部分提交""}"
ACC-R3-1000,,INV-BR-GLOBAL-0601,BR-GLOBAL-0601,CT-R3-1000,P1,SPECIFIED,EXPECTED_NOT_EXECUTED,EVID-SPEC-1000,索引不暴露敏感内容,"{""outcome"": ""SUCCESS_OR_RULE_DEFINED_REJECTION"", ""description"": ""ARTIFACT_CONTENT类敏感数据的日志规则：索引不暴露敏感内容。"", ""failure_description"": ""返回明确失败原因且不部分提交""}"
ACC-R3-1001,,INV-BR-GLOBAL-0602,BR-GLOBAL-0602,CT-R3-1001,P1,SPECIFIED,EXPECTED_NOT_EXECUTED,EVID-SPEC-1001,生成或展示阶段脱敏,"{""outcome"": ""SUCCESS_OR_RULE_DEFINED_REJECTION"", ""description"": ""ARTIFACT_CONTENT类敏感数据的脱敏规则：生成或展示阶段脱敏。"", ""failure_description"": ""返回明确失败原因且不部分提交""}"
ACC-R3-1002,,INV-BR-GLOBAL-0603,BR-GLOBAL-0603,CT-R3-1002,P1,SPECIFIED,EXPECTED_NOT_EXECUTED,EVID-SPEC-1002,仅保留审计所需摘要,"{""outcome"": ""SUCCESS_OR_RULE_DEFINED_REJECTION"", ""description"": ""AI_PAYLOAD类敏感数据的存储规则：仅保留审计所需摘要。"", ""failure_description"": ""返回明确失败原因且不部分提交""}"
ACC-R3-1003,,INV-BR-GLOBAL-0604,BR-GLOBAL-0604,CT-R3-1003,P1,SPECIFIED,EXPECTED_NOT_EXECUTED,EVID-SPEC-1003,受限,"{""outcome"": ""SUCCESS_OR_RULE_DEFINED_REJECTION"", ""description"": ""AI_PAYLOAD类敏感数据的导出规则：受限。"", ""failure_description"": ""返回明确失败原因且不部分提交""}"
ACC-R3-1004,,INV-BR-GLOBAL-0605,BR-GLOBAL-0605,CT-R3-1004,P1,SPECIFIED,EXPECTED_NOT_EXECUTED,EVID-SPEC-1004,执行规则对应动作,"{""outcome"": ""SUCCESS_OR_RULE_DEFINED_REJECTION"", ""description"": ""AI_PAYLOAD类敏感数据的日志规则：禁止输出Secret。"", ""failure_description"": ""请求被拒绝且状态、数据库和事件均不发生非预期变化""}"
ACC-R3-1005,,INV-BR-GLOBAL-0606,BR-GLOBAL-0606,CT-R3-1005,P1,SPECIFIED,EXPECTED_NOT_EXECUTED,EVID-SPEC-1005,敏感内容脱敏,"{""outcome"": ""SUCCESS_OR_RULE_DEFINED_REJECTION"", ""description"": ""AI_PAYLOAD类敏感数据的脱敏规则：敏感内容脱敏。"", ""failure_description"": ""返回明确失败原因且不部分提交""}"
ACC-R3-1006,,INV-BR-GLOBAL-0607,BR-GLOBAL-0607,CT-R3-1006,P3,SPECIFIED,EXPECTED_NOT_EXECUTED,EVID-SPEC-1006,执行规则对应动作,"{""outcome"": ""SUCCESS_OR_RULE_DEFINED_REJECTION"", ""description"": ""禁止绕过系统参数聚合根直接修改成员对象。"", ""failure_description"": ""请求被拒绝且状态、数据库和事件均不发生非预期变化""}"
ACC-R3-1007,,INV-BR-GLOBAL-0608,BR-GLOBAL-0608,CT-R3-1007,P3,SPECIFIED,EXPECTED_NOT_EXECUTED,EVID-SPEC-1007,执行规则对应动作,"{""outcome"": ""SUCCESS_OR_RULE_DEFINED_REJECTION"", ""description"": ""禁止跨聚合事务直接修改外部对象内部状态。"", ""failure_description"": ""请求被拒绝且状态、数据库和事件均不发生非预期变化""}"
ACC-R3-1008,,INV-BR-GLOBAL-0609,BR-GLOBAL-0609,CT-R3-1008,P3,SPECIFIED,EXPECTED_NOT_EXECUTED,EVID-SPEC-1008,仅通过系统参数聚合根执行需要强一致的创建、状态和成员变更；跨聚合只保存标识引用。,"{""outcome"": ""SUCCESS_OR_RULE_DEFINED_REJECTION"", ""description"": ""仅通过系统参数聚合根执行需要强一致的创建、状态和成员变更；跨聚合只保存标识引用。"", ""failure_description"": ""返回明确失败原因且不部分提交""}"
ACC-R3-1009,,INV-BR-GLOBAL-0610,BR-GLOBAL-0610,CT-R3-1009,P3,SPECIFIED,EXPECTED_NOT_EXECUTED,EVID-SPEC-1009,执行规则对应动作,"{""outcome"": ""SUCCESS_OR_RULE_DEFINED_REJECTION"", ""description"": ""禁止绕过数据字典聚合根直接修改成员对象。"", ""failure_description"": ""请求被拒绝且状态、数据库和事件均不发生非预期变化""}"
ACC-R3-1010,,INV-BR-GLOBAL-0611,BR-GLOBAL-0611,CT-R3-1010,P3,SPECIFIED,EXPECTED_NOT_EXECUTED,EVID-SPEC-1010,仅通过数据字典聚合根执行需要强一致的创建、状态和成员变更；跨聚合只保存标识引用。,"{""outcome"": ""SUCCESS_OR_RULE_DEFINED_REJECTION"", ""description"": ""仅通过数据字典聚合根执行需要强一致的创建、状态和成员变更；跨聚合只保存标识引用。"", ""failure_description"": ""返回明确失败原因且不部分提交""}"
ACC-R3-1011,,INV-BR-GLOBAL-0612,BR-GLOBAL-0612,CT-R3-1011,P3,SPECIFIED,EXPECTED_NOT_EXECUTED,EVID-SPEC-1011,系统参数的业务唯一键“scope+parameter_key”必须在“由对象定义和关联项目/环境范围共同决定”范围内唯一。,"{""outcome"": ""SUCCESS_OR_RULE_DEFINED_REJECTION"", ""description"": ""系统参数的业务唯一键“scope+parameter_key”必须在“由对象定义和关联项目/环境范围共同决定”范围内唯一。"", ""failure_description"": ""返回明确失败原因且不部分提交""}"
ACC-R3-1012,,INV-BR-GLOBAL-0613,BR-GLOBAL-0613,CT-R3-1012,P3,SPECIFIED,EXPECTED_NOT_EXECUTED,EVID-SPEC-1012,数据字典的业务唯一键“dictionary_code”必须在“由对象定义和关联项目/环境范围共同决定”范围内唯一且不可变。,"{""outcome"": ""SUCCESS_OR_RULE_DEFINED_REJECTION"", ""description"": ""数据字典的业务唯一键“dictionary_code”必须在“由对象定义和关联项目/环境范围共同决定”范围内唯一且不可变。"", ""failure_description"": ""返回明确失败原因且不部分提交""}"
ACC-R3-1013,,INV-BR-GLOBAL-0614,BR-GLOBAL-0614,CT-R3-1013,P3,SPECIFIED,EXPECTED_NOT_EXECUTED,EVID-SPEC-1013,配置快照的业务唯一键“configuration_snapshot_id”必须在“由对象定义和关联项目/环境范围共同决定”范围内唯一且不可变。,"{""outcome"": ""SUCCESS_OR_RULE_DEFINED_REJECTION"", ""description"": ""配置快照的业务唯一键“configuration_snapshot_id”必须在“由对象定义和关联项目/环境范围共同决定”范围内唯一且不可变。"", ""failure_description"": ""返回明确失败原因且不部分提交""}"
ACC-R3-1014,,INV-BR-GLOBAL-0615,BR-GLOBAL-0615,CT-R3-1014,P8,SPECIFIED,EXPECTED_NOT_EXECUTED,EVID-SPEC-1014,执行规则对应动作,"{""outcome"": ""SUCCESS_OR_RULE_DEFINED_REJECTION"", ""description"": ""系统参数作用域是封闭枚举；正式写入值只能使用：PLATFORM、PROJECT。"", ""failure_description"": ""非标准值不得写入；外部值必须先完成显式映射。""}"
ACC-R3-1015,,INV-BR-GLOBAL-0616,BR-GLOBAL-0616,CT-R3-1015,P4,SPECIFIED,EXPECTED_NOT_EXECUTED,EVID-SPEC-1015,归档后禁止新写入，保留历史查询和引用完整性。,"{""outcome"": ""SUCCESS_OR_RULE_DEFINED_REJECTION"", ""description"": ""归档后禁止新写入，保留历史查询和引用完整性。"", ""failure_description"": ""返回明确失败原因且不部分提交""}"
ACC-R3-1016,,INV-BR-GLOBAL-0617,BR-GLOBAL-0617,CT-R3-1016,P4,SPECIFIED,EXPECTED_NOT_EXECUTED,EVID-SPEC-1016,存在有效引用时禁止物理删除；先停用或归档，清理由受控请求执行。,"{""outcome"": ""SUCCESS_OR_RULE_DEFINED_REJECTION"", ""description"": ""存在有效引用时禁止物理删除；先停用或归档，清理由受控请求执行。"", ""failure_description"": ""请求被拒绝且状态、数据库和事件均不发生非预期变化""}"
ACC-R3-1017,,INV-BR-GLOBAL-0618,BR-GLOBAL-0618,CT-R3-1017,P3,SPECIFIED,EXPECTED_NOT_EXECUTED,EVID-SPEC-1017,使用稳定内部标识system_parameter_id；业务唯一键见business_unique_keys。,"{""outcome"": ""SUCCESS_OR_RULE_DEFINED_REJECTION"", ""description"": ""使用稳定内部标识system_parameter_id；业务唯一键见business_unique_keys。"", ""failure_description"": ""返回明确失败原因且不部分提交""}"
ACC-R3-1018,,INV-BR-GLOBAL-0619,BR-GLOBAL-0619,CT-R3-1018,P4,SPECIFIED,EXPECTED_NOT_EXECUTED,EVID-SPEC-1018,创建→启用/维护→停用→归档；被引用时不得直接物理删除。,"{""outcome"": ""SUCCESS_OR_RULE_DEFINED_REJECTION"", ""description"": ""创建→启用/维护→停用→归档；被引用时不得直接物理删除。"", ""failure_description"": ""返回明确失败原因且不部分提交""}"
ACC-R3-1019,,INV-BR-GLOBAL-0620,BR-GLOBAL-0620,CT-R3-1019,P3,SPECIFIED,EXPECTED_NOT_EXECUTED,EVID-SPEC-1019,使用稳定内部标识data_dictionary_id；业务唯一键见business_unique_keys。,"{""outcome"": ""SUCCESS_OR_RULE_DEFINED_REJECTION"", ""description"": ""使用稳定内部标识data_dictionary_id；业务唯一键见business_unique_keys。"", ""failure_description"": ""返回明确失败原因且不部分提交""}"
ACC-R3-1020,,INV-BR-GLOBAL-0621,BR-GLOBAL-0621,CT-R3-1020,P4,SPECIFIED,EXPECTED_NOT_EXECUTED,EVID-SPEC-1020,不可变保留并可归档；不得覆盖历史。,"{""outcome"": ""SUCCESS_OR_RULE_DEFINED_REJECTION"", ""description"": ""不可变保留并可归档；不得覆盖历史。"", ""failure_description"": ""返回明确失败原因且不部分提交""}"
ACC-R3-1021,,INV-BR-GLOBAL-0622,BR-GLOBAL-0622,CT-R3-1021,P4,SPECIFIED,EXPECTED_NOT_EXECUTED,EVID-SPEC-1021,禁止直接物理删除；仅按治理和保留策略归档/受控清理。,"{""outcome"": ""SUCCESS_OR_RULE_DEFINED_REJECTION"", ""description"": ""禁止直接物理删除；仅按治理和保留策略归档/受控清理。"", ""failure_description"": ""请求被拒绝且状态、数据库和事件均不发生非预期变化""}"
ACC-R3-1022,,INV-BR-GLOBAL-0623,BR-GLOBAL-0623,CT-R3-1022,P3,SPECIFIED,EXPECTED_NOT_EXECUTED,EVID-SPEC-1022,使用稳定内部标识configuration_snapshot_id；业务唯一键见business_unique_keys。,"{""outcome"": ""SUCCESS_OR_RULE_DEFINED_REJECTION"", ""description"": ""使用稳定内部标识configuration_snapshot_id；业务唯一键见business_unique_keys。"", ""failure_description"": ""返回明确失败原因且不部分提交""}"
ACC-R3-1023,,INV-BR-GLOBAL-0624,BR-GLOBAL-0624,CT-R3-1023,P3,SPECIFIED,EXPECTED_NOT_EXECUTED,EVID-SPEC-1023,执行规则对应动作,"{""outcome"": ""SUCCESS_OR_RULE_DEFINED_REJECTION"", ""description"": ""事件链只能通过审计日志聚合边界变更。"", ""failure_description"": ""返回明确失败原因且不部分提交""}"
ACC-R3-1024,,INV-BR-GLOBAL-0625,BR-GLOBAL-0625,CT-R3-1024,P3,SPECIFIED,EXPECTED_NOT_EXECUTED,EVID-SPEC-1024,执行规则对应动作,"{""outcome"": ""SUCCESS_OR_RULE_DEFINED_REJECTION"", ""description"": ""禁止绕过审计日志聚合根直接修改成员对象。"", ""failure_description"": ""请求被拒绝且状态、数据库和事件均不发生非预期变化""}"
ACC-R3-1025,,INV-BR-GLOBAL-0626,BR-GLOBAL-0626,CT-R3-1025,P3,SPECIFIED,EXPECTED_NOT_EXECUTED,EVID-SPEC-1025,执行规则对应动作,"{""outcome"": ""SUCCESS_OR_RULE_DEFINED_REJECTION"", ""description"": ""禁止跨聚合事务直接修改外部对象内部状态。"", ""failure_description"": ""请求被拒绝且状态、数据库和事件均不发生非预期变化""}"
ACC-R3-1026,,INV-BR-GLOBAL-0627,BR-GLOBAL-0627,CT-R3-1026,P3,SPECIFIED,EXPECTED_NOT_EXECUTED,EVID-SPEC-1026,仅通过审计日志聚合根执行需要强一致的创建、状态和成员变更；跨聚合只保存标识引用。,"{""outcome"": ""SUCCESS_OR_RULE_DEFINED_REJECTION"", ""description"": ""仅通过审计日志聚合根执行需要强一致的创建、状态和成员变更；跨聚合只保存标识引用。"", ""failure_description"": ""返回明确失败原因且不部分提交""}"
ACC-R3-1027,,INV-BR-GLOBAL-0628,BR-GLOBAL-0628,CT-R3-1027,P3,SPECIFIED,EXPECTED_NOT_EXECUTED,EVID-SPEC-1027,审计日志的业务唯一键“audit_log_id”必须在“由对象定义和关联项目/环境范围共同决定”范围内唯一且不可变。,"{""outcome"": ""SUCCESS_OR_RULE_DEFINED_REJECTION"", ""description"": ""审计日志的业务唯一键“audit_log_id”必须在“由对象定义和关联项目/环境范围共同决定”范围内唯一且不可变。"", ""failure_description"": ""返回明确失败原因且不部分提交""}"
ACC-R3-1028,,INV-BR-GLOBAL-0629,BR-GLOBAL-0629,CT-R3-1028,P3,SPECIFIED,EXPECTED_NOT_EXECUTED,EVID-SPEC-1028,事件链的业务唯一键“event_chain_id”必须在“由对象定义和关联项目/环境范围共同决定”范围内唯一且不可变。,"{""outcome"": ""SUCCESS_OR_RULE_DEFINED_REJECTION"", ""description"": ""事件链的业务唯一键“event_chain_id”必须在“由对象定义和关联项目/环境范围共同决定”范围内唯一且不可变。"", ""failure_description"": ""返回明确失败原因且不部分提交""}"
ACC-R3-1029,,INV-BR-GLOBAL-0630,BR-GLOBAL-0630,CT-R3-1029,P4,SPECIFIED,EXPECTED_NOT_EXECUTED,EVID-SPEC-1029,归档对象仍必须支持历史追溯和来源校验。,"{""outcome"": ""SUCCESS_OR_RULE_DEFINED_REJECTION"", ""description"": ""归档对象仍必须支持历史追溯和来源校验。"", ""failure_description"": ""返回明确失败原因且不部分提交""}"
ACC-R3-1030,,INV-BR-GLOBAL-0631,BR-GLOBAL-0631,CT-R3-1030,P4,SPECIFIED,EXPECTED_NOT_EXECUTED,EVID-SPEC-1030,归档后禁止新写入，保留历史查询和引用完整性。,"{""outcome"": ""SUCCESS_OR_RULE_DEFINED_REJECTION"", ""description"": ""归档后禁止新写入，保留历史查询和引用完整性。"", ""failure_description"": ""返回明确失败原因且不部分提交""}"
ACC-R3-1031,,INV-BR-GLOBAL-0632,BR-GLOBAL-0632,CT-R3-1031,P4,SPECIFIED,EXPECTED_NOT_EXECUTED,EVID-SPEC-1031,禁止直接物理删除；仅按治理和保留策略归档/受控清理。,"{""outcome"": ""SUCCESS_OR_RULE_DEFINED_REJECTION"", ""description"": ""禁止直接物理删除；仅按治理和保留策略归档/受控清理。"", ""failure_description"": ""请求被拒绝且状态、数据库和事件均不发生非预期变化""}"
ACC-R3-1032,,INV-BR-GLOBAL-0633,BR-GLOBAL-0633,CT-R3-1032,P3,SPECIFIED,EXPECTED_NOT_EXECUTED,EVID-SPEC-1032,使用稳定内部标识audit_log_id；业务唯一键见business_unique_keys。,"{""outcome"": ""SUCCESS_OR_RULE_DEFINED_REJECTION"", ""description"": ""使用稳定内部标识audit_log_id；业务唯一键见business_unique_keys。"", ""failure_description"": ""返回明确失败原因且不部分提交""}"
ACC-R3-1033,,INV-BR-GLOBAL-0634,BR-GLOBAL-0634,CT-R3-1033,P4,SPECIFIED,EXPECTED_NOT_EXECUTED,EVID-SPEC-1033,创建→启用/维护→停用→归档；被引用时不得直接物理删除。,"{""outcome"": ""SUCCESS_OR_RULE_DEFINED_REJECTION"", ""description"": ""创建→启用/维护→停用→归档；被引用时不得直接物理删除。"", ""failure_description"": ""返回明确失败原因且不部分提交""}"
ACC-R3-1034,,INV-BR-GLOBAL-0635,BR-GLOBAL-0635,CT-R3-1034,P3,SPECIFIED,EXPECTED_NOT_EXECUTED,EVID-SPEC-1034,使用稳定内部标识event_chain_id；业务唯一键见business_unique_keys。,"{""outcome"": ""SUCCESS_OR_RULE_DEFINED_REJECTION"", ""description"": ""使用稳定内部标识event_chain_id；业务唯一键见business_unique_keys。"", ""failure_description"": ""返回明确失败原因且不部分提交""}"
ACC-R3-1035,,INV-BR-GLOBAL-0636,BR-GLOBAL-0636,CT-R3-1035,P3,SPECIFIED,EXPECTED_NOT_EXECUTED,EVID-SPEC-1035,执行规则对应动作,"{""outcome"": ""SUCCESS_OR_RULE_DEFINED_REJECTION"", ""description"": ""保留冻结只能通过保留策略聚合边界变更。"", ""failure_description"": ""返回明确失败原因且不部分提交""}"
ACC-R3-1036,,INV-BR-GLOBAL-0637,BR-GLOBAL-0637,CT-R3-1036,P3,SPECIFIED,EXPECTED_NOT_EXECUTED,EVID-SPEC-1036,执行规则对应动作,"{""outcome"": ""SUCCESS_OR_RULE_DEFINED_REJECTION"", ""description"": ""禁止绕过保留策略聚合根直接修改成员对象。"", ""failure_description"": ""请求被拒绝且状态、数据库和事件均不发生非预期变化""}"
ACC-R3-1037,,INV-BR-GLOBAL-0638,BR-GLOBAL-0638,CT-R3-1037,P3,SPECIFIED,EXPECTED_NOT_EXECUTED,EVID-SPEC-1037,执行规则对应动作,"{""outcome"": ""SUCCESS_OR_RULE_DEFINED_REJECTION"", ""description"": ""禁止跨聚合事务直接修改外部对象内部状态。"", ""failure_description"": ""请求被拒绝且状态、数据库和事件均不发生非预期变化""}"
ACC-R3-1038,,INV-BR-GLOBAL-0639,BR-GLOBAL-0639,CT-R3-1038,P3,SPECIFIED,EXPECTED_NOT_EXECUTED,EVID-SPEC-1038,仅通过保留策略聚合根执行需要强一致的创建、状态和成员变更；跨聚合只保存标识引用。,"{""outcome"": ""SUCCESS_OR_RULE_DEFINED_REJECTION"", ""description"": ""仅通过保留策略聚合根执行需要强一致的创建、状态和成员变更；跨聚合只保存标识引用。"", ""failure_description"": ""返回明确失败原因且不部分提交""}"
ACC-R3-1039,,INV-BR-GLOBAL-0640,BR-GLOBAL-0640,CT-R3-1039,P3,SPECIFIED,EXPECTED_NOT_EXECUTED,EVID-SPEC-1039,执行规则对应动作,"{""outcome"": ""SUCCESS_OR_RULE_DEFINED_REJECTION"", ""description"": ""禁止绕过受控清理请求聚合根直接修改成员对象。"", ""failure_description"": ""请求被拒绝且状态、数据库和事件均不发生非预期变化""}"
ACC-R3-1040,,INV-BR-GLOBAL-0641,BR-GLOBAL-0641,CT-R3-1040,P3,SPECIFIED,EXPECTED_NOT_EXECUTED,EVID-SPEC-1040,仅通过受控清理请求聚合根执行需要强一致的创建、状态和成员变更；跨聚合只保存标识引用。,"{""outcome"": ""SUCCESS_OR_RULE_DEFINED_REJECTION"", ""description"": ""仅通过受控清理请求聚合根执行需要强一致的创建、状态和成员变更；跨聚合只保存标识引用。"", ""failure_description"": ""返回明确失败原因且不部分提交""}"
ACC-R3-1041,,INV-BR-GLOBAL-0642,BR-GLOBAL-0642,CT-R3-1041,P3,SPECIFIED,EXPECTED_NOT_EXECUTED,EVID-SPEC-1041,保留策略的业务唯一键“scope+policy_code”必须在“由对象定义和关联项目/环境范围共同决定”范围内唯一。,"{""outcome"": ""SUCCESS_OR_RULE_DEFINED_REJECTION"", ""description"": ""保留策略的业务唯一键“scope+policy_code”必须在“由对象定义和关联项目/环境范围共同决定”范围内唯一。"", ""failure_description"": ""返回明确失败原因且不部分提交""}"
ACC-R3-1042,,INV-BR-GLOBAL-0643,BR-GLOBAL-0643,CT-R3-1042,P3,SPECIFIED,EXPECTED_NOT_EXECUTED,EVID-SPEC-1042,保留冻结的业务唯一键“legal_hold_id”必须在“由对象定义和关联项目/环境范围共同决定”范围内唯一且不可变。,"{""outcome"": ""SUCCESS_OR_RULE_DEFINED_REJECTION"", ""description"": ""保留冻结的业务唯一键“legal_hold_id”必须在“由对象定义和关联项目/环境范围共同决定”范围内唯一且不可变。"", ""failure_description"": ""返回明确失败原因且不部分提交""}"
ACC-R3-1043,,INV-BR-GLOBAL-0644,BR-GLOBAL-0644,CT-R3-1043,P3,SPECIFIED,EXPECTED_NOT_EXECUTED,EVID-SPEC-1043,受控清理请求的业务唯一键“controlled_purge_request_id”必须在“由对象定义和关联项目/环境范围共同决定”范围内唯一且不可变。,"{""outcome"": ""SUCCESS_OR_RULE_DEFINED_REJECTION"", ""description"": ""受控清理请求的业务唯一键“controlled_purge_request_id”必须在“由对象定义和关联项目/环境范围共同决定”范围内唯一且不可变。"", ""failure_description"": ""返回明确失败原因且不部分提交""}"
ACC-R3-1044,,INV-BR-GLOBAL-0645,BR-GLOBAL-0645,CT-R3-1044,P4,SPECIFIED,EXPECTED_NOT_EXECUTED,EVID-SPEC-1044,执行规则对应动作,"{""outcome"": ""SUCCESS_OR_RULE_DEFINED_REJECTION"", ""description"": ""受控清理请求状态受独立状态维度和状态机约束，不得与其他状态维度合并或绕过Owner服务直接改写。"", ""failure_description"": ""请求被拒绝且状态、数据库和事件均不发生非预期变化""}"
ACC-R3-1045,,INV-BR-GLOBAL-0646,BR-GLOBAL-0646,CT-R3-1045,P8,SPECIFIED,EXPECTED_NOT_EXECUTED,EVID-SPEC-1045,执行规则对应动作,"{""outcome"": ""SUCCESS_OR_RULE_DEFINED_REJECTION"", ""description"": ""受控清理请求状态是封闭枚举；正式写入值只能使用：FAILURE。"", ""failure_description"": ""非标准值不得写入；外部值必须先完成显式映射。""}"
ACC-R3-1046,,INV-BR-GLOBAL-0647,BR-GLOBAL-0647,CT-R3-1046,P4,SPECIFIED,EXPECTED_NOT_EXECUTED,EVID-SPEC-1046,归档后禁止新写入，保留历史查询和引用完整性。,"{""outcome"": ""SUCCESS_OR_RULE_DEFINED_REJECTION"", ""description"": ""归档后禁止新写入，保留历史查询和引用完整性。"", ""failure_description"": ""返回明确失败原因且不部分提交""}"
ACC-R3-1047,,INV-BR-GLOBAL-0648,BR-GLOBAL-0648,CT-R3-1047,P4,SPECIFIED,EXPECTED_NOT_EXECUTED,EVID-SPEC-1047,存在有效引用时禁止物理删除；先停用或归档，清理由受控请求执行。,"{""outcome"": ""SUCCESS_OR_RULE_DEFINED_REJECTION"", ""description"": ""存在有效引用时禁止物理删除；先停用或归档，清理由受控请求执行。"", ""failure_description"": ""请求被拒绝且状态、数据库和事件均不发生非预期变化""}"
ACC-R3-1048,,INV-BR-GLOBAL-0649,BR-GLOBAL-0649,CT-R3-1048,P3,SPECIFIED,EXPECTED_NOT_EXECUTED,EVID-SPEC-1048,使用稳定内部标识retention_policy_id；业务唯一键见business_unique_keys。,"{""outcome"": ""SUCCESS_OR_RULE_DEFINED_REJECTION"", ""description"": ""使用稳定内部标识retention_policy_id；业务唯一键见business_unique_keys。"", ""failure_description"": ""返回明确失败原因且不部分提交""}"
ACC-R3-1049,,INV-BR-GLOBAL-0650,BR-GLOBAL-0650,CT-R3-1049,P4,SPECIFIED,EXPECTED_NOT_EXECUTED,EVID-SPEC-1049,创建→启用/维护→停用→归档；被引用时不得直接物理删除。,"{""outcome"": ""SUCCESS_OR_RULE_DEFINED_REJECTION"", ""description"": ""创建→启用/维护→停用→归档；被引用时不得直接物理删除。"", ""failure_description"": ""返回明确失败原因且不部分提交""}"
ACC-R3-1050,,INV-BR-GLOBAL-0651,BR-GLOBAL-0651,CT-R3-1050,P3,SPECIFIED,EXPECTED_NOT_EXECUTED,EVID-SPEC-1050,由关系两端标识、作用域与生效版本共同唯一确定；保留独立历史ID。,"{""outcome"": ""SUCCESS_OR_RULE_DEFINED_REJECTION"", ""description"": ""由关系两端标识、作用域与生效版本共同唯一确定；保留独立历史ID。"", ""failure_description"": ""返回明确失败原因且不部分提交""}"
ACC-R3-1051,,INV-BR-GLOBAL-0652,BR-GLOBAL-0652,CT-R3-1051,P3,SPECIFIED,EXPECTED_NOT_EXECUTED,EVID-SPEC-1051,使用稳定内部标识controlled_purge_request_id；业务唯一键见business_unique_keys。,"{""outcome"": ""SUCCESS_OR_RULE_DEFINED_REJECTION"", ""description"": ""使用稳定内部标识controlled_purge_request_id；业务唯一键见business_unique_keys。"", ""failure_description"": ""返回明确失败原因且不部分提交""}"
ACC-R3-1052,,INV-BR-GLOBAL-0653,BR-GLOBAL-0653,CT-R3-1052,P3,SPECIFIED,EXPECTED_NOT_EXECUTED,EVID-SPEC-1052,执行规则对应动作,"{""outcome"": ""SUCCESS_OR_RULE_DEFINED_REJECTION"", ""description"": ""技术告警接入批次只能通过技术告警接入端点聚合边界变更。"", ""failure_description"": ""返回明确失败原因且不部分提交""}"
ACC-R3-1053,,INV-BR-GLOBAL-0654,BR-GLOBAL-0654,CT-R3-1053,P3,SPECIFIED,EXPECTED_NOT_EXECUTED,EVID-SPEC-1053,执行规则对应动作,"{""outcome"": ""SUCCESS_OR_RULE_DEFINED_REJECTION"", ""description"": ""端点接收多个不可变批次。"", ""failure_description"": ""返回明确失败原因且不部分提交""}"
ACC-R3-1054,,INV-BR-GLOBAL-0655,BR-GLOBAL-0655,CT-R3-1054,P3,SPECIFIED,EXPECTED_NOT_EXECUTED,EVID-SPEC-1054,执行规则对应动作,"{""outcome"": ""SUCCESS_OR_RULE_DEFINED_REJECTION"", ""description"": ""禁止绕过技术告警接入端点聚合根直接修改成员对象。"", ""failure_description"": ""请求被拒绝且状态、数据库和事件均不发生非预期变化""}"
ACC-R3-1055,,INV-BR-GLOBAL-0656,BR-GLOBAL-0656,CT-R3-1055,P3,SPECIFIED,EXPECTED_NOT_EXECUTED,EVID-SPEC-1055,执行规则对应动作,"{""outcome"": ""SUCCESS_OR_RULE_DEFINED_REJECTION"", ""description"": ""禁止跨聚合事务直接修改外部对象内部状态。"", ""failure_description"": ""请求被拒绝且状态、数据库和事件均不发生非预期变化""}"
ACC-R3-1056,,INV-BR-GLOBAL-0657,BR-GLOBAL-0657,CT-R3-1056,P3,SPECIFIED,EXPECTED_NOT_EXECUTED,EVID-SPEC-1056,仅通过技术告警接入端点聚合根执行需要强一致的创建、状态和成员变更；跨聚合只保存标识引用。,"{""outcome"": ""SUCCESS_OR_RULE_DEFINED_REJECTION"", ""description"": ""仅通过技术告警接入端点聚合根执行需要强一致的创建、状态和成员变更；跨聚合只保存标识引用。"", ""failure_description"": ""返回明确失败原因且不部分提交""}"
ACC-R3-1057,,INV-BR-GLOBAL-0658,BR-GLOBAL-0658,CT-R3-1057,P3,SPECIFIED,EXPECTED_NOT_EXECUTED,EVID-SPEC-1057,技术告警接入端点的业务唯一键“endpoint_code”必须在“由对象定义和关联项目/环境范围共同决定”范围内唯一且不可变。,"{""outcome"": ""SUCCESS_OR_RULE_DEFINED_REJECTION"", ""description"": ""技术告警接入端点的业务唯一键“endpoint_code”必须在“由对象定义和关联项目/环境范围共同决定”范围内唯一且不可变。"", ""failure_description"": ""返回明确失败原因且不部分提交""}"
ACC-R3-1058,,INV-BR-GLOBAL-0659,BR-GLOBAL-0659,CT-R3-1058,P3,SPECIFIED,EXPECTED_NOT_EXECUTED,EVID-SPEC-1058,技术告警接入批次的业务唯一键“endpoint_id+batch_key”必须在“由对象定义和关联项目/环境范围共同决定”范围内唯一。,"{""outcome"": ""SUCCESS_OR_RULE_DEFINED_REJECTION"", ""description"": ""技术告警接入批次的业务唯一键“endpoint_id+batch_key”必须在“由对象定义和关联项目/环境范围共同决定”范围内唯一。"", ""failure_description"": ""返回明确失败原因且不部分提交""}"
ACC-R3-1059,,INV-BR-GLOBAL-0660,BR-GLOBAL-0660,CT-R3-1059,P4,SPECIFIED,EXPECTED_NOT_EXECUTED,EVID-SPEC-1059,执行规则对应动作,"{""outcome"": ""SUCCESS_OR_RULE_DEFINED_REJECTION"", ""description"": ""技术告警接入批次状态受独立状态维度和状态机约束，不得与其他状态维度合并或绕过Owner服务直接改写。"", ""failure_description"": ""请求被拒绝且状态、数据库和事件均不发生非预期变化""}"
ACC-R3-1060,,INV-BR-GLOBAL-0661,BR-GLOBAL-0661,CT-R3-1060,P8,SPECIFIED,EXPECTED_NOT_EXECUTED,EVID-SPEC-1060,执行规则对应动作,"{""outcome"": ""SUCCESS_OR_RULE_DEFINED_REJECTION"", ""description"": ""技术告警接入批次状态是封闭枚举；正式写入值只能使用：RECEIVED、VALIDATED、COMPLETED、REJECTED。"", ""failure_description"": ""非标准值不得写入；外部值必须先完成显式映射。""}"
ACC-R3-1061,,INV-BR-GLOBAL-0662,BR-GLOBAL-0662,CT-R3-1061,P4,SPECIFIED,EXPECTED_NOT_EXECUTED,EVID-SPEC-1061,归档后禁止新写入，保留历史查询和引用完整性。,"{""outcome"": ""SUCCESS_OR_RULE_DEFINED_REJECTION"", ""description"": ""归档后禁止新写入，保留历史查询和引用完整性。"", ""failure_description"": ""返回明确失败原因且不部分提交""}"
ACC-R3-1062,,INV-BR-GLOBAL-0663,BR-GLOBAL-0663,CT-R3-1062,P4,SPECIFIED,EXPECTED_NOT_EXECUTED,EVID-SPEC-1062,存在有效引用时禁止物理删除；先停用或归档，清理由受控请求执行。,"{""outcome"": ""SUCCESS_OR_RULE_DEFINED_REJECTION"", ""description"": ""存在有效引用时禁止物理删除；先停用或归档，清理由受控请求执行。"", ""failure_description"": ""请求被拒绝且状态、数据库和事件均不发生非预期变化""}"
ACC-R3-1063,,INV-BR-GLOBAL-0664,BR-GLOBAL-0664,CT-R3-1063,P3,SPECIFIED,EXPECTED_NOT_EXECUTED,EVID-SPEC-1063,使用稳定内部标识technical_alert_endpoint_id；业务唯一键见business_unique_keys。,"{""outcome"": ""SUCCESS_OR_RULE_DEFINED_REJECTION"", ""description"": ""使用稳定内部标识technical_alert_endpoint_id；业务唯一键见business_unique_keys。"", ""failure_description"": ""返回明确失败原因且不部分提交""}"
ACC-R3-1064,,INV-BR-GLOBAL-0665,BR-GLOBAL-0665,CT-R3-1064,P4,SPECIFIED,EXPECTED_NOT_EXECUTED,EVID-SPEC-1064,创建→启用/维护→停用→归档；被引用时不得直接物理删除。,"{""outcome"": ""SUCCESS_OR_RULE_DEFINED_REJECTION"", ""description"": ""创建→启用/维护→停用→归档；被引用时不得直接物理删除。"", ""failure_description"": ""返回明确失败原因且不部分提交""}"
ACC-R3-1065,,INV-BR-GLOBAL-0666,BR-GLOBAL-0666,CT-R3-1065,P3,SPECIFIED,EXPECTED_NOT_EXECUTED,EVID-SPEC-1065,使用稳定内部标识technical_alert_ingestion_batch_id；业务唯一键见business_unique_keys。,"{""outcome"": ""SUCCESS_OR_RULE_DEFINED_REJECTION"", ""description"": ""使用稳定内部标识technical_alert_ingestion_batch_id；业务唯一键见business_unique_keys。"", ""failure_description"": ""返回明确失败原因且不部分提交""}"
ACC-R3-1066,,INV-BR-GLOBAL-0667,BR-GLOBAL-0667,CT-R3-1066,P4,SPECIFIED,EXPECTED_NOT_EXECUTED,EVID-SPEC-1066,创建→排队/分配→运行→终态→归档；失败与恢复保留历史。,"{""outcome"": ""SUCCESS_OR_RULE_DEFINED_REJECTION"", ""description"": ""创建→排队/分配→运行→终态→归档；失败与恢复保留历史。"", ""failure_description"": ""返回明确失败原因且不部分提交""}"
ACC-R3-1067,,INV-BR-GLOBAL-0668,BR-GLOBAL-0668,CT-R3-1067,P3,SPECIFIED,EXPECTED_NOT_EXECUTED,EVID-SPEC-1067,执行规则对应动作,"{""outcome"": ""SUCCESS_OR_RULE_DEFINED_REJECTION"", ""description"": ""禁止绕过平台设计基线发布聚合根直接修改成员对象。"", ""failure_description"": ""请求被拒绝且状态、数据库和事件均不发生非预期变化""}"
ACC-R3-1068,,INV-BR-GLOBAL-0669,BR-GLOBAL-0669,CT-R3-1068,P3,SPECIFIED,EXPECTED_NOT_EXECUTED,EVID-SPEC-1068,执行规则对应动作,"{""outcome"": ""SUCCESS_OR_RULE_DEFINED_REJECTION"", ""description"": ""禁止跨聚合事务直接修改外部对象内部状态。"", ""failure_description"": ""请求被拒绝且状态、数据库和事件均不发生非预期变化""}"
ACC-R3-1069,,INV-BR-GLOBAL-0670,BR-GLOBAL-0670,CT-R3-1069,P3,SPECIFIED,EXPECTED_NOT_EXECUTED,EVID-SPEC-1069,仅通过平台设计基线发布聚合根执行需要强一致的创建、状态和成员变更；跨聚合只保存标识引用。,"{""outcome"": ""SUCCESS_OR_RULE_DEFINED_REJECTION"", ""description"": ""仅通过平台设计基线发布聚合根执行需要强一致的创建、状态和成员变更；跨聚合只保存标识引用。"", ""failure_description"": ""返回明确失败原因且不部分提交""}"
ACC-R3-1070,,INV-BR-GLOBAL-0671,BR-GLOBAL-0671,CT-R3-1070,P3,SPECIFIED,EXPECTED_NOT_EXECUTED,EVID-SPEC-1070,平台设计基线发布的业务唯一键“release_id”必须在“由对象定义和关联项目/环境范围共同决定”范围内唯一且不可变。,"{""outcome"": ""SUCCESS_OR_RULE_DEFINED_REJECTION"", ""description"": ""平台设计基线发布的业务唯一键“release_id”必须在“由对象定义和关联项目/环境范围共同决定”范围内唯一且不可变。"", ""failure_description"": ""返回明确失败原因且不部分提交""}"
ACC-R3-1071,,INV-BR-GLOBAL-0672,BR-GLOBAL-0672,CT-R3-1071,P4,SPECIFIED,EXPECTED_NOT_EXECUTED,EVID-SPEC-1071,执行规则对应动作,"{""outcome"": ""SUCCESS_OR_RULE_DEFINED_REJECTION"", ""description"": ""平台设计基线发布准入状态受独立状态维度和状态机约束，不得与其他状态维度合并或绕过Owner服务直接改写。"", ""failure_description"": ""请求被拒绝且状态、数据库和事件均不发生非预期变化""}"
ACC-R3-1072,,INV-BR-GLOBAL-0673,BR-GLOBAL-0673,CT-R3-1072,P8,SPECIFIED,EXPECTED_NOT_EXECUTED,EVID-SPEC-1072,执行规则对应动作,"{""outcome"": ""SUCCESS_OR_RULE_DEFINED_REJECTION"", ""description"": ""平台设计基线发布准入状态是封闭枚举；正式写入值只能使用：NOT_CODE_READY、CONDITIONAL_CODE_READY、FULL_CODE_READY。"", ""failure_description"": ""非标准值不得写入；外部值必须先完成显式映射。""}"
ACC-R3-1073,,INV-BR-GLOBAL-0674,BR-GLOBAL-0674,CT-R3-1073,P4,SPECIFIED,EXPECTED_NOT_EXECUTED,EVID-SPEC-1073,执行规则对应动作,"{""outcome"": ""SUCCESS_OR_RULE_DEFINED_REJECTION"", ""description"": ""平台设计基线发布发布状态受独立状态维度和状态机约束，不得与其他状态维度合并或绕过Owner服务直接改写。"", ""failure_description"": ""请求被拒绝且状态、数据库和事件均不发生非预期变化""}"
ACC-R3-1074,,INV-BR-GLOBAL-0675,BR-GLOBAL-0675,CT-R3-1074,P8,SPECIFIED,EXPECTED_NOT_EXECUTED,EVID-SPEC-1074,执行规则对应动作,"{""outcome"": ""SUCCESS_OR_RULE_DEFINED_REJECTION"", ""description"": ""平台设计基线发布发布状态是封闭枚举；正式写入值只能使用：DRAFT、FROZEN、SUPERSEDED。"", ""failure_description"": ""非标准值不得写入；外部值必须先完成显式映射。""}"
ACC-R3-1075,,INV-BR-GLOBAL-0676,BR-GLOBAL-0676,CT-R3-1075,P3,SPECIFIED,EXPECTED_NOT_EXECUTED,EVID-SPEC-1075,执行规则对应动作,"{""outcome"": ""SUCCESS_OR_RULE_DEFINED_REJECTION"", ""description"": ""37个事实领域未批准前，模型可用于设计准备但不得宣称Codex直接编码就绪。"", ""failure_description"": ""请求被拒绝且状态、数据库和事件均不发生非预期变化""}"
ACC-R3-1076,,INV-BR-GLOBAL-0677,BR-GLOBAL-0677,CT-R3-1076,P4,SPECIFIED,EXPECTED_NOT_EXECUTED,EVID-SPEC-1076,归档后禁止新写入，保留历史查询和引用完整性。,"{""outcome"": ""SUCCESS_OR_RULE_DEFINED_REJECTION"", ""description"": ""归档后禁止新写入，保留历史查询和引用完整性。"", ""failure_description"": ""返回明确失败原因且不部分提交""}"
ACC-R3-1077,,INV-BR-GLOBAL-0678,BR-GLOBAL-0678,CT-R3-1077,P4,SPECIFIED,EXPECTED_NOT_EXECUTED,EVID-SPEC-1077,存在有效引用时禁止物理删除；先停用或归档，清理由受控请求执行。,"{""outcome"": ""SUCCESS_OR_RULE_DEFINED_REJECTION"", ""description"": ""存在有效引用时禁止物理删除；先停用或归档，清理由受控请求执行。"", ""failure_description"": ""请求被拒绝且状态、数据库和事件均不发生非预期变化""}"
ACC-R3-1078,,INV-BR-GLOBAL-0679,BR-GLOBAL-0679,CT-R3-1078,P3,SPECIFIED,EXPECTED_NOT_EXECUTED,EVID-SPEC-1078,使用稳定内部标识platform_design_baseline_release_id；业务唯一键见business_unique_keys。,"{""outcome"": ""SUCCESS_OR_RULE_DEFINED_REJECTION"", ""description"": ""使用稳定内部标识platform_design_baseline_release_id；业务唯一键见business_unique_keys。"", ""failure_description"": ""返回明确失败原因且不部分提交""}"
ACC-R3-1079,,INV-BR-GLOBAL-0680,BR-GLOBAL-0680,CT-R3-1079,P4,SPECIFIED,EXPECTED_NOT_EXECUTED,EVID-SPEC-1079,创建→启用/维护→停用→归档；被引用时不得直接物理删除。,"{""outcome"": ""SUCCESS_OR_RULE_DEFINED_REJECTION"", ""description"": ""创建→启用/维护→停用→归档；被引用时不得直接物理删除。"", ""failure_description"": ""请求被拒绝且状态、数据库和事件均不发生非预期变化""}"
ACC-R3-1080,,INV-BR-PERM-0001,BR-PERM-0001,CT-R3-1080,P2,SPECIFIED,EXPECTED_NOT_EXECUTED,EVID-SPEC-1080,系统初始化必须创建username=admin的用户并绑定SUPER_ADMIN角色；admin不可删除。,"{""outcome"": ""SUCCESS_OR_RULE_DEFINED_REJECTION"", ""description"": ""系统初始化必须创建username=admin的用户并绑定SUPER_ADMIN角色；admin不可删除。"", ""failure_description"": ""返回明确失败原因且不部分提交""}"
ACC-R3-1081,,INV-BR-PERM-0002,BR-PERM-0002,CT-R3-1081,P2,SPECIFIED,EXPECTED_NOT_EXECUTED,EVID-SPEC-1081,用户不是角色；授权通过角色绑定和项目成员关系实现。,"{""outcome"": ""SUCCESS_OR_RULE_DEFINED_REJECTION"", ""description"": ""用户不是角色；授权通过角色绑定和项目成员关系实现。"", ""failure_description"": ""返回明确失败原因且不部分提交""}"
ACC-R3-1082,,INV-BR-PERM-0003,BR-PERM-0003,CT-R3-1082,P2,SPECIFIED,EXPECTED_NOT_EXECUTED,EVID-SPEC-1082,执行规则对应动作,"{""outcome"": ""SUCCESS_OR_RULE_DEFINED_REJECTION"", ""description"": ""平台用户、测试账号和SSO身份具有不同身份、权限和生命周期，不得合并。"", ""failure_description"": ""请求被拒绝且状态、数据库和事件均不发生非预期变化""}"
ACC-R3-1083,,INV-BR-PERM-0004,BR-PERM-0004,CT-R3-1083,P2,SPECIFIED,EXPECTED_NOT_EXECUTED,EVID-SPEC-1083,有效授权是角色权限、项目成员关系、数据范围和资源归属的交集。,"{""outcome"": ""SUCCESS_OR_RULE_DEFINED_REJECTION"", ""description"": ""有效授权是角色权限、项目成员关系、数据范围和资源归属的交集。"", ""failure_description"": ""返回明确失败原因且不部分提交""}"
ACC-R3-1084,,INV-BR-PERM-0005,BR-PERM-0005,CT-R3-1084,P2,SPECIFIED,EXPECTED_NOT_EXECUTED,EVID-SPEC-1084,执行规则对应动作,"{""outcome"": ""SUCCESS_OR_RULE_DEFINED_REJECTION"", ""description"": ""平台级角色和权限点控制；高风险变更需审计。"", ""failure_description"": ""请求被拒绝且状态、数据库和事件均不发生非预期变化""}"
ACC-R3-1085,,INV-BR-PERM-0006,BR-PERM-0006,CT-R3-1085,P2,SPECIFIED,EXPECTED_NOT_EXECUTED,EVID-SPEC-1085,由管理员分配独立审核角色和项目范围,"{""outcome"": ""SUCCESS_OR_RULE_DEFINED_REJECTION"", ""description"": ""由管理员分配独立审核角色和项目范围"", ""failure_description"": ""请求被拒绝且状态、数据库和事件均不发生非预期变化""}"
ACC-R3-1086,,INV-BR-PERM-0007,BR-PERM-0007,CT-R3-1086,P2,SPECIFIED,EXPECTED_NOT_EXECUTED,EVID-SPEC-1086,执行规则对应动作,"{""outcome"": ""SUCCESS_OR_RULE_DEFINED_REJECTION"", ""description"": ""不得审核未覆盖项目或资产类型"", ""failure_description"": ""请求被拒绝且状态、数据库和事件均不发生非预期变化""}"
ACC-R3-1087,,INV-BR-PERM-0008,BR-PERM-0008,CT-R3-1087,P2,SPECIFIED,EXPECTED_NOT_EXECUTED,EVID-SPEC-1087,执行规则对应动作,"{""outcome"": ""SUCCESS_OR_RULE_DEFINED_REJECTION"", ""description"": ""不得使用通用审核入口替代独立发布入口"", ""failure_description"": ""请求被拒绝且状态、数据库和事件均不发生非预期变化""}"
ACC-R3-1088,,INV-BR-PERM-0009,BR-PERM-0009,CT-R3-1088,P2,SPECIFIED,EXPECTED_NOT_EXECUTED,EVID-SPEC-1088,执行规则对应动作,"{""outcome"": ""SUCCESS_OR_RULE_DEFINED_REJECTION"", ""description"": ""SERVICE_ACCOUNT不得承担审核或发布"", ""failure_description"": ""请求被拒绝且状态、数据库和事件均不发生非预期变化""}"
ACC-R3-1089,,INV-BR-PERM-0010,BR-PERM-0010,CT-R3-1089,P2,SPECIFIED,EXPECTED_NOT_EXECUTED,EVID-SPEC-1089,执行规则对应动作,"{""outcome"": ""SUCCESS_OR_RULE_DEFINED_REJECTION"", ""description"": ""明确授权项目、资产类型和版本范围"", ""failure_description"": ""请求被拒绝且状态、数据库和事件均不发生非预期变化""}"
ACC-R3-1090,,INV-BR-PERM-0011,BR-PERM-0011,CT-R3-1090,P2,SPECIFIED,EXPECTED_NOT_EXECUTED,EVID-SPEC-1090,由管理员分配并建立项目成员数据范围,"{""outcome"": ""SUCCESS_OR_RULE_DEFINED_REJECTION"", ""description"": ""由管理员分配并建立项目成员数据范围"", ""failure_description"": ""请求被拒绝且状态、数据库和事件均不发生非预期变化""}"
ACC-R3-1091,,INV-BR-PERM-0012,BR-PERM-0012,CT-R3-1091,P2,SPECIFIED,EXPECTED_NOT_EXECUTED,EVID-SPEC-1091,执行规则对应动作,"{""outcome"": ""SUCCESS_OR_RULE_DEFINED_REJECTION"", ""description"": ""不得绕过版本审核直接发布需要审核的正式版本"", ""failure_description"": ""请求被拒绝且状态、数据库和事件均不发生非预期变化""}"
ACC-R3-1092,,INV-BR-PERM-0013,BR-PERM-0013,CT-R3-1092,P2,SPECIFIED,EXPECTED_NOT_EXECUTED,EVID-SPEC-1092,执行规则对应动作,"{""outcome"": ""SUCCESS_OR_RULE_DEFINED_REJECTION"", ""description"": ""不得维护他人凭证"", ""failure_description"": ""请求被拒绝且状态、数据库和事件均不发生非预期变化""}"
ACC-R3-1093,,INV-BR-PERM-0014,BR-PERM-0014,CT-R3-1093,P2,SPECIFIED,EXPECTED_NOT_EXECUTED,EVID-SPEC-1093,执行规则对应动作,"{""outcome"": ""SUCCESS_OR_RULE_DEFINED_REJECTION"", ""description"": ""授权项目的用例、AI任务、录制和相关资产范围"", ""failure_description"": ""请求被拒绝且状态、数据库和事件均不发生非预期变化""}"
ACC-R3-1094,,INV-BR-PERM-0015,BR-PERM-0015,CT-R3-1094,P2,SPECIFIED,EXPECTED_NOT_EXECUTED,EVID-SPEC-1094,由SUPER_ADMIN或有权管理员分配,"{""outcome"": ""SUCCESS_OR_RULE_DEFINED_REJECTION"", ""description"": ""由SUPER_ADMIN或有权管理员分配"", ""failure_description"": ""请求被拒绝且状态、数据库和事件均不发生非预期变化""}"
ACC-R3-1095,,INV-BR-PERM-0016,BR-PERM-0016,CT-R3-1095,P2,SPECIFIED,EXPECTED_NOT_EXECUTED,EVID-SPEC-1095,执行规则对应动作,"{""outcome"": ""SUCCESS_OR_RULE_DEFINED_REJECTION"", ""description"": ""不得因模型权限自动访问项目业务Prompt、请求响应或资产"", ""failure_description"": ""请求被拒绝且状态、数据库和事件均不发生非预期变化""}"
ACC-R3-1096,,INV-BR-PERM-0017,BR-PERM-0017,CT-R3-1096,P2,SPECIFIED,EXPECTED_NOT_EXECUTED,EVID-SPEC-1096,执行规则对应动作,"{""outcome"": ""SUCCESS_OR_RULE_DEFINED_REJECTION"", ""description"": ""不得绕过平台通过Langfuse访问业务数据"", ""failure_description"": ""请求被拒绝且状态、数据库和事件均不发生非预期变化""}"
ACC-R3-1097,,INV-BR-PERM-0018,BR-PERM-0018,CT-R3-1097,P2,SPECIFIED,EXPECTED_NOT_EXECUTED,EVID-SPEC-1097,执行规则对应动作,"{""outcome"": ""SUCCESS_OR_RULE_DEFINED_REJECTION"", ""description"": ""不得自动取得源项目资产权限"", ""failure_description"": ""请求被拒绝且状态、数据库和事件均不发生非预期变化""}"
ACC-R3-1098,,INV-BR-PERM-0019,BR-PERM-0019,CT-R3-1098,P2,SPECIFIED,EXPECTED_NOT_EXECUTED,EVID-SPEC-1098,执行规则对应动作,"{""outcome"": ""SUCCESS_OR_RULE_DEFINED_REJECTION"", ""description"": ""平台模型技术数据；项目业务内容按项目成员与范围校验"", ""failure_description"": ""请求被拒绝且状态、数据库和事件均不发生非预期变化""}"
ACC-R3-1099,,INV-BR-PERM-0020,BR-PERM-0020,CT-R3-1099,P2,SPECIFIED,EXPECTED_NOT_EXECUTED,EVID-SPEC-1099,由SUPER_ADMIN或有权管理员单独分配,"{""outcome"": ""SUCCESS_OR_RULE_DEFINED_REJECTION"", ""description"": ""由SUPER_ADMIN或有权管理员单独分配"", ""failure_description"": ""请求被拒绝且状态、数据库和事件均不发生非预期变化""}"
ACC-R3-1100,,INV-BR-PERM-0021,BR-PERM-0021,CT-R3-1100,P2,SPECIFIED,EXPECTED_NOT_EXECUTED,EVID-SPEC-1100,执行规则对应动作,"{""outcome"": ""SUCCESS_OR_RULE_DEFINED_REJECTION"", ""description"": ""不得因项目模型数据范围自动获得审核权限"", ""failure_description"": ""请求被拒绝且状态、数据库和事件均不发生非预期变化""}"
ACC-R3-1101,,INV-BR-PERM-0022,BR-PERM-0022,CT-R3-1101,P2,SPECIFIED,EXPECTED_NOT_EXECUTED,EVID-SPEC-1101,执行规则对应动作,"{""outcome"": ""SUCCESS_OR_RULE_DEFINED_REJECTION"", ""description"": ""不得以模型管理员权限替代独立审核角色"", ""failure_description"": ""请求被拒绝且状态、数据库和事件均不发生非预期变化""}"
ACC-R3-1102,,INV-BR-PERM-0023,BR-PERM-0023,CT-R3-1102,P2,SPECIFIED,EXPECTED_NOT_EXECUTED,EVID-SPEC-1102,执行规则对应动作,"{""outcome"": ""SUCCESS_OR_RULE_DEFINED_REJECTION"", ""description"": ""平台级模型版本审核范围；项目业务内容仍按项目数据权限"", ""failure_description"": ""请求被拒绝且状态、数据库和事件均不发生非预期变化""}"
ACC-R3-1103,,INV-BR-PERM-0024,BR-PERM-0024,CT-R3-1103,P2,SPECIFIED,EXPECTED_NOT_EXECUTED,EVID-SPEC-1103,由SUPER_ADMIN或具备角色授权权限的主体分配,"{""outcome"": ""SUCCESS_OR_RULE_DEFINED_REJECTION"", ""description"": ""由SUPER_ADMIN或具备角色授权权限的主体分配"", ""failure_description"": ""请求被拒绝且状态、数据库和事件均不发生非预期变化""}"
ACC-R3-1104,,INV-BR-PERM-0025,BR-PERM-0025,CT-R3-1104,P2,SPECIFIED,EXPECTED_NOT_EXECUTED,EVID-SPEC-1104,执行规则对应动作,"{""outcome"": ""SUCCESS_OR_RULE_DEFINED_REJECTION"", ""description"": ""不得默认授予动态全部项目范围"", ""failure_description"": ""请求被拒绝且状态、数据库和事件均不发生非预期变化""}"
ACC-R3-1105,,INV-BR-PERM-0026,BR-PERM-0026,CT-R3-1105,P2,SPECIFIED,EXPECTED_NOT_EXECUTED,EVID-SPEC-1105,执行规则对应动作,"{""outcome"": ""SUCCESS_OR_RULE_DEFINED_REJECTION"", ""description"": ""不得因平台角色自动获得全部项目业务数据"", ""failure_description"": ""请求被拒绝且状态、数据库和事件均不发生非预期变化""}"
ACC-R3-1106,,INV-BR-PERM-0027,BR-PERM-0027,CT-R3-1106,P2,SPECIFIED,EXPECTED_NOT_EXECUTED,EVID-SPEC-1106,执行规则对应动作,"{""outcome"": ""SUCCESS_OR_RULE_DEFINED_REJECTION"", ""description"": ""不得在无源项目完整范围时操作平台资产推广"", ""failure_description"": ""请求被拒绝且状态、数据库和事件均不发生非预期变化""}"
ACC-R3-1107,,INV-BR-PERM-0028,BR-PERM-0028,CT-R3-1107,P2,SPECIFIED,EXPECTED_NOT_EXECUTED,EVID-SPEC-1107,执行规则对应动作,"{""outcome"": ""SUCCESS_OR_RULE_DEFINED_REJECTION"", ""description"": ""平台技术数据；项目业务数据按明确项目ID或附加CROSS_PROJECT_AUTHORIZATION_GRANT_ALL权限获得"", ""failure_description"": ""请求被拒绝且状态、数据库和事件均不发生非预期变化""}"
ACC-R3-1108,,INV-BR-PERM-0029,BR-PERM-0029,CT-R3-1108,P2,SPECIFIED,EXPECTED_NOT_EXECUTED,EVID-SPEC-1108,由项目负责人或具备平台跨项目授权权限者在项目成员入口分配,"{""outcome"": ""SUCCESS_OR_RULE_DEFINED_REJECTION"", ""description"": ""由项目负责人或具备平台跨项目授权权限者在项目成员入口分配"", ""failure_description"": ""请求被拒绝且状态、数据库和事件均不发生非预期变化""}"
ACC-R3-1109,,INV-BR-PERM-0030,BR-PERM-0030,CT-R3-1109,P2,SPECIFIED,EXPECTED_NOT_EXECUTED,EVID-SPEC-1109,执行规则对应动作,"{""outcome"": ""SUCCESS_OR_RULE_DEFINED_REJECTION"", ""description"": ""不得为自己提权"", ""failure_description"": ""请求被拒绝且状态、数据库和事件均不发生非预期变化""}"
ACC-R3-1110,,INV-BR-PERM-0031,BR-PERM-0031,CT-R3-1110,P2,SPECIFIED,EXPECTED_NOT_EXECUTED,EVID-SPEC-1110,执行规则对应动作,"{""outcome"": ""SUCCESS_OR_RULE_DEFINED_REJECTION"", ""description"": ""无项目负责人或跨项目授权资格时不得授予全项目范围或成员管理能力"", ""failure_description"": ""请求被拒绝且状态、数据库和事件均不发生非预期变化""}"
ACC-R3-1111,,INV-BR-PERM-0032,BR-PERM-0032,CT-R3-1111,P2,SPECIFIED,EXPECTED_NOT_EXECUTED,EVID-SPEC-1111,执行规则对应动作,"{""outcome"": ""SUCCESS_OR_RULE_DEFINED_REJECTION"", ""description"": ""不得操作未授权项目"", ""failure_description"": ""请求被拒绝且状态、数据库和事件均不发生非预期变化""}"
ACC-R3-1112,,INV-BR-PERM-0033,BR-PERM-0033,CT-R3-1112,P2,SPECIFIED,EXPECTED_NOT_EXECUTED,EVID-SPEC-1112,执行规则对应动作,"{""outcome"": ""SUCCESS_OR_RULE_DEFINED_REJECTION"", ""description"": ""指定项目及七个项目数据子范围的active/history范围"", ""failure_description"": ""请求被拒绝且状态、数据库和事件均不发生非预期变化""}"
ACC-R3-1113,,INV-BR-PERM-0034,BR-PERM-0034,CT-R3-1113,P2,SPECIFIED,EXPECTED_NOT_EXECUTED,EVID-SPEC-1113,由管理员分配角色及项目active/history范围,"{""outcome"": ""SUCCESS_OR_RULE_DEFINED_REJECTION"", ""description"": ""由管理员分配角色及项目active/history范围"", ""failure_description"": ""请求被拒绝且状态、数据库和事件均不发生非预期变化""}"
ACC-R3-1114,,INV-BR-PERM-0035,BR-PERM-0035,CT-R3-1114,P2,SPECIFIED,EXPECTED_NOT_EXECUTED,EVID-SPEC-1114,执行规则对应动作,"{""outcome"": ""SUCCESS_OR_RULE_DEFINED_REJECTION"", ""description"": ""不得因REPORT_VIEW自动下载制品或分享报告"", ""failure_description"": ""请求被拒绝且状态、数据库和事件均不发生非预期变化""}"
ACC-R3-1115,,INV-BR-PERM-0036,BR-PERM-0036,CT-R3-1115,P2,SPECIFIED,EXPECTED_NOT_EXECUTED,EVID-SPEC-1115,执行规则对应动作,"{""outcome"": ""SUCCESS_OR_RULE_DEFINED_REJECTION"", ""description"": ""不得查看超出active/history范围的报告"", ""failure_description"": ""请求被拒绝且状态、数据库和事件均不发生非预期变化""}"
ACC-R3-1116,,INV-BR-PERM-0037,BR-PERM-0037,CT-R3-1116,P2,SPECIFIED,EXPECTED_NOT_EXECUTED,EVID-SPEC-1116,执行规则对应动作,"{""outcome"": ""SUCCESS_OR_RULE_DEFINED_REJECTION"", ""description"": ""人工录制证据需额外MANUAL_RECORDING_VIEW"", ""failure_description"": ""请求被拒绝且状态、数据库和事件均不发生非预期变化""}"
ACC-R3-1117,,INV-BR-PERM-0038,BR-PERM-0038,CT-R3-1117,P2,SPECIFIED,EXPECTED_NOT_EXECUTED,EVID-SPEC-1117,执行规则对应动作,"{""outcome"": ""SUCCESS_OR_RULE_DEFINED_REJECTION"", ""description"": ""动态派生的active_scope与history_read_scope"", ""failure_description"": ""请求被拒绝且状态、数据库和事件均不发生非预期变化""}"
ACC-R3-1118,,INV-BR-PERM-0039,BR-PERM-0039,CT-R3-1118,P2,SPECIFIED,EXPECTED_NOT_EXECUTED,EVID-SPEC-1118,由SUPER_ADMIN或有权平台管理员分配,"{""outcome"": ""SUCCESS_OR_RULE_DEFINED_REJECTION"", ""description"": ""由SUPER_ADMIN或有权平台管理员分配"", ""failure_description"": ""请求被拒绝且状态、数据库和事件均不发生非预期变化""}"
ACC-R3-1119,,INV-BR-PERM-0040,BR-PERM-0040,CT-R3-1119,P2,SPECIFIED,EXPECTED_NOT_EXECUTED,EVID-SPEC-1119,执行规则对应动作,"{""outcome"": ""SUCCESS_OR_RULE_DEFINED_REJECTION"", ""description"": ""无项目成员权限时不得查看用例步骤、账号、测试数据、变量、业务响应、业务日志、报告详情和制品"", ""failure_description"": ""请求被拒绝且状态、数据库和事件均不发生非预期变化""}"
ACC-R3-1120,,INV-BR-PERM-0041,BR-PERM-0041,CT-R3-1120,P2,SPECIFIED,EXPECTED_NOT_EXECUTED,EVID-SPEC-1120,执行规则对应动作,"{""outcome"": ""SUCCESS_OR_RULE_DEFINED_REJECTION"", ""description"": ""不得自行修改任务业务状态"", ""failure_description"": ""请求被拒绝且状态、数据库和事件均不发生非预期变化""}"
ACC-R3-1121,,INV-BR-PERM-0042,BR-PERM-0042,CT-R3-1121,P2,SPECIFIED,EXPECTED_NOT_EXECUTED,EVID-SPEC-1121,执行规则对应动作,"{""outcome"": ""SUCCESS_OR_RULE_DEFINED_REJECTION"", ""description"": ""Runner技术数据；项目业务数据须另有项目成员权限"", ""failure_description"": ""请求被拒绝且状态、数据库和事件均不发生非预期变化""}"
ACC-R3-1122,,INV-BR-PERM-0043,BR-PERM-0043,CT-R3-1122,P2,SPECIFIED,EXPECTED_NOT_EXECUTED,EVID-SPEC-1122,系统初始化时仅绑定内置admin；不得向其他主体分配,"{""outcome"": ""SUCCESS_OR_RULE_DEFINED_REJECTION"", ""description"": ""系统初始化时仅绑定内置admin；不得向其他主体分配"", ""failure_description"": ""请求被拒绝且状态、数据库和事件均不发生非预期变化""}"
ACC-R3-1123,,INV-BR-PERM-0044,BR-PERM-0044,CT-R3-1123,P2,SPECIFIED,EXPECTED_NOT_EXECUTED,EVID-SPEC-1123,执行规则对应动作,"{""outcome"": ""SUCCESS_OR_RULE_DEFINED_REJECTION"", ""description"": ""不得删除、停用、归档admin或移除其SUPER_ADMIN绑定"", ""failure_description"": ""请求被拒绝且状态、数据库和事件均不发生非预期变化""}"
ACC-R3-1124,,INV-BR-PERM-0045,BR-PERM-0045,CT-R3-1124,P2,SPECIFIED,EXPECTED_NOT_EXECUTED,EVID-SPEC-1124,执行规则对应动作,"{""outcome"": ""SUCCESS_OR_RULE_DEFINED_REJECTION"", ""description"": ""其他USER或SERVICE_ACCOUNT不得绑定SUPER_ADMIN"", ""failure_description"": ""请求被拒绝且状态、数据库和事件均不发生非预期变化""}"
ACC-R3-1125,,INV-BR-PERM-0046,BR-PERM-0046,CT-R3-1125,P2,SPECIFIED,EXPECTED_NOT_EXECUTED,EVID-SPEC-1125,执行规则对应动作,"{""outcome"": ""SUCCESS_OR_RULE_DEFINED_REJECTION"", ""description"": ""平台全部active数据和依法保留的history数据；高风险操作仍必须审计。"", ""failure_description"": ""请求被拒绝且状态、数据库和事件均不发生非预期变化""}"
ACC-R3-1126,,INV-BR-PERM-0047,BR-PERM-0047,CT-R3-1126,P2,SPECIFIED,EXPECTED_NOT_EXECUTED,EVID-SPEC-1126,由管理员分配角色、项目、计划和数据范围,"{""outcome"": ""SUCCESS_OR_RULE_DEFINED_REJECTION"", ""description"": ""由管理员分配角色、项目、计划和数据范围"", ""failure_description"": ""请求被拒绝且状态、数据库和事件均不发生非预期变化""}"
ACC-R3-1127,,INV-BR-PERM-0048,BR-PERM-0048,CT-R3-1127,P2,SPECIFIED,EXPECTED_NOT_EXECUTED,EVID-SPEC-1127,执行规则对应动作,"{""outcome"": ""SUCCESS_OR_RULE_DEFINED_REJECTION"", ""description"": ""不得直接发布生成用例"", ""failure_description"": ""请求被拒绝且状态、数据库和事件均不发生非预期变化""}"
ACC-R3-1128,,INV-BR-PERM-0049,BR-PERM-0049,CT-R3-1128,P2,SPECIFIED,EXPECTED_NOT_EXECUTED,EVID-SPEC-1128,执行规则对应动作,"{""outcome"": ""SUCCESS_OR_RULE_DEFINED_REJECTION"", ""description"": ""人工录制不提供账号选择且不得声称识别手工输入身份"", ""failure_description"": ""请求被拒绝且状态、数据库和事件均不发生非预期变化""}"
ACC-R3-1129,,INV-BR-PERM-0050,BR-PERM-0050,CT-R3-1129,P2,SPECIFIED,EXPECTED_NOT_EXECUTED,EVID-SPEC-1129,执行规则对应动作,"{""outcome"": ""SUCCESS_OR_RULE_DEFINED_REJECTION"", ""description"": ""不得操作未授权计划或项目"", ""failure_description"": ""请求被拒绝且状态、数据库和事件均不发生非预期变化""}"
ACC-R3-1130,,INV-BR-PERM-0051,BR-PERM-0051,CT-R3-1130,P2,SPECIFIED,EXPECTED_NOT_EXECUTED,EVID-SPEC-1130,执行规则对应动作,"{""outcome"": ""SUCCESS_OR_RULE_DEFINED_REJECTION"", ""description"": ""授权项目、用例/套件、计划、账号映射和结果范围"", ""failure_description"": ""请求被拒绝且状态、数据库和事件均不发生非预期变化""}"
ACC-R3-1131,,INV-BR-PERM-0052,BR-PERM-0052,CT-R3-1131,P2,SPECIFIED,EXPECTED_NOT_EXECUTED,EVID-SPEC-1131,由项目负责人或授权管理员分配系统角色与项目职责,"{""outcome"": ""SUCCESS_OR_RULE_DEFINED_REJECTION"", ""description"": ""由项目负责人或授权管理员分配系统角色与项目职责"", ""failure_description"": ""请求被拒绝且状态、数据库和事件均不发生非预期变化""}"
ACC-R3-1132,,INV-BR-PERM-0053,BR-PERM-0053,CT-R3-1132,P2,SPECIFIED,EXPECTED_NOT_EXECUTED,EVID-SPEC-1132,执行规则对应动作,"{""outcome"": ""SUCCESS_OR_RULE_DEFINED_REJECTION"", ""description"": ""不得越过独立版本审核入口直接发布需审核资产"", ""failure_description"": ""请求被拒绝且状态、数据库和事件均不发生非预期变化""}"
ACC-R3-1133,,INV-BR-PERM-0054,BR-PERM-0054,CT-R3-1133,P2,SPECIFIED,EXPECTED_NOT_EXECUTED,EVID-SPEC-1133,执行规则对应动作,"{""outcome"": ""SUCCESS_OR_RULE_DEFINED_REJECTION"", ""description"": ""不得操作未授权项目或敏感数据"", ""failure_description"": ""请求被拒绝且状态、数据库和事件均不发生非预期变化""}"
ACC-R3-1134,,INV-BR-PERM-0055,BR-PERM-0055,CT-R3-1134,P2,SPECIFIED,EXPECTED_NOT_EXECUTED,EVID-SPEC-1134,执行规则对应动作,"{""outcome"": ""SUCCESS_OR_RULE_DEFINED_REJECTION"", ""description"": ""授权项目的测试资产、执行和报告范围"", ""failure_description"": ""请求被拒绝且状态、数据库和事件均不发生非预期变化""}"
ACC-R3-1135,USR-SCN-082,,BR-PERM-0056,CT-R3-1135,P6,SPECIFIED,EXPECTED_NOT_EXECUTED,EVID-SPEC-1135,普通成员仅转授自己拥有且允许转授的职责和范围,"{""outcome"": ""SUCCESS_OR_RULE_DEFINED_REJECTION"", ""description"": ""动作“普通成员仅转授自己拥有且允许转授的职责和范围”完成并形成可追溯结果。"", ""failure_description"": ""返回明确失败原因且不部分提交""}"
ACC-R3-1136,USR-SCN-082,,BR-PERM-0057,CT-R3-1136,P8,SPECIFIED,EXPECTED_NOT_EXECUTED,EVID-SPEC-1136,记录“跨项目授权”的发起主体、参与主体、对象ID、权限与数据范围判定、状态前后值、结果/原因码和时间。,"{""outcome"": ""SUCCESS_OR_RULE_DEFINED_REJECTION"", ""description"": ""记录“跨项目授权”的发起主体、参与主体、对象ID、权限与数据范围判定、状态前后值、结果/原因码和时间。"", ""failure_description"": ""返回明确失败原因且不部分提交""}"
ACC-R3-1137,USR-SCN-082,,BR-PERM-0058,CT-R3-1137,P8,SPECIFIED,EXPECTED_NOT_EXECUTED,EVID-SPEC-1137,本地状态变化、不可变事件和审计在同一原子提交边界内完成；提交前审计失败则不提交或回滚本地变化。,"{""outcome"": ""SUCCESS_OR_RULE_DEFINED_REJECTION"", ""description"": ""在“跨项目授权”中，审计必须满足：本地状态变化、不可变事件和审计在同一原子提交边界内完成；提交前审计失败则不提交或回滚本地变化。。"", ""failure_description"": ""返回明确失败原因且不部分提交""}"
ACC-R3-1138,USR-SCN-082,,BR-PERM-0059,CT-R3-1138,P5,SPECIFIED,EXPECTED_NOT_EXECUTED,EVID-SPEC-1138,发起跨项目授权,"{""outcome"": ""SUCCESS_OR_RULE_DEFINED_REJECTION"", ""description"": ""在“跨项目授权”中，并发校验必须满足：授权版本CAS；同一范围冲突只提交一个版本。"", ""failure_description"": ""并发门禁不通过时按规则等待、拒绝或返回既有幂等结果。""}"
ACC-R3-1139,USR-SCN-082,,BR-PERM-0060,CT-R3-1139,P2,SPECIFIED,EXPECTED_NOT_EXECUTED,EVID-SPEC-1139,发起跨项目授权,"{""outcome"": ""SUCCESS_OR_RULE_DEFINED_REJECTION"", ""description"": ""授权命令仅作用于请求中明确且发起人可授权的项目ID集合；项目负责人限本人负责项目；动态全部范围仅在CROSS_PROJECT_AUTHORIZATION_GRANT_ALL通过时成立；禁止自我提权。"", ""failure_description"": ""超出数据范围时拒绝操作并记录审计。""}"
ACC-R3-1140,USR-SCN-082,,BR-PERM-0061,CT-R3-1140,P6,SPECIFIED,EXPECTED_NOT_EXECUTED,EVID-SPEC-1140,发起跨项目授权,"{""outcome"": ""SUCCESS_OR_RULE_DEFINED_REJECTION"", ""description"": ""缺少CROSS_PROJECT_AUTHORIZATION_GRANT_ALL却请求动态全部、自我提权、项目ID越界或目标主体不合格时拒绝且不产生授权写入"", ""failure_description"": ""缺少CROSS_PROJECT_AUTHORIZATION_GRANT_ALL却请求动态全部、自我提权、项目ID越界或目标主体不合格时拒绝且不产生授权写入""}"
ACC-R3-1141,USR-SCN-082,,BR-PERM-0062,CT-R3-1141,P8,SPECIFIED,EXPECTED_NOT_EXECUTED,EVID-SPEC-1141,发起跨项目授权,"{""outcome"": ""SUCCESS_OR_RULE_DEFINED_REJECTION"", ""description"": ""在“跨项目授权”中，失败判定必须满足：事务/补偿策略：LOCAL_TRANSACTION。。"", ""failure_description"": ""事务/补偿策略：LOCAL_TRANSACTION。""}"
ACC-R3-1142,USR-SCN-082,,BR-PERM-0063,CT-R3-1142,P6,SPECIFIED,EXPECTED_NOT_EXECUTED,EVID-SPEC-1142,识别发起主体类型,"{""outcome"": ""SUCCESS_OR_RULE_DEFINED_REJECTION"", ""description"": ""动作“识别发起主体类型”完成并形成可追溯结果。"", ""failure_description"": ""返回明确失败原因且不部分提交""}"
ACC-R3-1143,USR-SCN-082,,BR-PERM-0064,CT-R3-1143,P6,SPECIFIED,EXPECTED_NOT_EXECUTED,EVID-SPEC-1143,项目负责人只在负责项目授权,"{""outcome"": ""SUCCESS_OR_RULE_DEFINED_REJECTION"", ""description"": ""动作“项目负责人只在负责项目授权”完成并形成可追溯结果。"", ""failure_description"": ""返回明确失败原因且不部分提交""}"
ACC-R3-1144,USR-SCN-082,,BR-PERM-0065,CT-R3-1144,P6,SPECIFIED,EXPECTED_NOT_EXECUTED,EVID-SPEC-1144,普通平台管理员仅按明确对象ID集合授权,"{""outcome"": ""SUCCESS_OR_RULE_DEFINED_REJECTION"", ""description"": ""动作“普通平台管理员仅按明确对象ID集合授权”完成并形成可追溯结果。"", ""failure_description"": ""返回明确失败原因且不部分提交""}"
ACC-R3-1145,USR-SCN-082,,BR-PERM-0066,CT-R3-1145,P6,SPECIFIED,EXPECTED_NOT_EXECUTED,EVID-SPEC-1145,仅另具CROSS_PROJECT_AUTHORIZATION_GRANT_ALL才可动态全部,"{""outcome"": ""SUCCESS_OR_RULE_DEFINED_REJECTION"", ""description"": ""动作“仅另具CROSS_PROJECT_AUTHORIZATION_GRANT_ALL才可动态全部”完成并形成可追溯结果。"", ""failure_description"": ""返回明确失败原因且不部分提交""}"
ACC-R3-1146,USR-SCN-082,,BR-PERM-0067,CT-R3-1146,P6,SPECIFIED,EXPECTED_NOT_EXECUTED,EVID-SPEC-1146,SUPER_ADMIN可跨项目授权但记录例外审计,"{""outcome"": ""SUCCESS_OR_RULE_DEFINED_REJECTION"", ""description"": ""动作“SUPER_ADMIN可跨项目授权但记录例外审计”完成并形成可追溯结果。"", ""failure_description"": ""返回明确失败原因且不部分提交""}"
ACC-R3-1147,USR-SCN-082,,BR-PERM-0068,CT-R3-1147,P2,SPECIFIED,EXPECTED_NOT_EXECUTED,EVID-SPEC-1147,发起跨项目授权,"{""outcome"": ""SUCCESS_OR_RULE_DEFINED_REJECTION"", ""description"": ""项目负责人仅在本人负责项目内授权；平台管理员必须具备CROSS_PROJECT_AUTHORIZATION_MANAGE且仅按明确项目ID集合授权；动态全部必须另具CROSS_PROJECT_AUTHORIZATION_GRANT_ALL；SUPER_ADMIN例外必须审计。"", ""failure_description"": ""返回无权限或超范围结果，业务副作用为零。""}"
ACC-R3-1148,USR-SCN-082,,BR-PERM-0069,CT-R3-1148,P8,SPECIFIED,EXPECTED_NOT_EXECUTED,EVID-SPEC-1148,发起跨项目授权,"{""outcome"": ""SUCCESS_OR_RULE_DEFINED_REJECTION"", ""description"": ""在“跨项目授权”中，前置条件必须满足：发起主体具备CROSS_PROJECT_AUTHORIZATION_MANAGE或为受控SUPER_ADMIN。"", ""failure_description"": ""前置条件不满足时拒绝进入主流程且业务副作用为零。""}"
ACC-R3-1149,USR-SCN-082,,BR-PERM-0070,CT-R3-1149,P8,SPECIFIED,EXPECTED_NOT_EXECUTED,EVID-SPEC-1149,发起跨项目授权,"{""outcome"": ""SUCCESS_OR_RULE_DEFINED_REJECTION"", ""description"": ""在“跨项目授权”中，前置条件必须满足：目标项目ID集合、目标主体和授权对象存在。"", ""failure_description"": ""前置条件不满足时拒绝进入主流程且业务副作用为零。""}"
ACC-R3-1150,USR-SCN-082,,BR-PERM-0071,CT-R3-1150,P6,SPECIFIED,EXPECTED_NOT_EXECUTED,EVID-SPEC-1150,撤销错误授权并按正确范围重新建立；历史审计保留,"{""outcome"": ""SUCCESS_OR_RULE_DEFINED_REJECTION"", ""description"": ""撤销错误授权并按正确范围重新建立；历史审计保留"", ""failure_description"": ""返回明确失败原因且不部分提交""}"
ACC-R3-1151,USR-SCN-082,,BR-PERM-0072,CT-R3-1151,P4,SPECIFIED,EXPECTED_NOT_EXECUTED,EVID-SPEC-1151,发起跨项目授权,"{""outcome"": ""SUCCESS_OR_RULE_DEFINED_REJECTION"", ""description"": ""授权关系: 不存在→ACTIVE→ENDED"", ""failure_description"": ""返回明确失败原因且不部分提交""}"
ACC-R3-1152,USR-SCN-082,,BR-PERM-0073,CT-R3-1152,P8,SPECIFIED,EXPECTED_NOT_EXECUTED,EVID-SPEC-1152,发起跨项目授权,"{""outcome"": ""SUCCESS_OR_RULE_DEFINED_REJECTION"", ""description"": ""授权上限、目标主体、明确项目ID集合/受控动态范围、有效期和审计均明确；无隐式全项目扩权。"", ""failure_description"": ""返回明确失败原因且不部分提交""}"
ACC-R3-1153,USR-SCN-082,,BR-PERM-0074,CT-R3-1153,P6,SPECIFIED,EXPECTED_NOT_EXECUTED,EVID-SPEC-1153,先执行场景门禁，再进入首个业务副作用。,"{""outcome"": ""SUCCESS_OR_RULE_DEFINED_REJECTION"", ""description"": ""当“发起跨项目授权”发生时，ROLE-PLATFORM-ADMIN可以发起“跨项目授权”；发起后必须先完成本场景前置、权限、范围、资源和并发门禁。"", ""failure_description"": ""门禁不通过时不得产生业务副作用。""}"
ACC-R3-1154,USR-SCN-084,,BR-PERM-0075,CT-R3-1154,P6,SPECIFIED,EXPECTED_NOT_EXECUTED,EVID-SPEC-1154,SUPER_ADMIN仅由内置admin持有且不可撤销；项目负责人作为项目职责绑定，不是预置系统角色。,"{""outcome"": ""SUCCESS_OR_RULE_DEFINED_REJECTION"", ""description"": ""动作“SUPER_ADMIN仅由内置admin持有且不可撤销；项目负责人作为项目职责绑定，不是预置系统角色。”完成并形成可追溯结果。"", ""failure_description"": ""返回明确失败原因且不部分提交""}"
ACC-R3-1155,USR-SCN-084,,BR-PERM-0076,CT-R3-1155,P8,SPECIFIED,EXPECTED_NOT_EXECUTED,EVID-SPEC-1155,记录“预置系统角色与角色绑定生命周期”的发起主体、参与主体、对象ID、权限与数据范围判定、状态前后值、结果/原因码和时间。,"{""outcome"": ""SUCCESS_OR_RULE_DEFINED_REJECTION"", ""description"": ""记录“预置系统角色与角色绑定生命周期”的发起主体、参与主体、对象ID、权限与数据范围判定、状态前后值、结果/原因码和时间。"", ""failure_description"": ""返回明确失败原因且不部分提交""}"
ACC-R3-1156,USR-SCN-084,,BR-PERM-0077,CT-R3-1156,P8,SPECIFIED,EXPECTED_NOT_EXECUTED,EVID-SPEC-1156,本地状态变化、不可变事件和审计在同一原子提交边界内完成；提交前审计失败则不提交或回滚本地变化。,"{""outcome"": ""SUCCESS_OR_RULE_DEFINED_REJECTION"", ""description"": ""在“预置系统角色与角色绑定生命周期”中，审计必须满足：本地状态变化、不可变事件和审计在同一原子提交边界内完成；提交前审计失败则不提交或回滚本地变化。。"", ""failure_description"": ""返回明确失败原因且不部分提交""}"
ACC-R3-1157,USR-SCN-084,,BR-PERM-0078,CT-R3-1157,P5,SPECIFIED,EXPECTED_NOT_EXECUTED,EVID-SPEC-1157,平台管理员或超级管理员维护预置角色状态或主体角色绑定,"{""outcome"": ""SUCCESS_OR_RULE_DEFINED_REJECTION"", ""description"": ""角色和绑定状态CAS；权限变更不改写历史任务快照"", ""failure_description"": ""并发门禁不通过时按规则等待、拒绝或返回既有幂等结果。""}"
ACC-R3-1158,USR-SCN-084,,BR-PERM-0079,CT-R3-1158,P2,SPECIFIED,EXPECTED_NOT_EXECUTED,EVID-SPEC-1158,平台管理员或超级管理员维护预置角色状态或主体角色绑定,"{""outcome"": ""SUCCESS_OR_RULE_DEFINED_REJECTION"", ""description"": ""平台级预置角色治理与项目级成员职责分别校验；项目角色绑定仅作用于明确授权项目及active/history范围。"", ""failure_description"": ""超出数据范围时拒绝操作并记录审计。""}"
ACC-R3-1159,USR-SCN-084,,BR-PERM-0080,CT-R3-1159,P6,SPECIFIED,EXPECTED_NOT_EXECUTED,EVID-SPEC-1159,平台管理员或超级管理员维护预置角色状态或主体角色绑定,"{""outcome"": ""SUCCESS_OR_RULE_DEFINED_REJECTION"", ""description"": ""创建未知role_id、自定义权限集、向SERVICE_ACCOUNT分配真人角色、物理删除角色或归档仍有活动绑定时拒绝并审计。"", ""failure_description"": ""创建未知role_id、自定义权限集、向SERVICE_ACCOUNT分配真人角色、物理删除角色或归档仍有活动绑定时拒绝并审计。""}"
ACC-R3-1160,USR-SCN-084,,BR-PERM-0081,CT-R3-1160,P8,SPECIFIED,EXPECTED_NOT_EXECUTED,EVID-SPEC-1160,平台管理员或超级管理员维护预置角色状态或主体角色绑定,"{""outcome"": ""SUCCESS_OR_RULE_DEFINED_REJECTION"", ""description"": ""在“预置系统角色与角色绑定生命周期”中，失败判定必须满足：事务/补偿策略：LOCAL_TRANSACTION。。"", ""failure_description"": ""事务/补偿策略：LOCAL_TRANSACTION。""}"
ACC-R3-1161,USR-SCN-084,,BR-PERM-0082,CT-R3-1161,P6,SPECIFIED,EXPECTED_NOT_EXECUTED,EVID-SPEC-1161,读取预置角色定义和当前状态,"{""outcome"": ""SUCCESS_OR_RULE_DEFINED_REJECTION"", ""description"": ""动作“读取预置角色定义和当前状态”完成并形成可追溯结果。"", ""failure_description"": ""返回明确失败原因且不部分提交""}"
ACC-R3-1162,USR-SCN-084,,BR-PERM-0083,CT-R3-1162,P6,SPECIFIED,EXPECTED_NOT_EXECUTED,EVID-SPEC-1162,校验授权主体的转授权上限、目标主体类型和数据范围,"{""outcome"": ""SUCCESS_OR_RULE_DEFINED_REJECTION"", ""description"": ""动作“校验授权主体的转授权上限、目标主体类型和数据范围”完成并形成可追溯结果。"", ""failure_description"": ""返回明确失败原因且不部分提交""}"
ACC-R3-1163,USR-SCN-084,,BR-PERM-0084,CT-R3-1163,P6,SPECIFIED,EXPECTED_NOT_EXECUTED,EVID-SPEC-1163,建立或结束USER/项目职责绑定并保存有效期,"{""outcome"": ""SUCCESS_OR_RULE_DEFINED_REJECTION"", ""description"": ""动作“建立或结束USER/项目职责绑定并保存有效期”完成并形成可追溯结果。"", ""failure_description"": ""返回明确失败原因且不部分提交""}"
ACC-R3-1164,USR-SCN-084,,BR-PERM-0085,CT-R3-1164,P6,SPECIFIED,EXPECTED_NOT_EXECUTED,EVID-SPEC-1164,停用角色后禁止新绑定和新任务实时授权,"{""outcome"": ""SUCCESS_OR_RULE_DEFINED_REJECTION"", ""description"": ""动作“停用角色后禁止新绑定和新任务实时授权”完成并形成可追溯结果。"", ""failure_description"": ""返回明确失败原因且不部分提交""}"
ACC-R3-1165,USR-SCN-084,,BR-PERM-0086,CT-R3-1165,P6,SPECIFIED,EXPECTED_NOT_EXECUTED,EVID-SPEC-1165,归档前结束或迁移活动绑定，归档后仅允许历史查询,"{""outcome"": ""SUCCESS_OR_RULE_DEFINED_REJECTION"", ""description"": ""动作“归档前结束或迁移活动绑定，归档后仅允许历史查询”完成并形成可追溯结果。"", ""failure_description"": ""返回明确失败原因且不部分提交""}"
ACC-R3-1166,USR-SCN-084,,BR-PERM-0087,CT-R3-1166,P2,SPECIFIED,EXPECTED_NOT_EXECUTED,EVID-SPEC-1166,平台管理员或超级管理员维护预置角色状态或主体角色绑定,"{""outcome"": ""SUCCESS_OR_RULE_DEFINED_REJECTION"", ""description"": ""仅ROLE-SUPER-ADMIN或具备角色治理/项目授权能力且未超出可转授权上限的主体可执行；被授权者不得自我提权。"", ""failure_description"": ""返回无权限或超范围结果，业务副作用为零。""}"
ACC-R3-1167,USR-SCN-084,,BR-PERM-0088,CT-R3-1167,P8,SPECIFIED,EXPECTED_NOT_EXECUTED,EVID-SPEC-1167,平台管理员或超级管理员维护预置角色状态或主体角色绑定,"{""outcome"": ""SUCCESS_OR_RULE_DEFINED_REJECTION"", ""description"": ""在“预置系统角色与角色绑定生命周期”中，前置条件必须满足：发起主体已登录并具备角色治理或授权权限。"", ""failure_description"": ""前置条件不满足时拒绝进入主流程且业务副作用为零。""}"
ACC-R3-1168,USR-SCN-084,,BR-PERM-0089,CT-R3-1168,P8,SPECIFIED,EXPECTED_NOT_EXECUTED,EVID-SPEC-1168,平台管理员或超级管理员维护预置角色状态或主体角色绑定,"{""outcome"": ""SUCCESS_OR_RULE_DEFINED_REJECTION"", ""description"": ""在“预置系统角色与角色绑定生命周期”中，前置条件必须满足：目标role_id属于11个预置系统角色或项目负责人职责。"", ""failure_description"": ""前置条件不满足时拒绝进入主流程且业务副作用为零。""}"
ACC-R3-1169,USR-SCN-084,,BR-PERM-0090,CT-R3-1169,P8,SPECIFIED,EXPECTED_NOT_EXECUTED,EVID-SPEC-1169,平台管理员或超级管理员维护预置角色状态或主体角色绑定,"{""outcome"": ""SUCCESS_OR_RULE_DEFINED_REJECTION"", ""description"": ""在“预置系统角色与角色绑定生命周期”中，前置条件必须满足：目标主体类型和授权上限满足角色分配规则。"", ""failure_description"": ""前置条件不满足时拒绝进入主流程且业务副作用为零。""}"
ACC-R3-1170,USR-SCN-084,,BR-PERM-0091,CT-R3-1170,P6,SPECIFIED,EXPECTED_NOT_EXECUTED,EVID-SPEC-1170,迁移或结束活动绑定后重新提交归档；权限配置错误时撤销错误绑定并依据审计恢复。,"{""outcome"": ""SUCCESS_OR_RULE_DEFINED_REJECTION"", ""description"": ""迁移或结束活动绑定后重新提交归档；权限配置错误时撤销错误绑定并依据审计恢复。"", ""failure_description"": ""返回明确失败原因且不部分提交""}"
ACC-R3-1171,USR-SCN-084,,BR-PERM-0092,CT-R3-1171,P4,SPECIFIED,EXPECTED_NOT_EXECUTED,EVID-SPEC-1171,平台管理员或超级管理员维护预置角色状态或主体角色绑定,"{""outcome"": ""SUCCESS_OR_RULE_DEFINED_REJECTION"", ""description"": ""角色: ENABLED→DISABLED→ARCHIVED"", ""failure_description"": ""返回明确失败原因且不部分提交""}"
ACC-R3-1172,USR-SCN-084,,BR-PERM-0093,CT-R3-1172,P8,SPECIFIED,EXPECTED_NOT_EXECUTED,EVID-SPEC-1172,平台管理员或超级管理员维护预置角色状态或主体角色绑定,"{""outcome"": ""SUCCESS_OR_RULE_DEFINED_REJECTION"", ""description"": ""所有绑定均引用正式预置role_id或项目职责；停用/归档约束生效；历史任务授权快照不被改写。"", ""failure_description"": ""返回明确失败原因且不部分提交""}"
ACC-R3-1173,USR-SCN-084,,BR-PERM-0094,CT-R3-1173,P6,SPECIFIED,EXPECTED_NOT_EXECUTED,EVID-SPEC-1173,先执行场景门禁，再进入首个业务副作用。,"{""outcome"": ""SUCCESS_OR_RULE_DEFINED_REJECTION"", ""description"": ""当“平台管理员或超级管理员维护预置角色状态或主体角色绑定”发生时，ROLE-PLATFORM-ADMIN可以发起“预置系统角色与角色绑定生命周期”；发起后必须先完成本场景前置、权限、范围、资源和并发门禁。"", ""failure_description"": ""门禁不通过时不得产生业务副作用。""}"
ACC-R3-1174,,INV-BR-PERM-0095,BR-PERM-0095,CT-R3-1174,P2,SPECIFIED,EXPECTED_NOT_EXECUTED,EVID-SPEC-1174,执行规则对应动作,"{""outcome"": ""SUCCESS_OR_RULE_DEFINED_REJECTION"", ""description"": ""由项目成员关系、角色权限点和数据范围交集派生。"", ""failure_description"": ""请求被拒绝且状态、数据库和事件均不发生非预期变化""}"
ACC-R3-1175,,INV-BR-PERM-0096,BR-PERM-0096,CT-R3-1175,P2,SPECIFIED,EXPECTED_NOT_EXECUTED,EVID-SPEC-1175,执行规则对应动作,"{""outcome"": ""SUCCESS_OR_RULE_DEFINED_REJECTION"", ""description"": ""由项目成员关系、角色权限点和数据范围交集派生。"", ""failure_description"": ""请求被拒绝且状态、数据库和事件均不发生非预期变化""}"
ACC-R3-1176,,INV-BR-PERM-0097,BR-PERM-0097,CT-R3-1176,P2,SPECIFIED,EXPECTED_NOT_EXECUTED,EVID-SPEC-1176,执行规则对应动作,"{""outcome"": ""SUCCESS_OR_RULE_DEFINED_REJECTION"", ""description"": ""由项目成员关系、角色权限点和数据范围交集派生。"", ""failure_description"": ""请求被拒绝且状态、数据库和事件均不发生非预期变化""}"
ACC-R3-1177,,INV-BR-PERM-0098,BR-PERM-0098,CT-R3-1177,P2,SPECIFIED,EXPECTED_NOT_EXECUTED,EVID-SPEC-1177,执行规则对应动作,"{""outcome"": ""SUCCESS_OR_RULE_DEFINED_REJECTION"", ""description"": ""项目/平台授权与敏感数据权限共同控制；读取必须审计并脱敏。"", ""failure_description"": ""请求被拒绝且状态、数据库和事件均不发生非预期变化""}"
ACC-R3-1178,,INV-BR-PERM-0099,BR-PERM-0099,CT-R3-1178,P2,SPECIFIED,EXPECTED_NOT_EXECUTED,EVID-SPEC-1178,执行规则对应动作,"{""outcome"": ""SUCCESS_OR_RULE_DEFINED_REJECTION"", ""description"": ""由项目成员关系、角色权限点和数据范围交集派生。"", ""failure_description"": ""请求被拒绝且状态、数据库和事件均不发生非预期变化""}"
ACC-R3-1179,USR-SCN-085,,BR-PERM-0100,CT-R3-1179,P6,SPECIFIED,EXPECTED_NOT_EXECUTED,EVID-SPEC-1179,Runner/模型管理员无项目范围时仅查看脱敏技术元数据,"{""outcome"": ""SUCCESS_OR_RULE_DEFINED_REJECTION"", ""description"": ""动作“Runner/模型管理员无项目范围时仅查看脱敏技术元数据”完成并形成可追溯结果。"", ""failure_description"": ""返回明确失败原因且不部分提交""}"
ACC-R3-1180,USR-SCN-085,,BR-PERM-0101,CT-R3-1180,P8,SPECIFIED,EXPECTED_NOT_EXECUTED,EVID-SPEC-1180,记录“敏感数据访问与审计”的发起主体、参与主体、对象ID、权限与数据范围判定、状态前后值、结果/原因码和时间。,"{""outcome"": ""SUCCESS_OR_RULE_DEFINED_REJECTION"", ""description"": ""记录“敏感数据访问与审计”的发起主体、参与主体、对象ID、权限与数据范围判定、状态前后值、结果/原因码和时间。"", ""failure_description"": ""返回明确失败原因且不部分提交""}"
ACC-R3-1181,USR-SCN-085,,BR-PERM-0102,CT-R3-1181,P8,SPECIFIED,EXPECTED_NOT_EXECUTED,EVID-SPEC-1181,不声明业务状态回滚；敏感读取必须在返回前完成权限与访问审计，审计不可用时阻断敏感响应。,"{""outcome"": ""SUCCESS_OR_RULE_DEFINED_REJECTION"", ""description"": ""不声明业务状态回滚；敏感读取必须在返回前完成权限与访问审计，审计不可用时阻断敏感响应。"", ""failure_description"": ""返回明确失败原因且不部分提交""}"
ACC-R3-1182,USR-SCN-085,,BR-PERM-0103,CT-R3-1182,P5,SPECIFIED,EXPECTED_NOT_EXECUTED,EVID-SPEC-1182,发起敏感数据访问与审计,"{""outcome"": ""SUCCESS_OR_RULE_DEFINED_REJECTION"", ""description"": ""短期访问令牌和凭证版本校验"", ""failure_description"": ""并发门禁不通过时按规则等待、拒绝或返回既有幂等结果。""}"
ACC-R3-1183,USR-SCN-085,,BR-PERM-0104,CT-R3-1183,P2,SPECIFIED,EXPECTED_NOT_EXECUTED,EVID-SPEC-1183,发起敏感数据访问与审计,"{""outcome"": ""SUCCESS_OR_RULE_DEFINED_REJECTION"", ""description"": ""“敏感数据访问与审计”的读取、写入和历史查询仅作用于明确授权项目及active_scope/history_read_scope；敏感数据另行校验独立权限。"", ""failure_description"": ""超出数据范围时拒绝操作并记录审计。""}"
ACC-R3-1184,USR-SCN-085,,BR-PERM-0105,CT-R3-1184,P6,SPECIFIED,EXPECTED_NOT_EXECUTED,EVID-SPEC-1184,发起敏感数据访问与审计,"{""outcome"": ""SUCCESS_OR_RULE_DEFINED_REJECTION"", ""description"": ""审计写入失败时要求事务回滚的高风险操作不得提交"", ""failure_description"": ""审计写入失败时要求事务回滚的高风险操作不得提交""}"
ACC-R3-1185,USR-SCN-085,,BR-PERM-0106,CT-R3-1185,P8,SPECIFIED,EXPECTED_NOT_EXECUTED,EVID-SPEC-1185,发起敏感数据访问与审计,"{""outcome"": ""SUCCESS_OR_RULE_DEFINED_REJECTION"", ""description"": ""在“敏感数据访问与审计”中，失败判定必须满足：事务/补偿策略：READ_ONLY。。"", ""failure_description"": ""事务/补偿策略：READ_ONLY。""}"
ACC-R3-1186,USR-SCN-085,,BR-PERM-0107,CT-R3-1186,P6,SPECIFIED,EXPECTED_NOT_EXECUTED,EVID-SPEC-1186,识别数据敏感级别和所属项目,"{""outcome"": ""SUCCESS_OR_RULE_DEFINED_REJECTION"", ""description"": ""动作“识别数据敏感级别和所属项目”完成并形成可追溯结果。"", ""failure_description"": ""返回明确失败原因且不部分提交""}"
ACC-R3-1187,USR-SCN-085,,BR-PERM-0108,CT-R3-1187,P6,SPECIFIED,EXPECTED_NOT_EXECUTED,EVID-SPEC-1187,校验独立查看/下载/凭证/项目范围权限,"{""outcome"": ""SUCCESS_OR_RULE_DEFINED_REJECTION"", ""description"": ""动作“校验独立查看/下载/凭证/项目范围权限”完成并形成可追溯结果。"", ""failure_description"": ""返回明确失败原因且不部分提交""}"
ACC-R3-1188,USR-SCN-085,,BR-PERM-0109,CT-R3-1188,P6,SPECIFIED,EXPECTED_NOT_EXECUTED,EVID-SPEC-1188,输出脱敏视图或受控短期访问,"{""outcome"": ""SUCCESS_OR_RULE_DEFINED_REJECTION"", ""description"": ""动作“输出脱敏视图或受控短期访问”完成并形成可追溯结果。"", ""failure_description"": ""返回明确失败原因且不部分提交""}"
ACC-R3-1189,USR-SCN-085,,BR-PERM-0110,CT-R3-1189,P6,SPECIFIED,EXPECTED_NOT_EXECUTED,EVID-SPEC-1189,禁止敏感变量进入日志和报告,"{""outcome"": ""SUCCESS_OR_RULE_DEFINED_REJECTION"", ""description"": ""动作“禁止敏感变量进入日志和报告”完成并形成可追溯结果。"", ""failure_description"": ""返回明确失败原因且不部分提交""}"
ACC-R3-1190,USR-SCN-085,,BR-PERM-0111,CT-R3-1190,P6,SPECIFIED,EXPECTED_NOT_EXECUTED,EVID-SPEC-1190,记录访问与SUPER_ADMIN例外审计,"{""outcome"": ""SUCCESS_OR_RULE_DEFINED_REJECTION"", ""description"": ""动作“记录访问与SUPER_ADMIN例外审计”完成并形成可追溯结果。"", ""failure_description"": ""返回明确失败原因且不部分提交""}"
ACC-R3-1191,USR-SCN-085,,BR-PERM-0112,CT-R3-1191,P2,SPECIFIED,EXPECTED_NOT_EXECUTED,EVID-SPEC-1191,发起敏感数据访问与审计,"{""outcome"": ""SUCCESS_OR_RULE_DEFINED_REJECTION"", ""description"": ""ROLE-REPORT-VIEWER发起“敏感数据访问与审计”前必须具备对应菜单、操作或服务授权；系统主体只按自身服务身份执行；越权时拒绝且不产生业务写入。"", ""failure_description"": ""返回无权限或超范围结果，业务副作用为零。""}"
ACC-R3-1192,USR-SCN-085,,BR-PERM-0113,CT-R3-1192,P8,SPECIFIED,EXPECTED_NOT_EXECUTED,EVID-SPEC-1192,发起敏感数据访问与审计,"{""outcome"": ""SUCCESS_OR_RULE_DEFINED_REJECTION"", ""description"": ""发起主体已登录并具备对应菜单、操作和数据范围权限"", ""failure_description"": ""前置条件不满足时拒绝进入主流程且业务副作用为零。""}"
ACC-R3-1193,USR-SCN-085,,BR-PERM-0114,CT-R3-1193,P8,SPECIFIED,EXPECTED_NOT_EXECUTED,EVID-SPEC-1193,发起敏感数据访问与审计,"{""outcome"": ""SUCCESS_OR_RULE_DEFINED_REJECTION"", ""description"": ""相关项目及依赖对象处于允许状态"", ""failure_description"": ""前置条件不满足时拒绝进入主流程且业务副作用为零。""}"
ACC-R3-1194,USR-SCN-085,,BR-PERM-0115,CT-R3-1194,P6,SPECIFIED,EXPECTED_NOT_EXECUTED,EVID-SPEC-1194,恢复审计能力后重新读取；不修改历史业务事实。,"{""outcome"": ""SUCCESS_OR_RULE_DEFINED_REJECTION"", ""description"": ""恢复审计能力后重新读取；不修改历史业务事实。"", ""failure_description"": ""返回明确失败原因且不部分提交""}"
ACC-R3-1195,USR-SCN-085,,BR-PERM-0116,CT-R3-1195,P6,SPECIFIED,EXPECTED_NOT_EXECUTED,EVID-SPEC-1195,撤销访问令牌、轮换凭证并调查审计事件,"{""outcome"": ""SUCCESS_OR_RULE_DEFINED_REJECTION"", ""description"": ""在“敏感数据访问与审计”中，恢复必须满足：撤销访问令牌、轮换凭证并调查审计事件。"", ""failure_description"": ""返回明确失败原因且不部分提交""}"
ACC-R3-1196,USR-SCN-085,,BR-PERM-0117,CT-R3-1196,P4,SPECIFIED,EXPECTED_NOT_EXECUTED,EVID-SPEC-1196,发起敏感数据访问与审计,"{""outcome"": ""SUCCESS_OR_RULE_DEFINED_REJECTION"", ""description"": ""访问授权不改变源数据状态；审计事件不可变"", ""failure_description"": ""返回明确失败原因且不部分提交""}"
ACC-R3-1197,USR-SCN-085,,BR-PERM-0118,CT-R3-1197,P8,SPECIFIED,EXPECTED_NOT_EXECUTED,EVID-SPEC-1197,发起敏感数据访问与审计,"{""outcome"": ""SUCCESS_OR_RULE_DEFINED_REJECTION"", ""description"": ""敏感内容仅向明确授权主体展示且全程可追溯"", ""failure_description"": ""返回明确失败原因且不部分提交""}"
ACC-R3-1198,USR-SCN-085,,BR-PERM-0119,CT-R3-1198,P6,SPECIFIED,EXPECTED_NOT_EXECUTED,EVID-SPEC-1198,先执行场景门禁，再进入首个业务副作用。,"{""outcome"": ""SUCCESS_OR_RULE_DEFINED_REJECTION"", ""description"": ""当“发起敏感数据访问与审计”发生时，ROLE-REPORT-VIEWER可以发起“敏感数据访问与审计”；发起后必须先完成本场景前置、权限、范围、资源和并发门禁。"", ""failure_description"": ""门禁不通过时不得产生业务副作用。""}"
ACC-R3-1199,,INV-BR-PERM-0120,BR-PERM-0120,CT-R3-1199,P2,SPECIFIED,EXPECTED_NOT_EXECUTED,EVID-SPEC-1199,执行规则对应动作,"{""outcome"": ""SUCCESS_OR_RULE_DEFINED_REJECTION"", ""description"": ""由项目成员关系、角色权限点和数据范围交集派生。"", ""failure_description"": ""请求被拒绝且状态、数据库和事件均不发生非预期变化""}"
ACC-R3-1200,,INV-BR-PERM-0121,BR-PERM-0121,CT-R3-1200,P2,SPECIFIED,EXPECTED_NOT_EXECUTED,EVID-SPEC-1200,执行规则对应动作,"{""outcome"": ""SUCCESS_OR_RULE_DEFINED_REJECTION"", ""description"": ""由项目成员关系、角色权限点和数据范围交集派生。"", ""failure_description"": ""请求被拒绝且状态、数据库和事件均不发生非预期变化""}"
ACC-R3-1201,,INV-BR-PERM-0122,BR-PERM-0122,CT-R3-1201,P2,SPECIFIED,EXPECTED_NOT_EXECUTED,EVID-SPEC-1201,执行规则对应动作,"{""outcome"": ""SUCCESS_OR_RULE_DEFINED_REJECTION"", ""description"": ""由项目成员关系、角色权限点和数据范围交集派生。"", ""failure_description"": ""请求被拒绝且状态、数据库和事件均不发生非预期变化""}"
ACC-R3-1202,,INV-BR-PERM-0123,BR-PERM-0123,CT-R3-1202,P2,SPECIFIED,EXPECTED_NOT_EXECUTED,EVID-SPEC-1202,执行规则对应动作,"{""outcome"": ""SUCCESS_OR_RULE_DEFINED_REJECTION"", ""description"": ""由项目成员关系、角色权限点和数据范围交集派生。"", ""failure_description"": ""请求被拒绝且状态、数据库和事件均不发生非预期变化""}"
ACC-R3-1203,,INV-BR-PERM-0124,BR-PERM-0124,CT-R3-1203,P2,SPECIFIED,EXPECTED_NOT_EXECUTED,EVID-SPEC-1203,执行规则对应动作,"{""outcome"": ""SUCCESS_OR_RULE_DEFINED_REJECTION"", ""description"": ""由项目成员关系、角色权限点和数据范围交集派生。"", ""failure_description"": ""请求被拒绝且状态、数据库和事件均不发生非预期变化""}"
ACC-R3-1204,,INV-BR-PERM-0125,BR-PERM-0125,CT-R3-1204,P2,SPECIFIED,EXPECTED_NOT_EXECUTED,EVID-SPEC-1204,执行规则对应动作,"{""outcome"": ""SUCCESS_OR_RULE_DEFINED_REJECTION"", ""description"": ""由项目成员关系、角色权限点和数据范围交集派生。"", ""failure_description"": ""请求被拒绝且状态、数据库和事件均不发生非预期变化""}"
ACC-R3-1205,,INV-BR-PERM-0126,BR-PERM-0126,CT-R3-1205,P2,SPECIFIED,EXPECTED_NOT_EXECUTED,EVID-SPEC-1205,执行规则对应动作,"{""outcome"": ""SUCCESS_OR_RULE_DEFINED_REJECTION"", ""description"": ""由项目成员关系、角色权限点和数据范围交集派生。"", ""failure_description"": ""请求被拒绝且状态、数据库和事件均不发生非预期变化""}"
ACC-R3-1206,,INV-BR-PERM-0127,BR-PERM-0127,CT-R3-1206,P2,SPECIFIED,EXPECTED_NOT_EXECUTED,EVID-SPEC-1206,执行规则对应动作,"{""outcome"": ""SUCCESS_OR_RULE_DEFINED_REJECTION"", ""description"": ""由项目成员关系、角色权限点和数据范围交集派生。"", ""failure_description"": ""请求被拒绝且状态、数据库和事件均不发生非预期变化""}"
ACC-R3-1207,,INV-BR-PERM-0128,BR-PERM-0128,CT-R3-1207,P2,SPECIFIED,EXPECTED_NOT_EXECUTED,EVID-SPEC-1207,执行规则对应动作,"{""outcome"": ""SUCCESS_OR_RULE_DEFINED_REJECTION"", ""description"": ""由项目成员关系、角色权限点和数据范围交集派生。"", ""failure_description"": ""请求被拒绝且状态、数据库和事件均不发生非预期变化""}"
ACC-R3-1208,,INV-BR-PERM-0129,BR-PERM-0129,CT-R3-1208,P2,SPECIFIED,EXPECTED_NOT_EXECUTED,EVID-SPEC-1208,执行规则对应动作,"{""outcome"": ""SUCCESS_OR_RULE_DEFINED_REJECTION"", ""description"": ""由项目成员关系、角色权限点和数据范围交集派生。"", ""failure_description"": ""请求被拒绝且状态、数据库和事件均不发生非预期变化""}"
ACC-R3-1209,,INV-BR-PERM-0130,BR-PERM-0130,CT-R3-1209,P2,SPECIFIED,EXPECTED_NOT_EXECUTED,EVID-SPEC-1209,执行规则对应动作,"{""outcome"": ""SUCCESS_OR_RULE_DEFINED_REJECTION"", ""description"": ""由项目成员关系、角色权限点和数据范围交集派生。"", ""failure_description"": ""请求被拒绝且状态、数据库和事件均不发生非预期变化""}"
ACC-R3-1210,,INV-BR-PERM-0131,BR-PERM-0131,CT-R3-1210,P2,SPECIFIED,EXPECTED_NOT_EXECUTED,EVID-SPEC-1210,执行规则对应动作,"{""outcome"": ""SUCCESS_OR_RULE_DEFINED_REJECTION"", ""description"": ""由项目成员关系、角色权限点和数据范围交集派生。"", ""failure_description"": ""请求被拒绝且状态、数据库和事件均不发生非预期变化""}"
ACC-R3-1211,,INV-BR-PERM-0132,BR-PERM-0132,CT-R3-1211,P2,SPECIFIED,EXPECTED_NOT_EXECUTED,EVID-SPEC-1211,执行规则对应动作,"{""outcome"": ""SUCCESS_OR_RULE_DEFINED_REJECTION"", ""description"": ""由项目成员关系、角色权限点和数据范围交集派生。"", ""failure_description"": ""请求被拒绝且状态、数据库和事件均不发生非预期变化""}"
ACC-R3-1212,,INV-BR-PERM-0133,BR-PERM-0133,CT-R3-1212,P2,SPECIFIED,EXPECTED_NOT_EXECUTED,EVID-SPEC-1212,执行规则对应动作,"{""outcome"": ""SUCCESS_OR_RULE_DEFINED_REJECTION"", ""description"": ""项目/平台授权与敏感数据权限共同控制；读取必须审计并脱敏。"", ""failure_description"": ""请求被拒绝且状态、数据库和事件均不发生非预期变化""}"
ACC-R3-1213,,INV-BR-PERM-0134,BR-PERM-0134,CT-R3-1213,P2,SPECIFIED,EXPECTED_NOT_EXECUTED,EVID-SPEC-1213,执行规则对应动作,"{""outcome"": ""SUCCESS_OR_RULE_DEFINED_REJECTION"", ""description"": ""由项目成员关系、角色权限点和数据范围交集派生。"", ""failure_description"": ""请求被拒绝且状态、数据库和事件均不发生非预期变化""}"
ACC-R3-1214,,INV-BR-PERM-0135,BR-PERM-0135,CT-R3-1214,P2,SPECIFIED,EXPECTED_NOT_EXECUTED,EVID-SPEC-1214,执行规则对应动作,"{""outcome"": ""SUCCESS_OR_RULE_DEFINED_REJECTION"", ""description"": ""平台级角色和权限点控制；高风险变更需审计。"", ""failure_description"": ""请求被拒绝且状态、数据库和事件均不发生非预期变化""}"
ACC-R3-1215,,INV-BR-PERM-0136,BR-PERM-0136,CT-R3-1215,P2,SPECIFIED,EXPECTED_NOT_EXECUTED,EVID-SPEC-1215,执行规则对应动作,"{""outcome"": ""SUCCESS_OR_RULE_DEFINED_REJECTION"", ""description"": ""由项目成员关系、角色权限点和数据范围交集派生。"", ""failure_description"": ""请求被拒绝且状态、数据库和事件均不发生非预期变化""}"
ACC-R3-1216,,INV-BR-PERM-0137,BR-PERM-0137,CT-R3-1216,P2,SPECIFIED,EXPECTED_NOT_EXECUTED,EVID-SPEC-1216,执行规则对应动作,"{""outcome"": ""SUCCESS_OR_RULE_DEFINED_REJECTION"", ""description"": ""由项目成员关系、角色权限点和数据范围交集派生。"", ""failure_description"": ""请求被拒绝且状态、数据库和事件均不发生非预期变化""}"
ACC-R3-1217,,INV-BR-PERM-0138,BR-PERM-0138,CT-R3-1217,P2,SPECIFIED,EXPECTED_NOT_EXECUTED,EVID-SPEC-1217,执行规则对应动作,"{""outcome"": ""SUCCESS_OR_RULE_DEFINED_REJECTION"", ""description"": ""平台级角色和权限点控制；高风险变更需审计。"", ""failure_description"": ""请求被拒绝且状态、数据库和事件均不发生非预期变化""}"
ACC-R3-1218,,INV-BR-PERM-0139,BR-PERM-0139,CT-R3-1218,P2,SPECIFIED,EXPECTED_NOT_EXECUTED,EVID-SPEC-1218,工具和Adapter只提供技术能力；平台服务拥有业务对象、状态、权限和审计。,"{""outcome"": ""SUCCESS_OR_RULE_DEFINED_REJECTION"", ""description"": ""工具和Adapter只提供技术能力；平台服务拥有业务对象、状态、权限和审计。"", ""failure_description"": ""返回明确失败原因且不部分提交""}"
ACC-R3-1219,,INV-BR-PERM-0140,BR-PERM-0140,CT-R3-1219,P2,SPECIFIED,EXPECTED_NOT_EXECUTED,EVID-SPEC-1219,执行规则对应动作,"{""outcome"": ""SUCCESS_OR_RULE_DEFINED_REJECTION"", ""description"": ""平台级角色和权限点控制；高风险变更需审计。"", ""failure_description"": ""请求被拒绝且状态、数据库和事件均不发生非预期变化""}"
ACC-R3-1220,,INV-BR-PERM-0141,BR-PERM-0141,CT-R3-1220,P2,SPECIFIED,EXPECTED_NOT_EXECUTED,EVID-SPEC-1220,执行规则对应动作,"{""outcome"": ""SUCCESS_OR_RULE_DEFINED_REJECTION"", ""description"": ""由项目成员关系、角色权限点和数据范围交集派生。"", ""failure_description"": ""请求被拒绝且状态、数据库和事件均不发生非预期变化""}"
ACC-R3-1221,,INV-BR-PERM-0142,BR-PERM-0142,CT-R3-1221,P2,SPECIFIED,EXPECTED_NOT_EXECUTED,EVID-SPEC-1221,执行规则对应动作,"{""outcome"": ""SUCCESS_OR_RULE_DEFINED_REJECTION"", ""description"": ""项目/平台授权与敏感数据权限共同控制；读取必须审计并脱敏。"", ""failure_description"": ""请求被拒绝且状态、数据库和事件均不发生非预期变化""}"
ACC-R3-1222,,INV-BR-PERM-0143,BR-PERM-0143,CT-R3-1222,P2,SPECIFIED,EXPECTED_NOT_EXECUTED,EVID-SPEC-1222,执行规则对应动作,"{""outcome"": ""SUCCESS_OR_RULE_DEFINED_REJECTION"", ""description"": ""平台级角色和权限点控制；高风险变更需审计。"", ""failure_description"": ""请求被拒绝且状态、数据库和事件均不发生非预期变化""}"
ACC-R3-1223,,INV-BR-PERM-0144,BR-PERM-0144,CT-R3-1223,P2,SPECIFIED,EXPECTED_NOT_EXECUTED,EVID-SPEC-1223,仅受控高风险权限,"{""outcome"": ""SUCCESS_OR_RULE_DEFINED_REJECTION"", ""description"": ""PLATFORM_CREDENTIAL类敏感数据的访问规则：仅受控高风险权限。"", ""failure_description"": ""返回明确失败原因且不部分提交""}"
ACC-R3-1224,,INV-BR-PERM-0145,BR-PERM-0145,CT-R3-1224,P2,SPECIFIED,EXPECTED_NOT_EXECUTED,EVID-SPEC-1224,项目授权范围,"{""outcome"": ""SUCCESS_OR_RULE_DEFINED_REJECTION"", ""description"": ""TEST_ACCOUNT类敏感数据的访问规则：项目授权范围。"", ""failure_description"": ""返回明确失败原因且不部分提交""}"
ACC-R3-1225,,INV-BR-PERM-0146,BR-PERM-0146,CT-R3-1225,P2,SPECIFIED,EXPECTED_NOT_EXECUTED,EVID-SPEC-1225,项目与安全权限,"{""outcome"": ""SUCCESS_OR_RULE_DEFINED_REJECTION"", ""description"": ""SSO_IDENTITY类敏感数据的访问规则：项目与安全权限。"", ""failure_description"": ""返回明确失败原因且不部分提交""}"
ACC-R3-1226,,INV-BR-PERM-0147,BR-PERM-0147,CT-R3-1226,P2,SPECIFIED,EXPECTED_NOT_EXECUTED,EVID-SPEC-1226,任务/项目范围,"{""outcome"": ""SUCCESS_OR_RULE_DEFINED_REJECTION"", ""description"": ""BUSINESS_CONTEXT类敏感数据的访问规则：任务/项目范围。"", ""failure_description"": ""返回明确失败原因且不部分提交""}"
ACC-R3-1227,,INV-BR-PERM-0148,BR-PERM-0148,CT-R3-1227,P2,SPECIFIED,EXPECTED_NOT_EXECUTED,EVID-SPEC-1227,项目与报告权限,"{""outcome"": ""SUCCESS_OR_RULE_DEFINED_REJECTION"", ""description"": ""ARTIFACT_CONTENT类敏感数据的访问规则：项目与报告权限。"", ""failure_description"": ""返回明确失败原因且不部分提交""}"
ACC-R3-1228,,INV-BR-PERM-0149,BR-PERM-0149,CT-R3-1228,P2,SPECIFIED,EXPECTED_NOT_EXECUTED,EVID-SPEC-1228,模型管理与审计权限,"{""outcome"": ""SUCCESS_OR_RULE_DEFINED_REJECTION"", ""description"": ""AI_PAYLOAD类敏感数据的访问规则：模型管理与审计权限。"", ""failure_description"": ""返回明确失败原因且不部分提交""}"
ACC-R3-1229,,INV-BR-PERM-0150,BR-PERM-0150,CT-R3-1229,P2,SPECIFIED,EXPECTED_NOT_EXECUTED,EVID-SPEC-1229,执行规则对应动作,"{""outcome"": ""SUCCESS_OR_RULE_DEFINED_REJECTION"", ""description"": ""平台级角色和权限点控制；高风险变更需审计。"", ""failure_description"": ""请求被拒绝且状态、数据库和事件均不发生非预期变化""}"
ACC-R3-1230,,INV-BR-PERM-0151,BR-PERM-0151,CT-R3-1230,P2,SPECIFIED,EXPECTED_NOT_EXECUTED,EVID-SPEC-1230,执行规则对应动作,"{""outcome"": ""SUCCESS_OR_RULE_DEFINED_REJECTION"", ""description"": ""平台级审计权限；只读、不可篡改。"", ""failure_description"": ""请求被拒绝且状态、数据库和事件均不发生非预期变化""}"
ACC-R3-1231,,INV-BR-PERM-0152,BR-PERM-0152,CT-R3-1231,P2,SPECIFIED,EXPECTED_NOT_EXECUTED,EVID-SPEC-1231,执行规则对应动作,"{""outcome"": ""SUCCESS_OR_RULE_DEFINED_REJECTION"", ""description"": ""平台级角色和权限点控制；高风险变更需审计。"", ""failure_description"": ""请求被拒绝且状态、数据库和事件均不发生非预期变化""}"
ACC-R3-1232,,INV-BR-PERM-0153,BR-PERM-0153,CT-R3-1232,P2,SPECIFIED,EXPECTED_NOT_EXECUTED,EVID-SPEC-1232,执行规则对应动作,"{""outcome"": ""SUCCESS_OR_RULE_DEFINED_REJECTION"", ""description"": ""平台级角色和权限点控制；高风险变更需审计。"", ""failure_description"": ""请求被拒绝且状态、数据库和事件均不发生非预期变化""}"
ACC-R3-1233,,INV-BR-PERM-0154,BR-PERM-0154,CT-R3-1233,P2,SPECIFIED,EXPECTED_NOT_EXECUTED,EVID-SPEC-1233,执行规则对应动作,"{""outcome"": ""SUCCESS_OR_RULE_DEFINED_REJECTION"", ""description"": ""平台级角色和权限点控制；高风险变更需审计。"", ""failure_description"": ""请求被拒绝且状态、数据库和事件均不发生非预期变化""}"
ACC-R3-1234,USR-SCN-042,,BR-PLAN-0001,CT-R3-1234,P6,SPECIFIED,EXPECTED_NOT_EXECUTED,EVID-SPEC-1234,重复提交返回同一任务；可指定Runner但忙碌时按规则等待,"{""outcome"": ""SUCCESS_OR_RULE_DEFINED_REJECTION"", ""description"": ""动作“重复提交返回同一任务；可指定Runner但忙碌时按规则等待”完成并形成可追溯结果。"", ""failure_description"": ""返回明确失败原因且不部分提交""}"
ACC-R3-1235,USR-SCN-042|USR-SCN-050|USR-SCN-051|USR-SCN-052|USR-SCN-055|USR-SCN-056,,BR-PLAN-0002,CT-R3-1235,P8,SPECIFIED,EXPECTED_NOT_EXECUTED,EVID-SPEC-1235,发起手工发起执行任务,"{""outcome"": ""SUCCESS_OR_RULE_DEFINED_REJECTION"", ""description"": ""产生并关联业务审计记录"", ""failure_description"": ""返回明确失败原因且不部分提交""}"
ACC-R3-1236,USR-SCN-042,,BR-PLAN-0003,CT-R3-1236,P8,SPECIFIED,EXPECTED_NOT_EXECUTED,EVID-SPEC-1236,记录“手工发起执行任务”的发起主体、参与主体、对象ID、权限与数据范围判定、状态前后值、结果/原因码和时间。,"{""outcome"": ""SUCCESS_OR_RULE_DEFINED_REJECTION"", ""description"": ""记录“手工发起执行任务”的发起主体、参与主体、对象ID、权限与数据范围判定、状态前后值、结果/原因码和时间。"", ""failure_description"": ""返回明确失败原因且不部分提交""}"
ACC-R3-1237,USR-SCN-042|USR-SCN-050,,BR-PLAN-0004,CT-R3-1237,P8,SPECIFIED,EXPECTED_NOT_EXECUTED,EVID-SPEC-1237,受理命令和初始状态在本地原子提交；异步步骤失败不得宣称全局回滚，必须进入明确失败/等待状态并创建恢复或补偿命令。,"{""outcome"": ""SUCCESS_OR_RULE_DEFINED_REJECTION"", ""description"": ""受理命令和初始状态在本地原子提交；异步步骤失败不得宣称全局回滚，必须进入明确失败/等待状态并创建恢复或补偿命令。"", ""failure_description"": ""返回明确失败原因且不部分提交""}"
ACC-R3-1238,USR-SCN-042,,BR-PLAN-0005,CT-R3-1238,P5,SPECIFIED,EXPECTED_NOT_EXECUTED,EVID-SPEC-1238,发起手工发起执行任务,"{""outcome"": ""SUCCESS_OR_RULE_DEFINED_REJECTION"", ""description"": ""在“手工发起执行任务”中，并发校验必须满足：任务幂等；账号identity_key、环境锁和Runner槽位预检。"", ""failure_description"": ""并发门禁不通过时按规则等待、拒绝或返回既有幂等结果。""}"
ACC-R3-1239,USR-SCN-042,,BR-PLAN-0006,CT-R3-1239,P2,SPECIFIED,EXPECTED_NOT_EXECUTED,EVID-SPEC-1239,发起手工发起执行任务,"{""outcome"": ""SUCCESS_OR_RULE_DEFINED_REJECTION"", ""description"": ""“手工发起执行任务”的读取、写入和历史查询仅作用于明确授权项目及active_scope/history_read_scope；敏感数据另行校验独立权限。"", ""failure_description"": ""超出数据范围时拒绝操作并记录审计。""}"
ACC-R3-1240,USR-SCN-042,,BR-PLAN-0007,CT-R3-1240,P6,SPECIFIED,EXPECTED_NOT_EXECUTED,EVID-SPEC-1240,发起手工发起执行任务,"{""outcome"": ""SUCCESS_OR_RULE_DEFINED_REJECTION"", ""description"": ""在“手工发起执行任务”中，异常流程必须满足：依赖失效、同账号冲突、无可用Runner或越权时拒绝/等待。"", ""failure_description"": ""依赖失效、同账号冲突、无可用Runner或越权时拒绝/等待""}"
ACC-R3-1241,USR-SCN-042|USR-SCN-050|USR-SCN-051|USR-SCN-052|USR-SCN-055|USR-SCN-056,,BR-PLAN-0008,CT-R3-1241,P8,SPECIFIED,EXPECTED_NOT_EXECUTED,EVID-SPEC-1241,发起手工发起执行任务,"{""outcome"": ""SUCCESS_OR_RULE_DEFINED_REJECTION"", ""description"": ""任一前置、权限、数据范围、并发或明确资源条件不满足，或未进入声明状态、产生越权/重复副作用、证据未密封、审计缺失时失败。"", ""failure_description"": ""任一前置、权限、数据范围、并发或明确资源条件不满足，或未进入声明状态、产生越权/重复副作用、证据未密封、审计缺失时失败。""}"
ACC-R3-1242,USR-SCN-042,,BR-PLAN-0009,CT-R3-1242,P8,SPECIFIED,EXPECTED_NOT_EXECUTED,EVID-SPEC-1242,发起手工发起执行任务,"{""outcome"": ""SUCCESS_OR_RULE_DEFINED_REJECTION"", ""description"": ""在“手工发起执行任务”中，失败判定必须满足：事务/补偿策略：ASYNC_ORCHESTRATION。。"", ""failure_description"": ""事务/补偿策略：ASYNC_ORCHESTRATION。""}"
ACC-R3-1243,USR-SCN-042,,BR-PLAN-0010,CT-R3-1243,P6,SPECIFIED,EXPECTED_NOT_EXECUTED,EVID-SPEC-1243,选择用例/套件或授权计划,"{""outcome"": ""SUCCESS_OR_RULE_DEFINED_REJECTION"", ""description"": ""动作“选择用例/套件或授权计划”完成并形成可追溯结果。"", ""failure_description"": ""返回明确失败原因且不部分提交""}"
ACC-R3-1244,USR-SCN-042,,BR-PLAN-0011,CT-R3-1244,P6,SPECIFIED,EXPECTED_NOT_EXECUTED,EVID-SPEC-1244,解析并固化项目、环境、终端、账号、数据、模型和制品策略快照,"{""outcome"": ""SUCCESS_OR_RULE_DEFINED_REJECTION"", ""description"": ""动作“解析并固化项目、环境、终端、账号、数据、模型和制品策略快照”完成并形成可追溯结果。"", ""failure_description"": ""返回明确失败原因且不部分提交""}"
ACC-R3-1245,USR-SCN-042,,BR-PLAN-0012,CT-R3-1245,P6,SPECIFIED,EXPECTED_NOT_EXECUTED,EVID-SPEC-1245,生成幂等键,"{""outcome"": ""SUCCESS_OR_RULE_DEFINED_REJECTION"", ""description"": ""动作“生成幂等键”完成并形成可追溯结果。"", ""failure_description"": ""返回明确失败原因且不部分提交""}"
ACC-R3-1246,USR-SCN-042,,BR-PLAN-0013,CT-R3-1246,P6,SPECIFIED,EXPECTED_NOT_EXECUTED,EVID-SPEC-1246,执行账号/环境/资源并发预检,"{""outcome"": ""SUCCESS_OR_RULE_DEFINED_REJECTION"", ""description"": ""动作“执行账号/环境/资源并发预检”完成并形成可追溯结果。"", ""failure_description"": ""返回明确失败原因且不部分提交""}"
ACC-R3-1247,USR-SCN-042,,BR-PLAN-0014,CT-R3-1247,P6,SPECIFIED,EXPECTED_NOT_EXECUTED,EVID-SPEC-1247,创建执行根任务并入队,"{""outcome"": ""SUCCESS_OR_RULE_DEFINED_REJECTION"", ""description"": ""动作“创建执行根任务并入队”完成并形成可追溯结果。"", ""failure_description"": ""返回明确失败原因且不部分提交""}"
ACC-R3-1248,USR-SCN-042,,BR-PLAN-0015,CT-R3-1248,P2,SPECIFIED,EXPECTED_NOT_EXECUTED,EVID-SPEC-1248,发起手工发起执行任务,"{""outcome"": ""SUCCESS_OR_RULE_DEFINED_REJECTION"", ""description"": ""ROLE-TASK-EXECUTOR发起“手工发起执行任务”前必须具备对应菜单、操作或服务授权；系统主体只按自身服务身份执行；越权时拒绝且不产生业务写入。"", ""failure_description"": ""返回无权限或超范围结果，业务副作用为零。""}"
ACC-R3-1249,USR-SCN-042,,BR-PLAN-0016,CT-R3-1249,P8,SPECIFIED,EXPECTED_NOT_EXECUTED,EVID-SPEC-1249,发起手工发起执行任务,"{""outcome"": ""SUCCESS_OR_RULE_DEFINED_REJECTION"", ""description"": ""在“手工发起执行任务”中，前置条件必须满足：发起人具有RUN_TASK_CREATE、项目和引用对象范围。"", ""failure_description"": ""前置条件不满足时拒绝进入主流程且业务副作用为零。""}"
ACC-R3-1250,USR-SCN-042,,BR-PLAN-0017,CT-R3-1250,P8,SPECIFIED,EXPECTED_NOT_EXECUTED,EVID-SPEC-1250,发起手工发起执行任务,"{""outcome"": ""SUCCESS_OR_RULE_DEFINED_REJECTION"", ""description"": ""依赖校验有效"", ""failure_description"": ""前置条件不满足时拒绝进入主流程且业务副作用为零。""}"
ACC-R3-1251,USR-SCN-042|USR-SCN-050,,BR-PLAN-0018,CT-R3-1251,P6,SPECIFIED,EXPECTED_NOT_EXECUTED,EVID-SPEC-1251,密封已产生证据，按幂等恢复命令继续或补偿；旧执行记录保持不可变。,"{""outcome"": ""SUCCESS_OR_RULE_DEFINED_REJECTION"", ""description"": ""密封已产生证据，按幂等恢复命令继续或补偿；旧执行记录保持不可变。"", ""failure_description"": ""返回明确失败原因且不部分提交""}"
ACC-R3-1252,USR-SCN-042,,BR-PLAN-0019,CT-R3-1252,P6,SPECIFIED,EXPECTED_NOT_EXECUTED,EVID-SPEC-1252,修正依赖或等待资源后重新提交；重复请求不得重复建任务,"{""outcome"": ""SUCCESS_OR_RULE_DEFINED_REJECTION"", ""description"": ""修正依赖或等待资源后重新提交；重复请求不得重复建任务"", ""failure_description"": ""返回明确失败原因且不部分提交""}"
ACC-R3-1253,USR-SCN-042|USR-SCN-050|USR-SCN-051|USR-SCN-052|USR-SCN-055|USR-SCN-056,,BR-PLAN-0020,CT-R3-1253,P8,SPECIFIED,EXPECTED_NOT_EXECUTED,EVID-SPEC-1253,执行规则对应动作,"{""outcome"": ""SUCCESS_OR_RULE_DEFINED_REJECTION"", ""description"": ""平台存储/审计：REQUIRED；predicate=TRUE; 平台存储/审计不可用时不得执行对应业务副作用；进入明确的PRESTART_BLOCKED、WAITING_RESOURCE或场景失败结果，并记录资源原因。"", ""failure_description"": ""资源条件不满足时不得执行对应业务副作用；进入明确等待、阻断或失败结果。""}"
ACC-R3-1254,USR-SCN-042|USR-SCN-050|USR-SCN-055,,BR-PLAN-0021,CT-R3-1254,P8,SPECIFIED,EXPECTED_NOT_EXECUTED,EVID-SPEC-1254,执行规则对应动作,"{""outcome"": ""SUCCESS_OR_RULE_DEFINED_REJECTION"", ""description"": ""被测环境：REQUIRED_AT_EXECUTION；predicate=TRUE_WHEN_EXECUTION_STARTS; 被测环境不可用时不得执行对应业务副作用；进入明确的PRESTART_BLOCKED、WAITING_RESOURCE或场景失败结果，并记录资源原因。"", ""failure_description"": ""资源条件不满足时不得执行对应业务副作用；进入明确等待、阻断或失败结果。""}"
ACC-R3-1255,USR-SCN-042,,BR-PLAN-0022,CT-R3-1255,P4,SPECIFIED,EXPECTED_NOT_EXECUTED,EVID-SPEC-1255,发起手工发起执行任务,"{""outcome"": ""SUCCESS_OR_RULE_DEFINED_REJECTION"", ""description"": ""执行根任务: CREATED→QUEUED"", ""failure_description"": ""返回明确失败原因且不部分提交""}"
ACC-R3-1256,USR-SCN-042,,BR-PLAN-0023,CT-R3-1256,P8,SPECIFIED,EXPECTED_NOT_EXECUTED,EVID-SPEC-1256,发起手工发起执行任务,"{""outcome"": ""SUCCESS_OR_RULE_DEFINED_REJECTION"", ""description"": ""任务快照完整、不可被后续配置变化改写且只创建一次"", ""failure_description"": ""返回明确失败原因且不部分提交""}"
ACC-R3-1257,USR-SCN-042,,BR-PLAN-0024,CT-R3-1257,P6,SPECIFIED,EXPECTED_NOT_EXECUTED,EVID-SPEC-1257,先执行场景门禁，再进入首个业务副作用。,"{""outcome"": ""SUCCESS_OR_RULE_DEFINED_REJECTION"", ""description"": ""当“发起手工发起执行任务”发生时，ROLE-TASK-EXECUTOR可以发起“手工发起执行任务”；发起后必须先完成本场景前置、权限、范围、资源和并发门禁。"", ""failure_description"": ""门禁不通过时不得产生业务副作用。""}"
ACC-R3-1258,USR-SCN-041,,BR-PLAN-0025,CT-R3-1258,P6,SPECIFIED,EXPECTED_NOT_EXECUTED,EVID-SPEC-1258,计划可PAUSED或DISABLED；SERVICE_ACCOUNT仅可触发allowed_execution_plan_ids内FORMAL计划,"{""outcome"": ""SUCCESS_OR_RULE_DEFINED_REJECTION"", ""description"": ""动作“计划可PAUSED或DISABLED；SERVICE_ACCOUNT仅可触发allowed_execution_plan_ids内FORMAL计划”完成并形成可追溯结果。"", ""failure_description"": ""返回明确失败原因且不部分提交""}"
ACC-R3-1259,USR-SCN-041,,BR-PLAN-0026,CT-R3-1259,P8,SPECIFIED,EXPECTED_NOT_EXECUTED,EVID-SPEC-1259,发起创建执行计划,"{""outcome"": ""SUCCESS_OR_RULE_DEFINED_REJECTION"", ""description"": ""产生并关联业务审计记录"", ""failure_description"": ""返回明确失败原因且不部分提交""}"
ACC-R3-1260,USR-SCN-041,,BR-PLAN-0027,CT-R3-1260,P8,SPECIFIED,EXPECTED_NOT_EXECUTED,EVID-SPEC-1260,记录“创建执行计划”的发起主体、参与主体、对象ID、权限与数据范围判定、状态前后值、结果/原因码和时间。,"{""outcome"": ""SUCCESS_OR_RULE_DEFINED_REJECTION"", ""description"": ""记录“创建执行计划”的发起主体、参与主体、对象ID、权限与数据范围判定、状态前后值、结果/原因码和时间。"", ""failure_description"": ""返回明确失败原因且不部分提交""}"
ACC-R3-1261,USR-SCN-041,,BR-PLAN-0028,CT-R3-1261,P8,SPECIFIED,EXPECTED_NOT_EXECUTED,EVID-SPEC-1261,本地状态变化、不可变事件和审计在同一原子提交边界内完成；提交前审计失败则不提交或回滚本地变化。,"{""outcome"": ""SUCCESS_OR_RULE_DEFINED_REJECTION"", ""description"": ""在“创建执行计划”中，审计必须满足：本地状态变化、不可变事件和审计在同一原子提交边界内完成；提交前审计失败则不提交或回滚本地变化。。"", ""failure_description"": ""返回明确失败原因且不部分提交""}"
ACC-R3-1262,USR-SCN-041,,BR-PLAN-0029,CT-R3-1262,P5,SPECIFIED,EXPECTED_NOT_EXECUTED,EVID-SPEC-1262,发起创建执行计划,"{""outcome"": ""SUCCESS_OR_RULE_DEFINED_REJECTION"", ""description"": ""计划指针和修订CAS；调度触发使用幂等键"", ""failure_description"": ""并发门禁不通过时按规则等待、拒绝或返回既有幂等结果。""}"
ACC-R3-1263,USR-SCN-041,,BR-PLAN-0030,CT-R3-1263,P2,SPECIFIED,EXPECTED_NOT_EXECUTED,EVID-SPEC-1263,发起创建执行计划,"{""outcome"": ""SUCCESS_OR_RULE_DEFINED_REJECTION"", ""description"": ""“创建执行计划”的读取、写入和历史查询仅作用于明确授权项目及active_scope/history_read_scope；敏感数据另行校验独立权限。"", ""failure_description"": ""超出数据范围时拒绝操作并记录审计。""}"
ACC-R3-1264,USR-SCN-041,,BR-PLAN-0031,CT-R3-1264,P6,SPECIFIED,EXPECTED_NOT_EXECUTED,EVID-SPEC-1264,发起创建执行计划,"{""outcome"": ""SUCCESS_OR_RULE_DEFINED_REJECTION"", ""description"": ""依赖失效、配置继承冲突、安全禁止或修订INVALID时禁止触发"", ""failure_description"": ""依赖失效、配置继承冲突、安全禁止或修订INVALID时禁止触发""}"
ACC-R3-1265,USR-SCN-041,,BR-PLAN-0032,CT-R3-1265,P8,SPECIFIED,EXPECTED_NOT_EXECUTED,EVID-SPEC-1265,发起创建执行计划,"{""outcome"": ""SUCCESS_OR_RULE_DEFINED_REJECTION"", ""description"": ""任一前置、权限、数据范围、并发或明确资源条件不满足，或未进入声明状态、产生越权/重复副作用、证据未密封、审计缺失时失败。"", ""failure_description"": ""任一前置、权限、数据范围、并发或明确资源条件不满足，或未进入声明状态、产生越权/重复副作用、证据未密封、审计缺失时失败。""}"
ACC-R3-1266,USR-SCN-041,,BR-PLAN-0033,CT-R3-1266,P8,SPECIFIED,EXPECTED_NOT_EXECUTED,EVID-SPEC-1266,发起创建执行计划,"{""outcome"": ""SUCCESS_OR_RULE_DEFINED_REJECTION"", ""description"": ""在“创建执行计划”中，失败判定必须满足：事务/补偿策略：LOCAL_TRANSACTION。。"", ""failure_description"": ""事务/补偿策略：LOCAL_TRANSACTION。""}"
ACC-R3-1267,USR-SCN-041,,BR-PLAN-0034,CT-R3-1267,P6,SPECIFIED,EXPECTED_NOT_EXECUTED,EVID-SPEC-1267,创建计划主记录和不可变修订,"{""outcome"": ""SUCCESS_OR_RULE_DEFINED_REJECTION"", ""description"": ""动作“创建计划主记录和不可变修订”完成并形成可追溯结果。"", ""failure_description"": ""返回明确失败原因且不部分提交""}"
ACC-R3-1268,USR-SCN-041,,BR-PLAN-0035,CT-R3-1268,P6,SPECIFIED,EXPECTED_NOT_EXECUTED,EVID-SPEC-1268,选择套件/用例版本、环境、账号、数据和Runner条件,"{""outcome"": ""SUCCESS_OR_RULE_DEFINED_REJECTION"", ""description"": ""动作“选择套件/用例版本、环境、账号、数据和Runner条件”完成并形成可追溯结果。"", ""failure_description"": ""返回明确失败原因且不部分提交""}"
ACC-R3-1269,USR-SCN-041,,BR-PLAN-0036,CT-R3-1269,P6,SPECIFIED,EXPECTED_NOT_EXECUTED,EVID-SPEC-1269,配置手工/定时/API触发,"{""outcome"": ""SUCCESS_OR_RULE_DEFINED_REJECTION"", ""description"": ""动作“配置手工/定时/API触发”完成并形成可追溯结果。"", ""failure_description"": ""返回明确失败原因且不部分提交""}"
ACC-R3-1270,USR-SCN-041,,BR-PLAN-0037,CT-R3-1270,P6,SPECIFIED,EXPECTED_NOT_EXECUTED,EVID-SPEC-1270,解析多层配置并固化依赖指纹,"{""outcome"": ""SUCCESS_OR_RULE_DEFINED_REJECTION"", ""description"": ""动作“解析多层配置并固化依赖指纹”完成并形成可追溯结果。"", ""failure_description"": ""返回明确失败原因且不部分提交""}"
ACC-R3-1271,USR-SCN-041,,BR-PLAN-0038,CT-R3-1271,P6,SPECIFIED,EXPECTED_NOT_EXECUTED,EVID-SPEC-1271,校验修订为VALID,"{""outcome"": ""SUCCESS_OR_RULE_DEFINED_REJECTION"", ""description"": ""动作“校验修订为VALID”完成并形成可追溯结果。"", ""failure_description"": ""返回明确失败原因且不部分提交""}"
ACC-R3-1272,USR-SCN-041,,BR-PLAN-0039,CT-R3-1272,P6,SPECIFIED,EXPECTED_NOT_EXECUTED,EVID-SPEC-1272,启用计划,"{""outcome"": ""SUCCESS_OR_RULE_DEFINED_REJECTION"", ""description"": ""动作“启用计划”完成并形成可追溯结果。"", ""failure_description"": ""返回明确失败原因且不部分提交""}"
ACC-R3-1273,USR-SCN-041,,BR-PLAN-0040,CT-R3-1273,P2,SPECIFIED,EXPECTED_NOT_EXECUTED,EVID-SPEC-1273,发起创建执行计划,"{""outcome"": ""SUCCESS_OR_RULE_DEFINED_REJECTION"", ""description"": ""ROLE-TEST-LEAD发起“创建执行计划”前必须具备对应菜单、操作或服务授权；系统主体只按自身服务身份执行；越权时拒绝且不产生业务写入。"", ""failure_description"": ""返回无权限或超范围结果，业务副作用为零。""}"
ACC-R3-1274,USR-SCN-041,,BR-PLAN-0041,CT-R3-1274,P8,SPECIFIED,EXPECTED_NOT_EXECUTED,EVID-SPEC-1274,发起创建执行计划,"{""outcome"": ""SUCCESS_OR_RULE_DEFINED_REJECTION"", ""description"": ""发起主体已登录并具备对应菜单、操作和数据范围权限"", ""failure_description"": ""前置条件不满足时拒绝进入主流程且业务副作用为零。""}"
ACC-R3-1275,USR-SCN-041,,BR-PLAN-0042,CT-R3-1275,P8,SPECIFIED,EXPECTED_NOT_EXECUTED,EVID-SPEC-1275,发起创建执行计划,"{""outcome"": ""SUCCESS_OR_RULE_DEFINED_REJECTION"", ""description"": ""相关项目及依赖对象处于允许状态"", ""failure_description"": ""前置条件不满足时拒绝进入主流程且业务副作用为零。""}"
ACC-R3-1276,USR-SCN-041,,BR-PLAN-0043,CT-R3-1276,P6,SPECIFIED,EXPECTED_NOT_EXECUTED,EVID-SPEC-1276,修复前置原因后使用幂等命令重试；不得改写已提交历史。,"{""outcome"": ""SUCCESS_OR_RULE_DEFINED_REJECTION"", ""description"": ""修复前置原因后使用幂等命令重试；不得改写已提交历史。"", ""failure_description"": ""返回明确失败原因且不部分提交""}"
ACC-R3-1277,USR-SCN-041,,BR-PLAN-0044,CT-R3-1277,P6,SPECIFIED,EXPECTED_NOT_EXECUTED,EVID-SPEC-1277,生成新修订并重新校验；参数回滚创建新有效修订,"{""outcome"": ""SUCCESS_OR_RULE_DEFINED_REJECTION"", ""description"": ""生成新修订并重新校验；参数回滚创建新有效修订"", ""failure_description"": ""返回明确失败原因且不部分提交""}"
ACC-R3-1278,USR-SCN-041,,BR-PLAN-0045,CT-R3-1278,P8,SPECIFIED,EXPECTED_NOT_EXECUTED,EVID-SPEC-1278,执行规则对应动作,"{""outcome"": ""SUCCESS_OR_RULE_DEFINED_REJECTION"", ""description"": ""平台存储/审计：REQUIRED；predicate=TRUE; 平台存储/审计不可用时不得执行对应业务副作用；进入明确的PRESTART_BLOCKED、WAITING_RESOURCE或场景失败结果，并记录资源原因。"", ""failure_description"": ""资源条件不满足时不得执行对应业务副作用；进入明确等待、阻断或失败结果。""}"
ACC-R3-1279,USR-SCN-041,,BR-PLAN-0046,CT-R3-1279,P4,SPECIFIED,EXPECTED_NOT_EXECUTED,EVID-SPEC-1279,发起创建执行计划,"{""outcome"": ""SUCCESS_OR_RULE_DEFINED_REJECTION"", ""description"": ""计划: ENABLED↔PAUSED→DISABLED→ARCHIVED"", ""failure_description"": ""返回明确失败原因且不部分提交""}"
ACC-R3-1280,USR-SCN-041,,BR-PLAN-0047,CT-R3-1280,P4,SPECIFIED,EXPECTED_NOT_EXECUTED,EVID-SPEC-1280,发起创建执行计划,"{""outcome"": ""SUCCESS_OR_RULE_DEFINED_REJECTION"", ""description"": ""修订校验: VALID/NEEDS_ATTENTION/INVALID"", ""failure_description"": ""返回明确失败原因且不部分提交""}"
ACC-R3-1281,USR-SCN-041,,BR-PLAN-0048,CT-R3-1281,P8,SPECIFIED,EXPECTED_NOT_EXECUTED,EVID-SPEC-1281,发起创建执行计划,"{""outcome"": ""SUCCESS_OR_RULE_DEFINED_REJECTION"", ""description"": ""启用计划的引用、权限、快照和触发规则均可验证"", ""failure_description"": ""返回明确失败原因且不部分提交""}"
ACC-R3-1282,USR-SCN-041,,BR-PLAN-0049,CT-R3-1282,P6,SPECIFIED,EXPECTED_NOT_EXECUTED,EVID-SPEC-1282,先执行场景门禁，再进入首个业务副作用。,"{""outcome"": ""SUCCESS_OR_RULE_DEFINED_REJECTION"", ""description"": ""当“发起创建执行计划”发生时，ROLE-TEST-LEAD可以发起“创建执行计划”；发起后必须先完成本场景前置、权限、范围、资源和并发门禁。"", ""failure_description"": ""门禁不通过时不得产生业务副作用。""}"
ACC-R3-1283,USR-SCN-010,,BR-PROJECT-0001,CT-R3-1283,P6,SPECIFIED,EXPECTED_NOT_EXECUTED,EVID-SPEC-1283,合格创建人可自动成为负责人；平台管理员代建时指定负责人,"{""outcome"": ""SUCCESS_OR_RULE_DEFINED_REJECTION"", ""description"": ""动作“合格创建人可自动成为负责人；平台管理员代建时指定负责人”完成并形成可追溯结果。"", ""failure_description"": ""返回明确失败原因且不部分提交""}"
ACC-R3-1284,USR-SCN-010,,BR-PROJECT-0002,CT-R3-1284,P6,SPECIFIED,EXPECTED_NOT_EXECUTED,EVID-SPEC-1284,最后一名负责人无合格候选而将失效时，SUPER_ADMIN受控指定合格USER并写入应急审计,"{""outcome"": ""SUCCESS_OR_RULE_DEFINED_REJECTION"", ""description"": ""动作“最后一名负责人无合格候选而将失效时，SUPER_ADMIN受控指定合格USER并写入应急审计”完成并形成可追溯结果。"", ""failure_description"": ""返回明确失败原因且不部分提交""}"
ACC-R3-1285,USR-SCN-010|USR-SCN-081,,BR-PROJECT-0003,CT-R3-1285,P8,SPECIFIED,EXPECTED_NOT_EXECUTED,EVID-SPEC-1285,发起创建和配置项目,"{""outcome"": ""SUCCESS_OR_RULE_DEFINED_REJECTION"", ""description"": ""产生并关联业务审计记录"", ""failure_description"": ""返回明确失败原因且不部分提交""}"
ACC-R3-1286,USR-SCN-010,,BR-PROJECT-0004,CT-R3-1286,P8,SPECIFIED,EXPECTED_NOT_EXECUTED,EVID-SPEC-1286,记录“创建和配置项目”的发起主体、参与主体、对象ID、权限与数据范围判定、状态前后值、结果/原因码和时间。,"{""outcome"": ""SUCCESS_OR_RULE_DEFINED_REJECTION"", ""description"": ""记录“创建和配置项目”的发起主体、参与主体、对象ID、权限与数据范围判定、状态前后值、结果/原因码和时间。"", ""failure_description"": ""返回明确失败原因且不部分提交""}"
ACC-R3-1287,USR-SCN-010,,BR-PROJECT-0005,CT-R3-1287,P8,SPECIFIED,EXPECTED_NOT_EXECUTED,EVID-SPEC-1287,本地状态变化、不可变事件和审计在同一原子提交边界内完成；提交前审计失败则不提交或回滚本地变化。,"{""outcome"": ""SUCCESS_OR_RULE_DEFINED_REJECTION"", ""description"": ""在“创建和配置项目”中，审计必须满足：本地状态变化、不可变事件和审计在同一原子提交边界内完成；提交前审计失败则不提交或回滚本地变化。。"", ""failure_description"": ""返回明确失败原因且不部分提交""}"
ACC-R3-1288,USR-SCN-010,,BR-PROJECT-0006,CT-R3-1288,P5,SPECIFIED,EXPECTED_NOT_EXECUTED,EVID-SPEC-1288,发起创建和配置项目,"{""outcome"": ""SUCCESS_OR_RULE_DEFINED_REJECTION"", ""description"": ""写操作使用幂等键和CAS，运行时按正式锁/租约规则"", ""failure_description"": ""并发门禁不通过时按规则等待、拒绝或返回既有幂等结果。""}"
ACC-R3-1289,USR-SCN-010,,BR-PROJECT-0007,CT-R3-1289,P2,SPECIFIED,EXPECTED_NOT_EXECUTED,EVID-SPEC-1289,发起创建和配置项目,"{""outcome"": ""SUCCESS_OR_RULE_DEFINED_REJECTION"", ""description"": ""创建命令作用于平台级项目创建范围；项目创建成功后才建立目标项目、首个成员及active/history范围。"", ""failure_description"": ""超出数据范围时拒绝操作并记录审计。""}"
ACC-R3-1290,USR-SCN-010,,BR-PROJECT-0008,CT-R3-1290,P6,SPECIFIED,EXPECTED_NOT_EXECUTED,EVID-SPEC-1290,发起创建和配置项目,"{""outcome"": ""SUCCESS_OR_RULE_DEFINED_REJECTION"", ""description"": ""在“创建和配置项目”中，异常流程必须满足：任一初始化失败整体回滚。"", ""failure_description"": ""任一初始化失败整体回滚""}"
ACC-R3-1291,USR-SCN-010,,BR-PROJECT-0009,CT-R3-1291,P6,SPECIFIED,EXPECTED_NOT_EXECUTED,EVID-SPEC-1291,发起创建和配置项目,"{""outcome"": ""SUCCESS_OR_RULE_DEFINED_REJECTION"", ""description"": ""SERVICE_ACCOUNT不得作为首个负责人"", ""failure_description"": ""SERVICE_ACCOUNT不得作为首个负责人""}"
ACC-R3-1292,USR-SCN-010|USR-SCN-081,,BR-PROJECT-0010,CT-R3-1292,P8,SPECIFIED,EXPECTED_NOT_EXECUTED,EVID-SPEC-1292,发起创建和配置项目,"{""outcome"": ""SUCCESS_OR_RULE_DEFINED_REJECTION"", ""description"": ""任一前置、权限、数据范围、并发或明确资源条件不满足，或未进入声明状态、产生越权/重复副作用、证据未密封、审计缺失时失败。"", ""failure_description"": ""任一前置、权限、数据范围、并发或明确资源条件不满足，或未进入声明状态、产生越权/重复副作用、证据未密封、审计缺失时失败。""}"
ACC-R3-1293,USR-SCN-010,,BR-PROJECT-0011,CT-R3-1293,P8,SPECIFIED,EXPECTED_NOT_EXECUTED,EVID-SPEC-1293,发起创建和配置项目,"{""outcome"": ""SUCCESS_OR_RULE_DEFINED_REJECTION"", ""description"": ""在“创建和配置项目”中，失败判定必须满足：事务/补偿策略：LOCAL_TRANSACTION。。"", ""failure_description"": ""事务/补偿策略：LOCAL_TRANSACTION。""}"
ACC-R3-1294,USR-SCN-010,,BR-PROJECT-0012,CT-R3-1294,P6,SPECIFIED,EXPECTED_NOT_EXECUTED,EVID-SPEC-1294,创建项目主记录,"{""outcome"": ""SUCCESS_OR_RULE_DEFINED_REJECTION"", ""description"": ""动作“创建项目主记录”完成并形成可追溯结果。"", ""failure_description"": ""返回明确失败原因且不部分提交""}"
ACC-R3-1295,USR-SCN-010,,BR-PROJECT-0013,CT-R3-1295,P6,SPECIFIED,EXPECTED_NOT_EXECUTED,EVID-SPEC-1295,同事务创建首个USER成员,"{""outcome"": ""SUCCESS_OR_RULE_DEFINED_REJECTION"", ""description"": ""动作“同事务创建首个USER成员”完成并形成可追溯结果。"", ""failure_description"": ""返回明确失败原因且不部分提交""}"
ACC-R3-1296,USR-SCN-010,,BR-PROJECT-0014,CT-R3-1296,P6,SPECIFIED,EXPECTED_NOT_EXECUTED,EVID-SPEC-1296,赋予项目负责人和项目配置维护职责,"{""outcome"": ""SUCCESS_OR_RULE_DEFINED_REJECTION"", ""description"": ""动作“赋予项目负责人和项目配置维护职责”完成并形成可追溯结果。"", ""failure_description"": ""返回明确失败原因且不部分提交""}"
ACC-R3-1297,USR-SCN-010,,BR-PROJECT-0015,CT-R3-1297,P6,SPECIFIED,EXPECTED_NOT_EXECUTED,EVID-SPEC-1297,初始化七个active/history范围为ALL,"{""outcome"": ""SUCCESS_OR_RULE_DEFINED_REJECTION"", ""description"": ""动作“初始化七个active/history范围为ALL”完成并形成可追溯结果。"", ""failure_description"": ""返回明确失败原因且不部分提交""}"
ACC-R3-1298,USR-SCN-010,,BR-PROJECT-0016,CT-R3-1298,P6,SPECIFIED,EXPECTED_NOT_EXECUTED,EVID-SPEC-1298,初始化必要子对象并审计,"{""outcome"": ""SUCCESS_OR_RULE_DEFINED_REJECTION"", ""description"": ""动作“初始化必要子对象并审计”完成并形成可追溯结果。"", ""failure_description"": ""返回明确失败原因且不部分提交""}"
ACC-R3-1299,USR-SCN-010,,BR-PROJECT-0017,CT-R3-1299,P2,SPECIFIED,EXPECTED_NOT_EXECUTED,EVID-SPEC-1299,发起创建和配置项目,"{""outcome"": ""SUCCESS_OR_RULE_DEFINED_REJECTION"", ""description"": ""发起主体必须具备PROJECT_CREATE；指定负责人资格通过PROJECT_OWNER_ELIGIBLE单独校验；不得以待创建项目的既有成员范围作为前置。"", ""failure_description"": ""返回无权限或超范围结果，业务副作用为零。""}"
ACC-R3-1300,USR-SCN-010,,BR-PROJECT-0018,CT-R3-1300,P8,SPECIFIED,EXPECTED_NOT_EXECUTED,EVID-SPEC-1300,发起创建和配置项目,"{""outcome"": ""SUCCESS_OR_RULE_DEFINED_REJECTION"", ""description"": ""在“创建和配置项目”中，前置条件必须满足：发起主体具备PROJECT_CREATE。"", ""failure_description"": ""前置条件不满足时拒绝进入主流程且业务副作用为零。""}"
ACC-R3-1301,USR-SCN-010,,BR-PROJECT-0019,CT-R3-1301,P8,SPECIFIED,EXPECTED_NOT_EXECUTED,EVID-SPEC-1301,发起创建和配置项目,"{""outcome"": ""SUCCESS_OR_RULE_DEFINED_REJECTION"", ""description"": ""指定首个项目负责人通过PROJECT_OWNER_ELIGIBLE资格校验"", ""failure_description"": ""前置条件不满足时拒绝进入主流程且业务副作用为零。""}"
ACC-R3-1302,USR-SCN-010,,BR-PROJECT-0020,CT-R3-1302,P8,SPECIFIED,EXPECTED_NOT_EXECUTED,EVID-SPEC-1302,发起创建和配置项目,"{""outcome"": ""SUCCESS_OR_RULE_DEFINED_REJECTION"", ""description"": ""在“创建和配置项目”中，前置条件必须满足：项目唯一标识未占用。"", ""failure_description"": ""前置条件不满足时拒绝进入主流程且业务副作用为零。""}"
ACC-R3-1303,USR-SCN-010|USR-SCN-081,,BR-PROJECT-0021,CT-R3-1303,P6,SPECIFIED,EXPECTED_NOT_EXECUTED,EVID-SPEC-1303,修复前置原因后使用幂等命令重试；不得改写已提交历史。,"{""outcome"": ""SUCCESS_OR_RULE_DEFINED_REJECTION"", ""description"": ""修复前置原因后使用幂等命令重试；不得改写已提交历史。"", ""failure_description"": ""返回明确失败原因且不部分提交""}"
ACC-R3-1304,USR-SCN-010,,BR-PROJECT-0022,CT-R3-1304,P6,SPECIFIED,EXPECTED_NOT_EXECUTED,EVID-SPEC-1304,事务回滚后修正负责人或唯一性重试,"{""outcome"": ""SUCCESS_OR_RULE_DEFINED_REJECTION"", ""description"": ""在“创建和配置项目”中，恢复必须满足：事务回滚后修正负责人或唯一性重试。"", ""failure_description"": ""返回明确失败原因且不部分提交""}"
ACC-R3-1305,USR-SCN-010|USR-SCN-081,,BR-PROJECT-0023,CT-R3-1305,P8,SPECIFIED,EXPECTED_NOT_EXECUTED,EVID-SPEC-1305,执行规则对应动作,"{""outcome"": ""SUCCESS_OR_RULE_DEFINED_REJECTION"", ""description"": ""平台存储/审计：REQUIRED；predicate=TRUE; 平台存储/审计不可用时不得执行对应业务副作用；进入明确的PRESTART_BLOCKED、WAITING_RESOURCE或场景失败结果，并记录资源原因。"", ""failure_description"": ""资源条件不满足时不得执行对应业务副作用；进入明确等待、阻断或失败结果。""}"
ACC-R3-1306,USR-SCN-010,,BR-PROJECT-0024,CT-R3-1306,P4,SPECIFIED,EXPECTED_NOT_EXECUTED,EVID-SPEC-1306,发起创建和配置项目,"{""outcome"": ""SUCCESS_OR_RULE_DEFINED_REJECTION"", ""description"": ""项目: 不存在→DRAFT→ENABLED"", ""failure_description"": ""返回明确失败原因且不部分提交""}"
ACC-R3-1307,USR-SCN-010,,BR-PROJECT-0025,CT-R3-1307,P4,SPECIFIED,EXPECTED_NOT_EXECUTED,EVID-SPEC-1307,发起创建和配置项目,"{""outcome"": ""SUCCESS_OR_RULE_DEFINED_REJECTION"", ""description"": ""项目成员: 不存在→ACTIVE"", ""failure_description"": ""返回明确失败原因且不部分提交""}"
ACC-R3-1308,USR-SCN-010,,BR-PROJECT-0026,CT-R3-1308,P8,SPECIFIED,EXPECTED_NOT_EXECUTED,EVID-SPEC-1308,发起创建和配置项目,"{""outcome"": ""SUCCESS_OR_RULE_DEFINED_REJECTION"", ""description"": ""项目启用前至少存在一名有效负责人且无部分初始化"", ""failure_description"": ""返回明确失败原因且不部分提交""}"
ACC-R3-1309,USR-SCN-010,,BR-PROJECT-0027,CT-R3-1309,P6,SPECIFIED,EXPECTED_NOT_EXECUTED,EVID-SPEC-1309,先执行场景门禁，再进入首个业务副作用。,"{""outcome"": ""SUCCESS_OR_RULE_DEFINED_REJECTION"", ""description"": ""当“发起创建和配置项目”发生时，ROLE-PLATFORM-ADMIN可以发起“创建和配置项目”；发起后必须先完成本场景前置、权限、范围、资源和并发门禁。"", ""failure_description"": ""门禁不通过时不得产生业务副作用。""}"
ACC-R3-1310,USR-SCN-011,,BR-PROJECT-0028,CT-R3-1310,P6,SPECIFIED,EXPECTED_NOT_EXECUTED,EVID-SPEC-1310,不完整配置可以保存草稿但不能用于正式执行,"{""outcome"": ""SUCCESS_OR_RULE_DEFINED_REJECTION"", ""description"": ""动作“不完整配置可以保存草稿但不能用于正式执行”完成并形成可追溯结果。"", ""failure_description"": ""返回明确失败原因且不部分提交""}"
ACC-R3-1311,USR-SCN-011,,BR-PROJECT-0029,CT-R3-1311,P8,SPECIFIED,EXPECTED_NOT_EXECUTED,EVID-SPEC-1311,发起配置测试环境,"{""outcome"": ""SUCCESS_OR_RULE_DEFINED_REJECTION"", ""description"": ""产生并关联业务审计记录"", ""failure_description"": ""返回明确失败原因且不部分提交""}"
ACC-R3-1312,USR-SCN-011,,BR-PROJECT-0030,CT-R3-1312,P8,SPECIFIED,EXPECTED_NOT_EXECUTED,EVID-SPEC-1312,记录“配置测试环境”的发起主体、参与主体、对象ID、权限与数据范围判定、状态前后值、结果/原因码和时间。,"{""outcome"": ""SUCCESS_OR_RULE_DEFINED_REJECTION"", ""description"": ""记录“配置测试环境”的发起主体、参与主体、对象ID、权限与数据范围判定、状态前后值、结果/原因码和时间。"", ""failure_description"": ""返回明确失败原因且不部分提交""}"
ACC-R3-1313,USR-SCN-011,,BR-PROJECT-0031,CT-R3-1313,P8,SPECIFIED,EXPECTED_NOT_EXECUTED,EVID-SPEC-1313,本地状态变化、不可变事件和审计在同一原子提交边界内完成；提交前审计失败则不提交或回滚本地变化。,"{""outcome"": ""SUCCESS_OR_RULE_DEFINED_REJECTION"", ""description"": ""在“配置测试环境”中，审计必须满足：本地状态变化、不可变事件和审计在同一原子提交边界内完成；提交前审计失败则不提交或回滚本地变化。。"", ""failure_description"": ""返回明确失败原因且不部分提交""}"
ACC-R3-1314,USR-SCN-011,,BR-PROJECT-0032,CT-R3-1314,P5,SPECIFIED,EXPECTED_NOT_EXECUTED,EVID-SPEC-1314,发起配置测试环境,"{""outcome"": ""SUCCESS_OR_RULE_DEFINED_REJECTION"", ""description"": ""环境修订使用CAS；运行任务读取固化快照"", ""failure_description"": ""并发门禁不通过时按规则等待、拒绝或返回既有幂等结果。""}"
ACC-R3-1315,USR-SCN-011,,BR-PROJECT-0033,CT-R3-1315,P2,SPECIFIED,EXPECTED_NOT_EXECUTED,EVID-SPEC-1315,发起配置测试环境,"{""outcome"": ""SUCCESS_OR_RULE_DEFINED_REJECTION"", ""description"": ""“配置测试环境”的读取、写入和历史查询仅作用于明确授权项目及active_scope/history_read_scope；敏感数据另行校验独立权限。"", ""failure_description"": ""超出数据范围时拒绝操作并记录审计。""}"
ACC-R3-1316,USR-SCN-011,,BR-PROJECT-0034,CT-R3-1316,P6,SPECIFIED,EXPECTED_NOT_EXECUTED,EVID-SPEC-1316,发起配置测试环境,"{""outcome"": ""SUCCESS_OR_RULE_DEFINED_REJECTION"", ""description"": ""在“配置测试环境”中，异常流程必须满足：项目/环境停用、诊断失败或破坏运行快照的修改被拒绝。"", ""failure_description"": ""项目/环境停用、诊断失败或破坏运行快照的修改被拒绝""}"
ACC-R3-1317,USR-SCN-011,,BR-PROJECT-0035,CT-R3-1317,P8,SPECIFIED,EXPECTED_NOT_EXECUTED,EVID-SPEC-1317,发起配置测试环境,"{""outcome"": ""SUCCESS_OR_RULE_DEFINED_REJECTION"", ""description"": ""任一前置、权限、数据范围、并发或明确资源条件不满足，或未进入声明状态、产生越权/重复副作用、证据未密封、审计缺失时失败。"", ""failure_description"": ""任一前置、权限、数据范围、并发或明确资源条件不满足，或未进入声明状态、产生越权/重复副作用、证据未密封、审计缺失时失败。""}"
ACC-R3-1318,USR-SCN-011,,BR-PROJECT-0036,CT-R3-1318,P8,SPECIFIED,EXPECTED_NOT_EXECUTED,EVID-SPEC-1318,发起配置测试环境,"{""outcome"": ""SUCCESS_OR_RULE_DEFINED_REJECTION"", ""description"": ""在“配置测试环境”中，失败判定必须满足：事务/补偿策略：LOCAL_TRANSACTION。。"", ""failure_description"": ""事务/补偿策略：LOCAL_TRANSACTION。""}"
ACC-R3-1319,USR-SCN-011,,BR-PROJECT-0037,CT-R3-1319,P6,SPECIFIED,EXPECTED_NOT_EXECUTED,EVID-SPEC-1319,创建环境草稿,"{""outcome"": ""SUCCESS_OR_RULE_DEFINED_REJECTION"", ""description"": ""动作“创建环境草稿”完成并形成可追溯结果。"", ""failure_description"": ""返回明确失败原因且不部分提交""}"
ACC-R3-1320,USR-SCN-011,,BR-PROJECT-0038,CT-R3-1320,P6,SPECIFIED,EXPECTED_NOT_EXECUTED,EVID-SPEC-1320,配置地址、网络和访问参数,"{""outcome"": ""SUCCESS_OR_RULE_DEFINED_REJECTION"", ""description"": ""动作“配置地址、网络和访问参数”完成并形成可追溯结果。"", ""failure_description"": ""返回明确失败原因且不部分提交""}"
ACC-R3-1321,USR-SCN-011,,BR-PROJECT-0039,CT-R3-1321,P6,SPECIFIED,EXPECTED_NOT_EXECUTED,EVID-SPEC-1321,执行配置期诊断,"{""outcome"": ""SUCCESS_OR_RULE_DEFINED_REJECTION"", ""description"": ""动作“执行配置期诊断”完成并形成可追溯结果。"", ""failure_description"": ""返回明确失败原因且不部分提交""}"
ACC-R3-1322,USR-SCN-011,,BR-PROJECT-0040,CT-R3-1322,P6,SPECIFIED,EXPECTED_NOT_EXECUTED,EVID-SPEC-1322,发布有效修订,"{""outcome"": ""SUCCESS_OR_RULE_DEFINED_REJECTION"", ""description"": ""动作“发布有效修订”完成并形成可追溯结果。"", ""failure_description"": ""返回明确失败原因且不部分提交""}"
ACC-R3-1323,USR-SCN-011,,BR-PROJECT-0041,CT-R3-1323,P6,SPECIFIED,EXPECTED_NOT_EXECUTED,EVID-SPEC-1323,供终端、计划和任务引用,"{""outcome"": ""SUCCESS_OR_RULE_DEFINED_REJECTION"", ""description"": ""动作“供终端、计划和任务引用”完成并形成可追溯结果。"", ""failure_description"": ""返回明确失败原因且不部分提交""}"
ACC-R3-1324,USR-SCN-011,,BR-PROJECT-0042,CT-R3-1324,P2,SPECIFIED,EXPECTED_NOT_EXECUTED,EVID-SPEC-1324,发起配置测试环境,"{""outcome"": ""SUCCESS_OR_RULE_DEFINED_REJECTION"", ""description"": ""ROLE-PROJECT-FUNCTION-ADMIN发起“配置测试环境”前必须具备对应菜单、操作或服务授权；系统主体只按自身服务身份执行；越权时拒绝且不产生业务写入。"", ""failure_description"": ""返回无权限或超范围结果，业务副作用为零。""}"
ACC-R3-1325,USR-SCN-011,,BR-PROJECT-0043,CT-R3-1325,P8,SPECIFIED,EXPECTED_NOT_EXECUTED,EVID-SPEC-1325,发起配置测试环境,"{""outcome"": ""SUCCESS_OR_RULE_DEFINED_REJECTION"", ""description"": ""在“配置测试环境”中，前置条件必须满足：项目ENABLED。"", ""failure_description"": ""前置条件不满足时拒绝进入主流程且业务副作用为零。""}"
ACC-R3-1326,USR-SCN-011,,BR-PROJECT-0044,CT-R3-1326,P8,SPECIFIED,EXPECTED_NOT_EXECUTED,EVID-SPEC-1326,发起配置测试环境,"{""outcome"": ""SUCCESS_OR_RULE_DEFINED_REJECTION"", ""description"": ""在“配置测试环境”中，前置条件必须满足：具备环境操作权限和项目范围。"", ""failure_description"": ""前置条件不满足时拒绝进入主流程且业务副作用为零。""}"
ACC-R3-1327,USR-SCN-011,,BR-PROJECT-0045,CT-R3-1327,P6,SPECIFIED,EXPECTED_NOT_EXECUTED,EVID-SPEC-1327,修复前置原因后使用幂等命令重试；不得改写已提交历史。,"{""outcome"": ""SUCCESS_OR_RULE_DEFINED_REJECTION"", ""description"": ""修复前置原因后使用幂等命令重试；不得改写已提交历史。"", ""failure_description"": ""返回明确失败原因且不部分提交""}"
ACC-R3-1328,USR-SCN-011,,BR-PROJECT-0046,CT-R3-1328,P6,SPECIFIED,EXPECTED_NOT_EXECUTED,EVID-SPEC-1328,修复新修订并重新诊断发布,"{""outcome"": ""SUCCESS_OR_RULE_DEFINED_REJECTION"", ""description"": ""修复新修订并重新诊断发布"", ""failure_description"": ""返回明确失败原因且不部分提交""}"
ACC-R3-1329,USR-SCN-011,,BR-PROJECT-0047,CT-R3-1329,P8,SPECIFIED,EXPECTED_NOT_EXECUTED,EVID-SPEC-1329,执行规则对应动作,"{""outcome"": ""SUCCESS_OR_RULE_DEFINED_REJECTION"", ""description"": ""平台存储/审计：REQUIRED；predicate=TRUE; 平台存储/审计不可用时不得执行对应业务副作用；进入明确的PRESTART_BLOCKED、WAITING_RESOURCE或场景失败结果，并记录资源原因。"", ""failure_description"": ""资源条件不满足时不得执行对应业务副作用；进入明确等待、阻断或失败结果。""}"
ACC-R3-1330,USR-SCN-011,,BR-PROJECT-0048,CT-R3-1330,P4,SPECIFIED,EXPECTED_NOT_EXECUTED,EVID-SPEC-1330,发起配置测试环境,"{""outcome"": ""SUCCESS_OR_RULE_DEFINED_REJECTION"", ""description"": ""环境: DRAFT→ENABLED→DISABLED→ARCHIVED"", ""failure_description"": ""返回明确失败原因且不部分提交""}"
ACC-R3-1331,USR-SCN-011,,BR-PROJECT-0049,CT-R3-1331,P8,SPECIFIED,EXPECTED_NOT_EXECUTED,EVID-SPEC-1331,发起配置测试环境,"{""outcome"": ""SUCCESS_OR_RULE_DEFINED_REJECTION"", ""description"": ""发布修订可被Runner访问且历史任务快照不变"", ""failure_description"": ""返回明确失败原因且不部分提交""}"
ACC-R3-1332,USR-SCN-011,,BR-PROJECT-0050,CT-R3-1332,P6,SPECIFIED,EXPECTED_NOT_EXECUTED,EVID-SPEC-1332,先执行场景门禁，再进入首个业务副作用。,"{""outcome"": ""SUCCESS_OR_RULE_DEFINED_REJECTION"", ""description"": ""当“发起配置测试环境”发生时，ROLE-PROJECT-FUNCTION-ADMIN可以发起“配置测试环境”；发起后必须先完成本场景前置、权限、范围、资源和并发门禁。"", ""failure_description"": ""门禁不通过时不得产生业务副作用。""}"
ACC-R3-1333,USR-SCN-012,,BR-PROJECT-0051,CT-R3-1333,P6,SPECIFIED,EXPECTED_NOT_EXECUTED,EVID-SPEC-1333,同项目可配置多个业务终端并被跨端用例按序引用,"{""outcome"": ""SUCCESS_OR_RULE_DEFINED_REJECTION"", ""description"": ""动作“同项目可配置多个业务终端并被跨端用例按序引用”完成并形成可追溯结果。"", ""failure_description"": ""返回明确失败原因且不部分提交""}"
ACC-R3-1334,USR-SCN-012,,BR-PROJECT-0052,CT-R3-1334,P8,SPECIFIED,EXPECTED_NOT_EXECUTED,EVID-SPEC-1334,发起配置业务终端,"{""outcome"": ""SUCCESS_OR_RULE_DEFINED_REJECTION"", ""description"": ""产生并关联业务审计记录"", ""failure_description"": ""返回明确失败原因且不部分提交""}"
ACC-R3-1335,USR-SCN-012,,BR-PROJECT-0053,CT-R3-1335,P8,SPECIFIED,EXPECTED_NOT_EXECUTED,EVID-SPEC-1335,记录“配置业务终端”的发起主体、参与主体、对象ID、权限与数据范围判定、状态前后值、结果/原因码和时间。,"{""outcome"": ""SUCCESS_OR_RULE_DEFINED_REJECTION"", ""description"": ""记录“配置业务终端”的发起主体、参与主体、对象ID、权限与数据范围判定、状态前后值、结果/原因码和时间。"", ""failure_description"": ""返回明确失败原因且不部分提交""}"
ACC-R3-1336,USR-SCN-012,,BR-PROJECT-0054,CT-R3-1336,P8,SPECIFIED,EXPECTED_NOT_EXECUTED,EVID-SPEC-1336,本地状态变化、不可变事件和审计在同一原子提交边界内完成；提交前审计失败则不提交或回滚本地变化。,"{""outcome"": ""SUCCESS_OR_RULE_DEFINED_REJECTION"", ""description"": ""在“配置业务终端”中，审计必须满足：本地状态变化、不可变事件和审计在同一原子提交边界内完成；提交前审计失败则不提交或回滚本地变化。。"", ""failure_description"": ""返回明确失败原因且不部分提交""}"
ACC-R3-1337,USR-SCN-012,,BR-PROJECT-0055,CT-R3-1337,P5,SPECIFIED,EXPECTED_NOT_EXECUTED,EVID-SPEC-1337,发起配置业务终端,"{""outcome"": ""SUCCESS_OR_RULE_DEFINED_REJECTION"", ""description"": ""写操作使用幂等键和CAS，运行时按正式锁/租约规则"", ""failure_description"": ""并发门禁不通过时按规则等待、拒绝或返回既有幂等结果。""}"
ACC-R3-1338,USR-SCN-012,,BR-PROJECT-0056,CT-R3-1338,P2,SPECIFIED,EXPECTED_NOT_EXECUTED,EVID-SPEC-1338,发起配置业务终端,"{""outcome"": ""SUCCESS_OR_RULE_DEFINED_REJECTION"", ""description"": ""“配置业务终端”的读取、写入和历史查询仅作用于明确授权项目及active_scope/history_read_scope；敏感数据另行校验独立权限。"", ""failure_description"": ""超出数据范围时拒绝操作并记录审计。""}"
ACC-R3-1339,USR-SCN-012,,BR-PROJECT-0057,CT-R3-1339,P6,SPECIFIED,EXPECTED_NOT_EXECUTED,EVID-SPEC-1339,发起配置业务终端,"{""outcome"": ""SUCCESS_OR_RULE_DEFINED_REJECTION"", ""description"": ""停用终端禁止新任务引用"", ""failure_description"": ""停用终端禁止新任务引用""}"
ACC-R3-1340,USR-SCN-012,,BR-PROJECT-0058,CT-R3-1340,P6,SPECIFIED,EXPECTED_NOT_EXECUTED,EVID-SPEC-1340,发起配置业务终端,"{""outcome"": ""SUCCESS_OR_RULE_DEFINED_REJECTION"", ""description"": ""不得把Web终端配置为原生Windows/Android控件方案"", ""failure_description"": ""不得把Web终端配置为原生Windows/Android控件方案""}"
ACC-R3-1341,USR-SCN-012,,BR-PROJECT-0059,CT-R3-1341,P8,SPECIFIED,EXPECTED_NOT_EXECUTED,EVID-SPEC-1341,发起配置业务终端,"{""outcome"": ""SUCCESS_OR_RULE_DEFINED_REJECTION"", ""description"": ""任一前置、权限、数据范围、并发或明确资源条件不满足，或未进入声明状态、产生越权/重复副作用、证据未密封、审计缺失时失败。"", ""failure_description"": ""任一前置、权限、数据范围、并发或明确资源条件不满足，或未进入声明状态、产生越权/重复副作用、证据未密封、审计缺失时失败。""}"
ACC-R3-1342,USR-SCN-012,,BR-PROJECT-0060,CT-R3-1342,P8,SPECIFIED,EXPECTED_NOT_EXECUTED,EVID-SPEC-1342,发起配置业务终端,"{""outcome"": ""SUCCESS_OR_RULE_DEFINED_REJECTION"", ""description"": ""在“配置业务终端”中，失败判定必须满足：事务/补偿策略：LOCAL_TRANSACTION。。"", ""failure_description"": ""事务/补偿策略：LOCAL_TRANSACTION。""}"
ACC-R3-1343,USR-SCN-012,,BR-PROJECT-0061,CT-R3-1343,P6,SPECIFIED,EXPECTED_NOT_EXECUTED,EVID-SPEC-1343,选择Web终端类型,"{""outcome"": ""SUCCESS_OR_RULE_DEFINED_REJECTION"", ""description"": ""动作“选择Web终端类型”完成并形成可追溯结果。"", ""failure_description"": ""返回明确失败原因且不部分提交""}"
ACC-R3-1344,USR-SCN-012,,BR-PROJECT-0062,CT-R3-1344,P6,SPECIFIED,EXPECTED_NOT_EXECUTED,EVID-SPEC-1344,关联环境和访问入口,"{""outcome"": ""SUCCESS_OR_RULE_DEFINED_REJECTION"", ""description"": ""动作“关联环境和访问入口”完成并形成可追溯结果。"", ""failure_description"": ""返回明确失败原因且不部分提交""}"
ACC-R3-1345,USR-SCN-012,,BR-PROJECT-0063,CT-R3-1345,P6,SPECIFIED,EXPECTED_NOT_EXECUTED,EVID-SPEC-1345,配置登录前置和取数规则,"{""outcome"": ""SUCCESS_OR_RULE_DEFINED_REJECTION"", ""description"": ""动作“配置登录前置和取数规则”完成并形成可追溯结果。"", ""failure_description"": ""返回明确失败原因且不部分提交""}"
ACC-R3-1346,USR-SCN-012,,BR-PROJECT-0064,CT-R3-1346,P6,SPECIFIED,EXPECTED_NOT_EXECUTED,EVID-SPEC-1346,声明浏览器/网络能力要求,"{""outcome"": ""SUCCESS_OR_RULE_DEFINED_REJECTION"", ""description"": ""动作“声明浏览器/网络能力要求”完成并形成可追溯结果。"", ""failure_description"": ""返回明确失败原因且不部分提交""}"
ACC-R3-1347,USR-SCN-012,,BR-PROJECT-0065,CT-R3-1347,P6,SPECIFIED,EXPECTED_NOT_EXECUTED,EVID-SPEC-1347,发布终端修订,"{""outcome"": ""SUCCESS_OR_RULE_DEFINED_REJECTION"", ""description"": ""动作“发布终端修订”完成并形成可追溯结果。"", ""failure_description"": ""返回明确失败原因且不部分提交""}"
ACC-R3-1348,USR-SCN-012,,BR-PROJECT-0066,CT-R3-1348,P2,SPECIFIED,EXPECTED_NOT_EXECUTED,EVID-SPEC-1348,发起配置业务终端,"{""outcome"": ""SUCCESS_OR_RULE_DEFINED_REJECTION"", ""description"": ""ROLE-PROJECT-FUNCTION-ADMIN发起“配置业务终端”前必须具备对应菜单、操作或服务授权；系统主体只按自身服务身份执行；越权时拒绝且不产生业务写入。"", ""failure_description"": ""返回无权限或超范围结果，业务副作用为零。""}"
ACC-R3-1349,USR-SCN-012,,BR-PROJECT-0067,CT-R3-1349,P8,SPECIFIED,EXPECTED_NOT_EXECUTED,EVID-SPEC-1349,发起配置业务终端,"{""outcome"": ""SUCCESS_OR_RULE_DEFINED_REJECTION"", ""description"": ""发起主体已登录并具备对应菜单、操作和数据范围权限"", ""failure_description"": ""前置条件不满足时拒绝进入主流程且业务副作用为零。""}"
ACC-R3-1350,USR-SCN-012,,BR-PROJECT-0068,CT-R3-1350,P8,SPECIFIED,EXPECTED_NOT_EXECUTED,EVID-SPEC-1350,发起配置业务终端,"{""outcome"": ""SUCCESS_OR_RULE_DEFINED_REJECTION"", ""description"": ""相关项目及依赖对象处于允许状态"", ""failure_description"": ""前置条件不满足时拒绝进入主流程且业务副作用为零。""}"
ACC-R3-1351,USR-SCN-012,,BR-PROJECT-0069,CT-R3-1351,P6,SPECIFIED,EXPECTED_NOT_EXECUTED,EVID-SPEC-1351,修复前置原因后使用幂等命令重试；不得改写已提交历史。,"{""outcome"": ""SUCCESS_OR_RULE_DEFINED_REJECTION"", ""description"": ""修复前置原因后使用幂等命令重试；不得改写已提交历史。"", ""failure_description"": ""返回明确失败原因且不部分提交""}"
ACC-R3-1352,USR-SCN-012,,BR-PROJECT-0070,CT-R3-1352,P6,SPECIFIED,EXPECTED_NOT_EXECUTED,EVID-SPEC-1352,发布新修订或重新启用后重新验证,"{""outcome"": ""SUCCESS_OR_RULE_DEFINED_REJECTION"", ""description"": ""发布新修订或重新启用后重新验证"", ""failure_description"": ""返回明确失败原因且不部分提交""}"
ACC-R3-1353,USR-SCN-012,,BR-PROJECT-0071,CT-R3-1353,P8,SPECIFIED,EXPECTED_NOT_EXECUTED,EVID-SPEC-1353,执行规则对应动作,"{""outcome"": ""SUCCESS_OR_RULE_DEFINED_REJECTION"", ""description"": ""平台存储/审计：REQUIRED；predicate=TRUE; 平台存储/审计不可用时不得执行对应业务副作用；进入明确的PRESTART_BLOCKED、WAITING_RESOURCE或场景失败结果，并记录资源原因。"", ""failure_description"": ""资源条件不满足时不得执行对应业务副作用；进入明确等待、阻断或失败结果。""}"
ACC-R3-1354,USR-SCN-012,,BR-PROJECT-0072,CT-R3-1354,P4,SPECIFIED,EXPECTED_NOT_EXECUTED,EVID-SPEC-1354,发起配置业务终端,"{""outcome"": ""SUCCESS_OR_RULE_DEFINED_REJECTION"", ""description"": ""终端: DRAFT→ENABLED→DISABLED→ARCHIVED"", ""failure_description"": ""返回明确失败原因且不部分提交""}"
ACC-R3-1355,USR-SCN-012,,BR-PROJECT-0073,CT-R3-1355,P8,SPECIFIED,EXPECTED_NOT_EXECUTED,EVID-SPEC-1355,发起配置业务终端,"{""outcome"": ""SUCCESS_OR_RULE_DEFINED_REJECTION"", ""description"": ""三类Web终端配置可由Playwright Runner执行"", ""failure_description"": ""返回明确失败原因且不部分提交""}"
ACC-R3-1356,USR-SCN-012,,BR-PROJECT-0074,CT-R3-1356,P6,SPECIFIED,EXPECTED_NOT_EXECUTED,EVID-SPEC-1356,先执行场景门禁，再进入首个业务副作用。,"{""outcome"": ""SUCCESS_OR_RULE_DEFINED_REJECTION"", ""description"": ""当“发起配置业务终端”发生时，ROLE-PROJECT-FUNCTION-ADMIN可以发起“配置业务终端”；发起后必须先完成本场景前置、权限、范围、资源和并发门禁。"", ""failure_description"": ""门禁不通过时不得产生业务副作用。""}"
ACC-R3-1357,,INV-BR-RECORD-0001,BR-RECORD-0001,CT-R3-1357,P6,SPECIFIED,EXPECTED_NOT_EXECUTED,EVID-SPEC-1357,人工录制仅检查Runner真实物理资源，不主动抢占或中止已有任务。,"{""outcome"": ""SUCCESS_OR_RULE_DEFINED_REJECTION"", ""description"": ""人工录制仅检查Runner真实物理资源，不主动抢占或中止已有任务。"", ""failure_description"": ""返回明确失败原因且不部分提交""}"
ACC-R3-1358,USR-SCN-033,,BR-RECORD-0002,CT-R3-1358,P6,SPECIFIED,EXPECTED_NOT_EXECUTED,EVID-SPEC-1358,测试负责人按授权可查看或停止项目录制；接管必须使用新fencing,"{""outcome"": ""SUCCESS_OR_RULE_DEFINED_REJECTION"", ""description"": ""动作“测试负责人按授权可查看或停止项目录制；接管必须使用新fencing”完成并形成可追溯结果。"", ""failure_description"": ""返回明确失败原因且不部分提交""}"
ACC-R3-1359,USR-SCN-033|USR-SCN-034|USR-SCN-054,,BR-RECORD-0003,CT-R3-1359,P8,SPECIFIED,EXPECTED_NOT_EXECUTED,EVID-SPEC-1359,发起人工录制单端业务流程,"{""outcome"": ""SUCCESS_OR_RULE_DEFINED_REJECTION"", ""description"": ""产生并关联业务审计记录"", ""failure_description"": ""返回明确失败原因且不部分提交""}"
ACC-R3-1360,USR-SCN-033,,BR-RECORD-0004,CT-R3-1360,P8,SPECIFIED,EXPECTED_NOT_EXECUTED,EVID-SPEC-1360,记录“人工录制单端业务流程”的发起主体、参与主体、对象ID、权限与数据范围判定、状态前后值、结果/原因码和时间。,"{""outcome"": ""SUCCESS_OR_RULE_DEFINED_REJECTION"", ""description"": ""记录“人工录制单端业务流程”的发起主体、参与主体、对象ID、权限与数据范围判定、状态前后值、结果/原因码和时间。"", ""failure_description"": ""返回明确失败原因且不部分提交""}"
ACC-R3-1361,USR-SCN-033|USR-SCN-034|USR-SCN-054,,BR-RECORD-0005,CT-R3-1361,P8,SPECIFIED,EXPECTED_NOT_EXECUTED,EVID-SPEC-1361,受理意图和平台状态在本地原子提交；已发生的Runner、模型、被测系统或组件副作用不得宣称全局回滚，失败时密封证据并执行受控补偿/恢复。,"{""outcome"": ""SUCCESS_OR_RULE_DEFINED_REJECTION"", ""description"": ""受理意图和平台状态在本地原子提交；已发生的Runner、模型、被测系统或组件副作用不得宣称全局回滚，失败时密封证据并执行受控补偿/恢复。"", ""failure_description"": ""返回明确失败原因且不部分提交""}"
ACC-R3-1362,USR-SCN-033,,BR-RECORD-0006,CT-R3-1362,P5,SPECIFIED,EXPECTED_NOT_EXECUTED,EVID-SPEC-1362,发起人工录制单端业务流程,"{""outcome"": ""SUCCESS_OR_RULE_DEFINED_REJECTION"", ""description"": ""在“人工录制单端业务流程”中，并发校验必须满足：不检查环境和账号任务占用；仍检查Runner槽位、设备、文件和测试数据资源；不抢占已有任务。"", ""failure_description"": ""并发门禁不通过时按规则等待、拒绝或返回既有幂等结果。""}"
ACC-R3-1363,USR-SCN-033,,BR-RECORD-0007,CT-R3-1363,P2,SPECIFIED,EXPECTED_NOT_EXECUTED,EVID-SPEC-1363,发起人工录制单端业务流程,"{""outcome"": ""SUCCESS_OR_RULE_DEFINED_REJECTION"", ""description"": ""在“人工录制单端业务流程”中，数据范围必须满足：项目录制任务与制品范围；平台不识别手工输入的真实账号身份。"", ""failure_description"": ""超出数据范围时拒绝操作并记录审计。""}"
ACC-R3-1364,USR-SCN-033,,BR-RECORD-0008,CT-R3-1364,P6,SPECIFIED,EXPECTED_NOT_EXECUTED,EVID-SPEC-1364,发起人工录制单端业务流程,"{""outcome"": ""SUCCESS_OR_RULE_DEFINED_REJECTION"", ""description"": ""在“人工录制单端业务流程”中，异常流程必须满足：暂停超时、WebSocket断开或浏览器崩溃时密封PARTIAL，不复活旧session。"", ""failure_description"": ""暂停超时、WebSocket断开或浏览器崩溃时密封PARTIAL，不复活旧session""}"
ACC-R3-1365,USR-SCN-033|USR-SCN-034|USR-SCN-054,,BR-RECORD-0009,CT-R3-1365,P8,SPECIFIED,EXPECTED_NOT_EXECUTED,EVID-SPEC-1365,发起人工录制单端业务流程,"{""outcome"": ""SUCCESS_OR_RULE_DEFINED_REJECTION"", ""description"": ""任一前置、权限、数据范围、并发或明确资源条件不满足，或未进入声明状态、产生越权/重复副作用、证据未密封、审计缺失时失败。"", ""failure_description"": ""任一前置、权限、数据范围、并发或明确资源条件不满足，或未进入声明状态、产生越权/重复副作用、证据未密封、审计缺失时失败。""}"
ACC-R3-1366,USR-SCN-033,,BR-RECORD-0010,CT-R3-1366,P8,SPECIFIED,EXPECTED_NOT_EXECUTED,EVID-SPEC-1366,发起人工录制单端业务流程,"{""outcome"": ""SUCCESS_OR_RULE_DEFINED_REJECTION"", ""description"": ""在“人工录制单端业务流程”中，失败判定必须满足：事务/补偿策略：EXTERNAL_SIDE_EFFECT。。"", ""failure_description"": ""事务/补偿策略：EXTERNAL_SIDE_EFFECT。""}"
ACC-R3-1367,USR-SCN-033,,BR-RECORD-0011,CT-R3-1367,P6,SPECIFIED,EXPECTED_NOT_EXECUTED,EVID-SPEC-1367,创建录制任务但不选择平台测试账号,"{""outcome"": ""SUCCESS_OR_RULE_DEFINED_REJECTION"", ""description"": ""动作“创建录制任务但不选择平台测试账号”完成并形成可追溯结果。"", ""failure_description"": ""返回明确失败原因且不部分提交""}"
ACC-R3-1368,USR-SCN-033,,BR-RECORD-0012,CT-R3-1368,P6,SPECIFIED,EXPECTED_NOT_EXECUTED,EVID-SPEC-1368,分配Runner活动槽位并建立控制租约,"{""outcome"": ""SUCCESS_OR_RULE_DEFINED_REJECTION"", ""description"": ""动作“分配Runner活动槽位并建立控制租约”完成并形成可追溯结果。"", ""failure_description"": ""返回明确失败原因且不部分提交""}"
ACC-R3-1369,USR-SCN-033,,BR-RECORD-0013,CT-R3-1369,P6,SPECIFIED,EXPECTED_NOT_EXECUTED,EVID-SPEC-1369,打开受控Web浏览器供用户手工操作和输入凭证,"{""outcome"": ""SUCCESS_OR_RULE_DEFINED_REJECTION"", ""description"": ""动作“打开受控Web浏览器供用户手工操作和输入凭证”完成并形成可追溯结果。"", ""failure_description"": ""返回明确失败原因且不部分提交""}"
ACC-R3-1370,USR-SCN-033,,BR-RECORD-0014,CT-R3-1370,P6,SPECIFIED,EXPECTED_NOT_EXECUTED,EVID-SPEC-1370,采集操作、页面、网络和校验点,"{""outcome"": ""SUCCESS_OR_RULE_DEFINED_REJECTION"", ""description"": ""动作“采集操作、页面、网络和校验点”完成并形成可追溯结果。"", ""failure_description"": ""返回明确失败原因且不部分提交""}"
ACC-R3-1371,USR-SCN-033,,BR-RECORD-0015,CT-R3-1371,P6,SPECIFIED,EXPECTED_NOT_EXECUTED,EVID-SPEC-1371,支持暂停/继续/接管/停止,"{""outcome"": ""SUCCESS_OR_RULE_DEFINED_REJECTION"", ""description"": ""动作“支持暂停/继续/接管/停止”完成并形成可追溯结果。"", ""failure_description"": ""返回明确失败原因且不部分提交""}"
ACC-R3-1372,USR-SCN-033,,BR-RECORD-0016,CT-R3-1372,P6,SPECIFIED,EXPECTED_NOT_EXECUTED,EVID-SPEC-1372,密封recording_bundle,"{""outcome"": ""SUCCESS_OR_RULE_DEFINED_REJECTION"", ""description"": ""动作“密封recording_bundle”完成并形成可追溯结果。"", ""failure_description"": ""返回明确失败原因且不部分提交""}"
ACC-R3-1373,USR-SCN-033,,BR-RECORD-0017,CT-R3-1373,P6,SPECIFIED,EXPECTED_NOT_EXECUTED,EVID-SPEC-1373,结构化为用例草稿并提交审核,"{""outcome"": ""SUCCESS_OR_RULE_DEFINED_REJECTION"", ""description"": ""动作“结构化为用例草稿并提交审核”完成并形成可追溯结果。"", ""failure_description"": ""返回明确失败原因且不部分提交""}"
ACC-R3-1374,USR-SCN-033,,BR-RECORD-0018,CT-R3-1374,P2,SPECIFIED,EXPECTED_NOT_EXECUTED,EVID-SPEC-1374,发起人工录制单端业务流程,"{""outcome"": ""SUCCESS_OR_RULE_DEFINED_REJECTION"", ""description"": ""在“人工录制单端业务流程”中，权限校验必须满足：MANUAL_RECORDING_CREATE/CONTROL_SELF；他人查看/停止为独立权限。"", ""failure_description"": ""返回无权限或超范围结果，业务副作用为零。""}"
ACC-R3-1375,USR-SCN-033,,BR-RECORD-0019,CT-R3-1375,P8,SPECIFIED,EXPECTED_NOT_EXECUTED,EVID-SPEC-1375,发起人工录制单端业务流程,"{""outcome"": ""SUCCESS_OR_RULE_DEFINED_REJECTION"", ""description"": ""在“人工录制单端业务流程”中，前置条件必须满足：具备本人录制权限。"", ""failure_description"": ""前置条件不满足时拒绝进入主流程且业务副作用为零。""}"
ACC-R3-1376,USR-SCN-033,,BR-RECORD-0020,CT-R3-1376,P8,SPECIFIED,EXPECTED_NOT_EXECUTED,EVID-SPEC-1376,发起人工录制单端业务流程,"{""outcome"": ""SUCCESS_OR_RULE_DEFINED_REJECTION"", ""description"": ""在“人工录制单端业务流程”中，前置条件必须满足：项目终端有效。"", ""failure_description"": ""前置条件不满足时拒绝进入主流程且业务副作用为零。""}"
ACC-R3-1377,USR-SCN-033,,BR-RECORD-0021,CT-R3-1377,P8,SPECIFIED,EXPECTED_NOT_EXECUTED,EVID-SPEC-1377,发起人工录制单端业务流程,"{""outcome"": ""SUCCESS_OR_RULE_DEFINED_REJECTION"", ""description"": ""在“人工录制单端业务流程”中，前置条件必须满足：有满足真实物理资源的Runner槽位。"", ""failure_description"": ""前置条件不满足时拒绝进入主流程且业务副作用为零。""}"
ACC-R3-1378,USR-SCN-033|USR-SCN-034|USR-SCN-054,,BR-RECORD-0022,CT-R3-1378,P6,SPECIFIED,EXPECTED_NOT_EXECUTED,EVID-SPEC-1378,保留外部副作用与失败原因，创建新的补偿、恢复或重试记录；不得改写旧执行记录。,"{""outcome"": ""SUCCESS_OR_RULE_DEFINED_REJECTION"", ""description"": ""保留外部副作用与失败原因，创建新的补偿、恢复或重试记录；不得改写旧执行记录。"", ""failure_description"": ""返回明确失败原因且不部分提交""}"
ACC-R3-1379,USR-SCN-033,,BR-RECORD-0023,CT-R3-1379,P6,SPECIFIED,EXPECTED_NOT_EXECUTED,EVID-SPEC-1379,PARTIAL后创建新task/run/attempt/session继续；旧session不复活,"{""outcome"": ""SUCCESS_OR_RULE_DEFINED_REJECTION"", ""description"": ""PARTIAL后创建新task/run/attempt/session继续；旧session不复活"", ""failure_description"": ""返回明确失败原因且不部分提交""}"
ACC-R3-1380,USR-SCN-033|USR-SCN-034|USR-SCN-054,,BR-RECORD-0024,CT-R3-1380,P8,SPECIFIED,EXPECTED_NOT_EXECUTED,EVID-SPEC-1380,执行规则对应动作,"{""outcome"": ""SUCCESS_OR_RULE_DEFINED_REJECTION"", ""description"": ""平台存储/审计：REQUIRED；predicate=TRUE; 平台存储/审计不可用时不得执行对应业务副作用；进入明确的PRESTART_BLOCKED、WAITING_RESOURCE或场景失败结果，并记录资源原因。"", ""failure_description"": ""资源条件不满足时不得执行对应业务副作用；进入明确等待、阻断或失败结果。""}"
ACC-R3-1381,USR-SCN-033|USR-SCN-034|USR-SCN-054,,BR-RECORD-0025,CT-R3-1381,P5,SPECIFIED,EXPECTED_NOT_EXECUTED,EVID-SPEC-1381,执行规则对应动作,"{""outcome"": ""SUCCESS_OR_RULE_DEFINED_REJECTION"", ""description"": ""Runner节点：REQUIRED；predicate=TRUE; Runner节点不可用时不得执行对应业务副作用；进入明确的PRESTART_BLOCKED、WAITING_RESOURCE或场景失败结果，并记录资源原因。"", ""failure_description"": ""资源条件不满足时不得执行对应业务副作用；进入明确等待、阻断或失败结果。""}"
ACC-R3-1382,USR-SCN-033|USR-SCN-034|USR-SCN-054,,BR-RECORD-0026,CT-R3-1382,P8,SPECIFIED,EXPECTED_NOT_EXECUTED,EVID-SPEC-1382,执行规则对应动作,"{""outcome"": ""SUCCESS_OR_RULE_DEFINED_REJECTION"", ""description"": ""被测环境：REQUIRED；predicate=TRUE; 被测环境不可用时不得执行对应业务副作用；进入明确的PRESTART_BLOCKED、WAITING_RESOURCE或场景失败结果，并记录资源原因。"", ""failure_description"": ""资源条件不满足时不得执行对应业务副作用；进入明确等待、阻断或失败结果。""}"
ACC-R3-1383,USR-SCN-033,,BR-RECORD-0027,CT-R3-1383,P4,SPECIFIED,EXPECTED_NOT_EXECUTED,EVID-SPEC-1383,发起人工录制单端业务流程,"{""outcome"": ""SUCCESS_OR_RULE_DEFINED_REJECTION"", ""description"": ""recording_task: CREATED→RUNNING→PARTIAL/COMPLETED/CANCELLED"", ""failure_description"": ""返回明确失败原因且不部分提交""}"
ACC-R3-1384,USR-SCN-033,,BR-RECORD-0028,CT-R3-1384,P4,SPECIFIED,EXPECTED_NOT_EXECUTED,EVID-SPEC-1384,发起人工录制单端业务流程,"{""outcome"": ""SUCCESS_OR_RULE_DEFINED_REJECTION"", ""description"": ""session: ACTIVE→PAUSED→SEALED/LOST"", ""failure_description"": ""返回明确失败原因且不部分提交""}"
ACC-R3-1385,USR-SCN-033,,BR-RECORD-0029,CT-R3-1385,P8,SPECIFIED,EXPECTED_NOT_EXECUTED,EVID-SPEC-1385,发起人工录制单端业务流程,"{""outcome"": ""SUCCESS_OR_RULE_DEFINED_REJECTION"", ""description"": ""录制证据密封、结构化结果可追溯且没有错误账号事实"", ""failure_description"": ""返回明确失败原因且不部分提交""}"
ACC-R3-1386,USR-SCN-033,,BR-RECORD-0030,CT-R3-1386,P6,SPECIFIED,EXPECTED_NOT_EXECUTED,EVID-SPEC-1386,先执行场景门禁，再进入首个业务副作用。,"{""outcome"": ""SUCCESS_OR_RULE_DEFINED_REJECTION"", ""description"": ""当“发起人工录制单端业务流程”发生时，ROLE-CASE-DESIGNER可以发起“人工录制单端业务流程”；发起后必须先完成本场景前置、权限、范围、资源和并发门禁。"", ""failure_description"": ""门禁不通过时不得产生业务副作用。""}"
ACC-R3-1387,USR-SCN-034,,BR-RECORD-0031,CT-R3-1387,P6,SPECIFIED,EXPECTED_NOT_EXECUTED,EVID-SPEC-1387,可跨窗口/浏览器上下文，但单attempt不得无规则跨Runner,"{""outcome"": ""SUCCESS_OR_RULE_DEFINED_REJECTION"", ""description"": ""动作“可跨窗口/浏览器上下文，但单attempt不得无规则跨Runner”完成并形成可追溯结果。"", ""failure_description"": ""返回明确失败原因且不部分提交""}"
ACC-R3-1388,USR-SCN-034,,BR-RECORD-0032,CT-R3-1388,P8,SPECIFIED,EXPECTED_NOT_EXECUTED,EVID-SPEC-1388,记录“人工录制跨端业务流程”的发起主体、参与主体、对象ID、权限与数据范围判定、状态前后值、结果/原因码和时间。,"{""outcome"": ""SUCCESS_OR_RULE_DEFINED_REJECTION"", ""description"": ""记录“人工录制跨端业务流程”的发起主体、参与主体、对象ID、权限与数据范围判定、状态前后值、结果/原因码和时间。"", ""failure_description"": ""返回明确失败原因且不部分提交""}"
ACC-R3-1389,USR-SCN-034,,BR-RECORD-0033,CT-R3-1389,P5,SPECIFIED,EXPECTED_NOT_EXECUTED,EVID-SPEC-1389,发起人工录制跨端业务流程,"{""outcome"": ""SUCCESS_OR_RULE_DEFINED_REJECTION"", ""description"": ""在“人工录制跨端业务流程”中，并发校验必须满足：录制不因环境/账号已有正式任务前置阻止；仅真实Runner与资源冲突阻止。"", ""failure_description"": ""并发门禁不通过时按规则等待、拒绝或返回既有幂等结果。""}"
ACC-R3-1390,USR-SCN-034,,BR-RECORD-0034,CT-R3-1390,P2,SPECIFIED,EXPECTED_NOT_EXECUTED,EVID-SPEC-1390,发起人工录制跨端业务流程,"{""outcome"": ""SUCCESS_OR_RULE_DEFINED_REJECTION"", ""description"": ""“人工录制跨端业务流程”的读取、写入和历史查询仅作用于明确授权项目及active_scope/history_read_scope；敏感数据另行校验独立权限。"", ""failure_description"": ""超出数据范围时拒绝操作并记录审计。""}"
ACC-R3-1391,USR-SCN-034,,BR-RECORD-0035,CT-R3-1391,P6,SPECIFIED,EXPECTED_NOT_EXECUTED,EVID-SPEC-1391,发起人工录制跨端业务流程,"{""outcome"": ""SUCCESS_OR_RULE_DEFINED_REJECTION"", ""description"": ""在“人工录制跨端业务流程”中，异常流程必须满足：终端断开、变量提取失败或录制session失联时密封PARTIAL。"", ""failure_description"": ""终端断开、变量提取失败或录制session失联时密封PARTIAL""}"
ACC-R3-1392,USR-SCN-034,,BR-RECORD-0036,CT-R3-1392,P8,SPECIFIED,EXPECTED_NOT_EXECUTED,EVID-SPEC-1392,发起人工录制跨端业务流程,"{""outcome"": ""SUCCESS_OR_RULE_DEFINED_REJECTION"", ""description"": ""在“人工录制跨端业务流程”中，失败判定必须满足：事务/补偿策略：EXTERNAL_SIDE_EFFECT。。"", ""failure_description"": ""事务/补偿策略：EXTERNAL_SIDE_EFFECT。""}"
ACC-R3-1393,USR-SCN-034,,BR-RECORD-0037,CT-R3-1393,P6,SPECIFIED,EXPECTED_NOT_EXECUTED,EVID-SPEC-1393,创建跨端录制任务,"{""outcome"": ""SUCCESS_OR_RULE_DEFINED_REJECTION"", ""description"": ""动作“创建跨端录制任务”完成并形成可追溯结果。"", ""failure_description"": ""返回明确失败原因且不部分提交""}"
ACC-R3-1394,USR-SCN-034,,BR-RECORD-0038,CT-R3-1394,P6,SPECIFIED,EXPECTED_NOT_EXECUTED,EVID-SPEC-1394,在同一Runner或同一受控会话中打开多个Web终端,"{""outcome"": ""SUCCESS_OR_RULE_DEFINED_REJECTION"", ""description"": ""动作“在同一Runner或同一受控会话中打开多个Web终端”完成并形成可追溯结果。"", ""failure_description"": ""返回明确失败原因且不部分提交""}"
ACC-R3-1395,USR-SCN-034,,BR-RECORD-0039,CT-R3-1395,P6,SPECIFIED,EXPECTED_NOT_EXECUTED,EVID-SPEC-1395,记录终端切换和统一时间线,"{""outcome"": ""SUCCESS_OR_RULE_DEFINED_REJECTION"", ""description"": ""动作“记录终端切换和统一时间线”完成并形成可追溯结果。"", ""failure_description"": ""返回明确失败原因且不部分提交""}"
ACC-R3-1396,USR-SCN-034,,BR-RECORD-0040,CT-R3-1396,P6,SPECIFIED,EXPECTED_NOT_EXECUTED,EVID-SPEC-1396,从页面/响应中标记订单号、条码等变量,"{""outcome"": ""SUCCESS_OR_RULE_DEFINED_REJECTION"", ""description"": ""动作“从页面/响应中标记订单号、条码等变量”完成并形成可追溯结果。"", ""failure_description"": ""返回明确失败原因且不部分提交""}"
ACC-R3-1397,USR-SCN-034,,BR-RECORD-0041,CT-R3-1397,P6,SPECIFIED,EXPECTED_NOT_EXECUTED,EVID-SPEC-1397,在后续终端引用变量,"{""outcome"": ""SUCCESS_OR_RULE_DEFINED_REJECTION"", ""description"": ""动作“在后续终端引用变量”完成并形成可追溯结果。"", ""failure_description"": ""返回明确失败原因且不部分提交""}"
ACC-R3-1398,USR-SCN-034,,BR-RECORD-0042,CT-R3-1398,P6,SPECIFIED,EXPECTED_NOT_EXECUTED,EVID-SPEC-1398,结束后按终端归档证据,"{""outcome"": ""SUCCESS_OR_RULE_DEFINED_REJECTION"", ""description"": ""动作“结束后按终端归档证据”完成并形成可追溯结果。"", ""failure_description"": ""返回明确失败原因且不部分提交""}"
ACC-R3-1399,USR-SCN-034,,BR-RECORD-0043,CT-R3-1399,P6,SPECIFIED,EXPECTED_NOT_EXECUTED,EVID-SPEC-1399,生成跨端结构化步骤草稿,"{""outcome"": ""SUCCESS_OR_RULE_DEFINED_REJECTION"", ""description"": ""动作“生成跨端结构化步骤草稿”完成并形成可追溯结果。"", ""failure_description"": ""返回明确失败原因且不部分提交""}"
ACC-R3-1400,USR-SCN-034,,BR-RECORD-0044,CT-R3-1400,P2,SPECIFIED,EXPECTED_NOT_EXECUTED,EVID-SPEC-1400,发起人工录制跨端业务流程,"{""outcome"": ""SUCCESS_OR_RULE_DEFINED_REJECTION"", ""description"": ""ROLE-CASE-DESIGNER发起“人工录制跨端业务流程”前必须具备对应菜单、操作或服务授权；系统主体只按自身服务身份执行；越权时拒绝且不产生业务写入。"", ""failure_description"": ""返回无权限或超范围结果，业务副作用为零。""}"
ACC-R3-1401,USR-SCN-034,,BR-RECORD-0045,CT-R3-1401,P8,SPECIFIED,EXPECTED_NOT_EXECUTED,EVID-SPEC-1401,发起人工录制跨端业务流程,"{""outcome"": ""SUCCESS_OR_RULE_DEFINED_REJECTION"", ""description"": ""发起主体已登录并具备对应菜单、操作和数据范围权限"", ""failure_description"": ""前置条件不满足时拒绝进入主流程且业务副作用为零。""}"
ACC-R3-1402,USR-SCN-034,,BR-RECORD-0046,CT-R3-1402,P8,SPECIFIED,EXPECTED_NOT_EXECUTED,EVID-SPEC-1402,发起人工录制跨端业务流程,"{""outcome"": ""SUCCESS_OR_RULE_DEFINED_REJECTION"", ""description"": ""相关项目及依赖对象处于允许状态"", ""failure_description"": ""前置条件不满足时拒绝进入主流程且业务副作用为零。""}"
ACC-R3-1403,USR-SCN-034,,BR-RECORD-0047,CT-R3-1403,P6,SPECIFIED,EXPECTED_NOT_EXECUTED,EVID-SPEC-1403,从新session继续未完成部分并保留旧PARTIAL证据,"{""outcome"": ""SUCCESS_OR_RULE_DEFINED_REJECTION"", ""description"": ""从新session继续未完成部分并保留旧PARTIAL证据"", ""failure_description"": ""返回明确失败原因且不部分提交""}"
ACC-R3-1404,USR-SCN-034,,BR-RECORD-0048,CT-R3-1404,P4,SPECIFIED,EXPECTED_NOT_EXECUTED,EVID-SPEC-1404,发起人工录制跨端业务流程,"{""outcome"": ""SUCCESS_OR_RULE_DEFINED_REJECTION"", ""description"": ""recording_task和session按单端规则；上下文变量在recording scope内创建"", ""failure_description"": ""返回明确失败原因且不部分提交""}"
ACC-R3-1405,USR-SCN-034,,BR-RECORD-0049,CT-R3-1405,P8,SPECIFIED,EXPECTED_NOT_EXECUTED,EVID-SPEC-1405,发起人工录制跨端业务流程,"{""outcome"": ""SUCCESS_OR_RULE_DEFINED_REJECTION"", ""description"": ""跨端步骤顺序、变量来源/消费和终端证据完整"", ""failure_description"": ""返回明确失败原因且不部分提交""}"
ACC-R3-1406,USR-SCN-034,,BR-RECORD-0050,CT-R3-1406,P6,SPECIFIED,EXPECTED_NOT_EXECUTED,EVID-SPEC-1406,先执行场景门禁，再进入首个业务副作用。,"{""outcome"": ""SUCCESS_OR_RULE_DEFINED_REJECTION"", ""description"": ""当“发起人工录制跨端业务流程”发生时，ROLE-CASE-DESIGNER可以发起“人工录制跨端业务流程”；发起后必须先完成本场景前置、权限、范围、资源和并发门禁。"", ""failure_description"": ""门禁不通过时不得产生业务副作用。""}"
ACC-R3-1407,USR-SCN-060,,BR-REPORT-0001,CT-R3-1407,P6,SPECIFIED,EXPECTED_NOT_EXECUTED,EVID-SPEC-1407,生成失败可提交新重生成请求；历史只读不授予变更权,"{""outcome"": ""SUCCESS_OR_RULE_DEFINED_REJECTION"", ""description"": ""动作“生成失败可提交新重生成请求；历史只读不授予变更权”完成并形成可追溯结果。"", ""failure_description"": ""返回明确失败原因且不部分提交""}"
ACC-R3-1408,USR-SCN-060|USR-SCN-061|USR-SCN-062,,BR-REPORT-0002,CT-R3-1408,P8,SPECIFIED,EXPECTED_NOT_EXECUTED,EVID-SPEC-1408,发起查看执行记录和报告,"{""outcome"": ""SUCCESS_OR_RULE_DEFINED_REJECTION"", ""description"": ""产生并关联业务审计记录"", ""failure_description"": ""返回明确失败原因且不部分提交""}"
ACC-R3-1409,USR-SCN-060,,BR-REPORT-0003,CT-R3-1409,P8,SPECIFIED,EXPECTED_NOT_EXECUTED,EVID-SPEC-1409,记录“查看执行记录和报告”的发起主体、参与主体、对象ID、权限与数据范围判定、状态前后值、结果/原因码和时间。,"{""outcome"": ""SUCCESS_OR_RULE_DEFINED_REJECTION"", ""description"": ""记录“查看执行记录和报告”的发起主体、参与主体、对象ID、权限与数据范围判定、状态前后值、结果/原因码和时间。"", ""failure_description"": ""返回明确失败原因且不部分提交""}"
ACC-R3-1410,USR-SCN-060|USR-SCN-061,,BR-REPORT-0004,CT-R3-1410,P8,SPECIFIED,EXPECTED_NOT_EXECUTED,EVID-SPEC-1410,不声明业务状态回滚；敏感读取必须在返回前完成权限与访问审计，审计不可用时阻断敏感响应。,"{""outcome"": ""SUCCESS_OR_RULE_DEFINED_REJECTION"", ""description"": ""不声明业务状态回滚；敏感读取必须在返回前完成权限与访问审计，审计不可用时阻断敏感响应。"", ""failure_description"": ""返回明确失败原因且不部分提交""}"
ACC-R3-1411,USR-SCN-060,,BR-REPORT-0005,CT-R3-1411,P5,SPECIFIED,EXPECTED_NOT_EXECUTED,EVID-SPEC-1411,发起查看执行记录和报告,"{""outcome"": ""SUCCESS_OR_RULE_DEFINED_REJECTION"", ""description"": ""报告生成请求幂等；重生成不改写根执行事实"", ""failure_description"": ""并发门禁不通过时按规则等待、拒绝或返回既有幂等结果。""}"
ACC-R3-1412,USR-SCN-060,,BR-REPORT-0006,CT-R3-1412,P2,SPECIFIED,EXPECTED_NOT_EXECUTED,EVID-SPEC-1412,发起查看执行记录和报告,"{""outcome"": ""SUCCESS_OR_RULE_DEFINED_REJECTION"", ""description"": ""“查看执行记录和报告”的读取、写入和历史查询仅作用于明确授权项目及active_scope/history_read_scope；敏感数据另行校验独立权限。"", ""failure_description"": ""超出数据范围时拒绝操作并记录审计。""}"
ACC-R3-1413,USR-SCN-060,,BR-REPORT-0007,CT-R3-1413,P6,SPECIFIED,EXPECTED_NOT_EXECUTED,EVID-SPEC-1413,发起查看执行记录和报告,"{""outcome"": ""SUCCESS_OR_RULE_DEFINED_REJECTION"", ""description"": ""权限撤销、报告不可恢复失败或越权下载时拒绝"", ""failure_description"": ""权限撤销、报告不可恢复失败或越权下载时拒绝""}"
ACC-R3-1414,USR-SCN-060|USR-SCN-061|USR-SCN-062,,BR-REPORT-0008,CT-R3-1414,P8,SPECIFIED,EXPECTED_NOT_EXECUTED,EVID-SPEC-1414,发起查看执行记录和报告,"{""outcome"": ""SUCCESS_OR_RULE_DEFINED_REJECTION"", ""description"": ""任一前置、权限、数据范围、并发或明确资源条件不满足，或未进入声明状态、产生越权/重复副作用、证据未密封、审计缺失时失败。"", ""failure_description"": ""任一前置、权限、数据范围、并发或明确资源条件不满足，或未进入声明状态、产生越权/重复副作用、证据未密封、审计缺失时失败。""}"
ACC-R3-1415,USR-SCN-060,,BR-REPORT-0009,CT-R3-1415,P8,SPECIFIED,EXPECTED_NOT_EXECUTED,EVID-SPEC-1415,发起查看执行记录和报告,"{""outcome"": ""SUCCESS_OR_RULE_DEFINED_REJECTION"", ""description"": ""在“查看执行记录和报告”中，失败判定必须满足：事务/补偿策略：READ_ONLY。。"", ""failure_description"": ""事务/补偿策略：READ_ONLY。""}"
ACC-R3-1416,USR-SCN-060,,BR-REPORT-0010,CT-R3-1416,P6,SPECIFIED,EXPECTED_NOT_EXECUTED,EVID-SPEC-1416,按当前主体重新计算active/history范围,"{""outcome"": ""SUCCESS_OR_RULE_DEFINED_REJECTION"", ""description"": ""动作“按当前主体重新计算active/history范围”完成并形成可追溯结果。"", ""failure_description"": ""返回明确失败原因且不部分提交""}"
ACC-R3-1417,USR-SCN-060,,BR-REPORT-0011,CT-R3-1417,P6,SPECIFIED,EXPECTED_NOT_EXECUTED,EVID-SPEC-1417,查询任务和报告投影,"{""outcome"": ""SUCCESS_OR_RULE_DEFINED_REJECTION"", ""description"": ""动作“查询任务和报告投影”完成并形成可追溯结果。"", ""failure_description"": ""返回明确失败原因且不部分提交""}"
ACC-R3-1418,USR-SCN-060,,BR-REPORT-0012,CT-R3-1418,P6,SPECIFIED,EXPECTED_NOT_EXECUTED,EVID-SPEC-1418,展示任务快照、用例版本、环境、账号映射、Runner和attempt链,"{""outcome"": ""SUCCESS_OR_RULE_DEFINED_REJECTION"", ""description"": ""动作“展示任务快照、用例版本、环境、账号映射、Runner和attempt链”完成并形成可追溯结果。"", ""failure_description"": ""返回明确失败原因且不部分提交""}"
ACC-R3-1419,USR-SCN-060,,BR-REPORT-0013,CT-R3-1419,P6,SPECIFIED,EXPECTED_NOT_EXECUTED,EVID-SPEC-1419,区分初次/重试/最终结果,"{""outcome"": ""SUCCESS_OR_RULE_DEFINED_REJECTION"", ""description"": ""动作“区分初次/重试/最终结果”完成并形成可追溯结果。"", ""failure_description"": ""返回明确失败原因且不部分提交""}"
ACC-R3-1420,USR-SCN-060,,BR-REPORT-0014,CT-R3-1420,P6,SPECIFIED,EXPECTED_NOT_EXECUTED,EVID-SPEC-1420,记录敏感访问,"{""outcome"": ""SUCCESS_OR_RULE_DEFINED_REJECTION"", ""description"": ""动作“记录敏感访问”完成并形成可追溯结果。"", ""failure_description"": ""返回明确失败原因且不部分提交""}"
ACC-R3-1421,USR-SCN-060,,BR-REPORT-0015,CT-R3-1421,P2,SPECIFIED,EXPECTED_NOT_EXECUTED,EVID-SPEC-1421,发起查看执行记录和报告,"{""outcome"": ""SUCCESS_OR_RULE_DEFINED_REJECTION"", ""description"": ""ROLE-REPORT-VIEWER发起“查看执行记录和报告”前必须具备对应菜单、操作或服务授权；系统主体只按自身服务身份执行；越权时拒绝且不产生业务写入。"", ""failure_description"": ""返回无权限或超范围结果，业务副作用为零。""}"
ACC-R3-1422,USR-SCN-060,,BR-REPORT-0016,CT-R3-1422,P8,SPECIFIED,EXPECTED_NOT_EXECUTED,EVID-SPEC-1422,发起查看执行记录和报告,"{""outcome"": ""SUCCESS_OR_RULE_DEFINED_REJECTION"", ""description"": ""在“查看执行记录和报告”中，前置条件必须满足：具备报告菜单、操作和项目数据范围。"", ""failure_description"": ""前置条件不满足时拒绝进入主流程且业务副作用为零。""}"
ACC-R3-1423,USR-SCN-060,,BR-REPORT-0017,CT-R3-1423,P8,SPECIFIED,EXPECTED_NOT_EXECUTED,EVID-SPEC-1423,发起查看执行记录和报告,"{""outcome"": ""SUCCESS_OR_RULE_DEFINED_REJECTION"", ""description"": ""报告可用或可重生成"", ""failure_description"": ""前置条件不满足时拒绝进入主流程且业务副作用为零。""}"
ACC-R3-1424,USR-SCN-060|USR-SCN-061,,BR-REPORT-0018,CT-R3-1424,P6,SPECIFIED,EXPECTED_NOT_EXECUTED,EVID-SPEC-1424,恢复审计能力后重新读取；不修改历史业务事实。,"{""outcome"": ""SUCCESS_OR_RULE_DEFINED_REJECTION"", ""description"": ""恢复审计能力后重新读取；不修改历史业务事实。"", ""failure_description"": ""返回明确失败原因且不部分提交""}"
ACC-R3-1425,USR-SCN-060,,BR-REPORT-0019,CT-R3-1425,P6,SPECIFIED,EXPECTED_NOT_EXECUTED,EVID-SPEC-1425,修复生成依赖后创建新重生成请求,"{""outcome"": ""SUCCESS_OR_RULE_DEFINED_REJECTION"", ""description"": ""修复生成依赖后创建新重生成请求"", ""failure_description"": ""返回明确失败原因且不部分提交""}"
ACC-R3-1426,USR-SCN-060|USR-SCN-061|USR-SCN-062,,BR-REPORT-0020,CT-R3-1426,P8,SPECIFIED,EXPECTED_NOT_EXECUTED,EVID-SPEC-1426,执行规则对应动作,"{""outcome"": ""SUCCESS_OR_RULE_DEFINED_REJECTION"", ""description"": ""平台存储/审计：REQUIRED；predicate=TRUE; 平台存储/审计不可用时不得执行对应业务副作用；进入明确的PRESTART_BLOCKED、WAITING_RESOURCE或场景失败结果，并记录资源原因。"", ""failure_description"": ""资源条件不满足时不得执行对应业务副作用；进入明确等待、阻断或失败结果。""}"
ACC-R3-1427,USR-SCN-060,,BR-REPORT-0021,CT-R3-1427,P4,SPECIFIED,EXPECTED_NOT_EXECUTED,EVID-SPEC-1427,发起查看执行记录和报告,"{""outcome"": ""SUCCESS_OR_RULE_DEFINED_REJECTION"", ""description"": ""报告生成: PENDING→GENERATING→AVAILABLE/FAILED"", ""failure_description"": ""返回明确失败原因且不部分提交""}"
ACC-R3-1428,USR-SCN-060,,BR-REPORT-0022,CT-R3-1428,P4,SPECIFIED,EXPECTED_NOT_EXECUTED,EVID-SPEC-1428,发起查看执行记录和报告,"{""outcome"": ""SUCCESS_OR_RULE_DEFINED_REJECTION"", ""description"": ""重生成创建新request"", ""failure_description"": ""返回明确失败原因且不部分提交""}"
ACC-R3-1429,USR-SCN-060,,BR-REPORT-0023,CT-R3-1429,P8,SPECIFIED,EXPECTED_NOT_EXECUTED,EVID-SPEC-1429,发起查看执行记录和报告,"{""outcome"": ""SUCCESS_OR_RULE_DEFINED_REJECTION"", ""description"": ""访问结果与当前范围一致，历史任务追溯完整"", ""failure_description"": ""返回明确失败原因且不部分提交""}"
ACC-R3-1430,USR-SCN-060,,BR-REPORT-0024,CT-R3-1430,P6,SPECIFIED,EXPECTED_NOT_EXECUTED,EVID-SPEC-1430,先执行场景门禁，再进入首个业务副作用。,"{""outcome"": ""SUCCESS_OR_RULE_DEFINED_REJECTION"", ""description"": ""当“发起查看执行记录和报告”发生时，ROLE-REPORT-VIEWER可以发起“查看执行记录和报告”；发起后必须先完成本场景前置、权限、范围、资源和并发门禁。"", ""failure_description"": ""门禁不通过时不得产生业务副作用。""}"
ACC-R3-1431,USR-SCN-061,,BR-REPORT-0025,CT-R3-1431,P6,SPECIFIED,EXPECTED_NOT_EXECUTED,EVID-SPEC-1431,Grafana不可用时使用平台业务日志和降级页面,"{""outcome"": ""SUCCESS_OR_RULE_DEFINED_REJECTION"", ""description"": ""动作“Grafana不可用时使用平台业务日志和降级页面”完成并形成可追溯结果。"", ""failure_description"": ""返回明确失败原因且不部分提交""}"
ACC-R3-1432,USR-SCN-061,,BR-REPORT-0026,CT-R3-1432,P8,SPECIFIED,EXPECTED_NOT_EXECUTED,EVID-SPEC-1432,记录“查看日志和制品”的发起主体、参与主体、对象ID、权限与数据范围判定、状态前后值、结果/原因码和时间。,"{""outcome"": ""SUCCESS_OR_RULE_DEFINED_REJECTION"", ""description"": ""记录“查看日志和制品”的发起主体、参与主体、对象ID、权限与数据范围判定、状态前后值、结果/原因码和时间。"", ""failure_description"": ""返回明确失败原因且不部分提交""}"
ACC-R3-1433,USR-SCN-061,,BR-REPORT-0027,CT-R3-1433,P5,SPECIFIED,EXPECTED_NOT_EXECUTED,EVID-SPEC-1433,发起查看日志和制品,"{""outcome"": ""SUCCESS_OR_RULE_DEFINED_REJECTION"", ""description"": ""制品状态和访问令牌使用版本/有效期控制"", ""failure_description"": ""并发门禁不通过时按规则等待、拒绝或返回既有幂等结果。""}"
ACC-R3-1434,USR-SCN-061,,BR-REPORT-0028,CT-R3-1434,P2,SPECIFIED,EXPECTED_NOT_EXECUTED,EVID-SPEC-1434,发起查看日志和制品,"{""outcome"": ""SUCCESS_OR_RULE_DEFINED_REJECTION"", ""description"": ""“查看日志和制品”的读取、写入和历史查询仅作用于明确授权项目及active_scope/history_read_scope；敏感数据另行校验独立权限。"", ""failure_description"": ""超出数据范围时拒绝操作并记录审计。""}"
ACC-R3-1435,USR-SCN-061,,BR-REPORT-0029,CT-R3-1435,P6,SPECIFIED,EXPECTED_NOT_EXECUTED,EVID-SPEC-1435,发起查看日志和制品,"{""outcome"": ""SUCCESS_OR_RULE_DEFINED_REJECTION"", ""description"": ""在“查看日志和制品”中，异常流程必须满足：上传未完成、对象缺失、敏感变量未脱敏或权限不足时拒绝。"", ""failure_description"": ""上传未完成、对象缺失、敏感变量未脱敏或权限不足时拒绝""}"
ACC-R3-1436,USR-SCN-061,,BR-REPORT-0030,CT-R3-1436,P8,SPECIFIED,EXPECTED_NOT_EXECUTED,EVID-SPEC-1436,发起查看日志和制品,"{""outcome"": ""SUCCESS_OR_RULE_DEFINED_REJECTION"", ""description"": ""在“查看日志和制品”中，失败判定必须满足：事务/补偿策略：READ_ONLY。。"", ""failure_description"": ""事务/补偿策略：READ_ONLY。""}"
ACC-R3-1437,USR-SCN-061,,BR-REPORT-0031,CT-R3-1437,P6,SPECIFIED,EXPECTED_NOT_EXECUTED,EVID-SPEC-1437,解析制品或日志所属任务/项目,"{""outcome"": ""SUCCESS_OR_RULE_DEFINED_REJECTION"", ""description"": ""动作“解析制品或日志所属任务/项目”完成并形成可追溯结果。"", ""failure_description"": ""返回明确失败原因且不部分提交""}"
ACC-R3-1438,USR-SCN-061,,BR-REPORT-0032,CT-R3-1438,P6,SPECIFIED,EXPECTED_NOT_EXECUTED,EVID-SPEC-1438,分别校验查看、下载、分享和录制权限,"{""outcome"": ""SUCCESS_OR_RULE_DEFINED_REJECTION"", ""description"": ""动作“分别校验查看、下载、分享和录制权限”完成并形成可追溯结果。"", ""failure_description"": ""返回明确失败原因且不部分提交""}"
ACC-R3-1439,USR-SCN-061,,BR-REPORT-0033,CT-R3-1439,P6,SPECIFIED,EXPECTED_NOT_EXECUTED,EVID-SPEC-1439,应用脱敏策略,"{""outcome"": ""SUCCESS_OR_RULE_DEFINED_REJECTION"", ""description"": ""动作“应用脱敏策略”完成并形成可追溯结果。"", ""failure_description"": ""返回明确失败原因且不部分提交""}"
ACC-R3-1440,USR-SCN-061,,BR-REPORT-0034,CT-R3-1440,P6,SPECIFIED,EXPECTED_NOT_EXECUTED,EVID-SPEC-1440,生成短期受控访问,"{""outcome"": ""SUCCESS_OR_RULE_DEFINED_REJECTION"", ""description"": ""动作“生成短期受控访问”完成并形成可追溯结果。"", ""failure_description"": ""返回明确失败原因且不部分提交""}"
ACC-R3-1441,USR-SCN-061,,BR-REPORT-0035,CT-R3-1441,P6,SPECIFIED,EXPECTED_NOT_EXECUTED,EVID-SPEC-1441,记录访问审计,"{""outcome"": ""SUCCESS_OR_RULE_DEFINED_REJECTION"", ""description"": ""动作“记录访问审计”完成并形成可追溯结果。"", ""failure_description"": ""返回明确失败原因且不部分提交""}"
ACC-R3-1442,USR-SCN-061,,BR-REPORT-0036,CT-R3-1442,P2,SPECIFIED,EXPECTED_NOT_EXECUTED,EVID-SPEC-1442,发起查看日志和制品,"{""outcome"": ""SUCCESS_OR_RULE_DEFINED_REJECTION"", ""description"": ""ROLE-REPORT-VIEWER发起“查看日志和制品”前必须具备对应菜单、操作或服务授权；系统主体只按自身服务身份执行；越权时拒绝且不产生业务写入。"", ""failure_description"": ""返回无权限或超范围结果，业务副作用为零。""}"
ACC-R3-1443,USR-SCN-061,,BR-REPORT-0037,CT-R3-1443,P8,SPECIFIED,EXPECTED_NOT_EXECUTED,EVID-SPEC-1443,发起查看日志和制品,"{""outcome"": ""SUCCESS_OR_RULE_DEFINED_REJECTION"", ""description"": ""拥有对象数据范围及对应VIEW/DOWNLOAD/MANUAL_RECORDING_VIEW权限"", ""failure_description"": ""前置条件不满足时拒绝进入主流程且业务副作用为零。""}"
ACC-R3-1444,USR-SCN-061,,BR-REPORT-0038,CT-R3-1444,P6,SPECIFIED,EXPECTED_NOT_EXECUTED,EVID-SPEC-1444,上传失败创建新上传attempt；技术可观测不可用走平台降级,"{""outcome"": ""SUCCESS_OR_RULE_DEFINED_REJECTION"", ""description"": ""上传失败创建新上传attempt；技术可观测不可用走平台降级"", ""failure_description"": ""返回明确失败原因且不部分提交""}"
ACC-R3-1445,USR-SCN-061,,BR-REPORT-0039,CT-R3-1445,P4,SPECIFIED,EXPECTED_NOT_EXECUTED,EVID-SPEC-1445,发起查看日志和制品,"{""outcome"": ""SUCCESS_OR_RULE_DEFINED_REJECTION"", ""description"": ""制品: UPLOADING→AVAILABLE/UPLOAD_FAILED"", ""failure_description"": ""返回明确失败原因且不部分提交""}"
ACC-R3-1446,USR-SCN-061,,BR-REPORT-0040,CT-R3-1446,P8,SPECIFIED,EXPECTED_NOT_EXECUTED,EVID-SPEC-1446,发起查看日志和制品,"{""outcome"": ""SUCCESS_OR_RULE_DEFINED_REJECTION"", ""description"": ""无敏感数据泄露且每次访问可追溯"", ""failure_description"": ""返回明确失败原因且不部分提交""}"
ACC-R3-1447,USR-SCN-061,,BR-REPORT-0041,CT-R3-1447,P6,SPECIFIED,EXPECTED_NOT_EXECUTED,EVID-SPEC-1447,先执行场景门禁，再进入首个业务副作用。,"{""outcome"": ""SUCCESS_OR_RULE_DEFINED_REJECTION"", ""description"": ""当“发起查看日志和制品”发生时，ROLE-REPORT-VIEWER可以发起“查看日志和制品”；发起后必须先完成本场景前置、权限、范围、资源和并发门禁。"", ""failure_description"": ""门禁不通过时不得产生业务副作用。""}"
ACC-R3-1448,USR-SCN-062,,BR-REPORT-0042,CT-R3-1448,P6,SPECIFIED,EXPECTED_NOT_EXECUTED,EVID-SPEC-1448,SUPER_ADMIN可按独立权限提前清理；报告元数据永久或随项目归档,"{""outcome"": ""SUCCESS_OR_RULE_DEFINED_REJECTION"", ""description"": ""动作“SUPER_ADMIN可按独立权限提前清理；报告元数据永久或随项目归档”完成并形成可追溯结果。"", ""failure_description"": ""返回明确失败原因且不部分提交""}"
ACC-R3-1449,USR-SCN-062,,BR-REPORT-0043,CT-R3-1449,P8,SPECIFIED,EXPECTED_NOT_EXECUTED,EVID-SPEC-1449,记录“制品保留和清理”的发起主体、参与主体、对象ID、权限与数据范围判定、状态前后值、结果/原因码和时间。,"{""outcome"": ""SUCCESS_OR_RULE_DEFINED_REJECTION"", ""description"": ""记录“制品保留和清理”的发起主体、参与主体、对象ID、权限与数据范围判定、状态前后值、结果/原因码和时间。"", ""failure_description"": ""返回明确失败原因且不部分提交""}"
ACC-R3-1450,USR-SCN-062,,BR-REPORT-0044,CT-R3-1450,P8,SPECIFIED,EXPECTED_NOT_EXECUTED,EVID-SPEC-1450,本地状态变化、不可变事件和审计在同一原子提交边界内完成；提交前审计失败则不提交或回滚本地变化。,"{""outcome"": ""SUCCESS_OR_RULE_DEFINED_REJECTION"", ""description"": ""在“制品保留和清理”中，审计必须满足：本地状态变化、不可变事件和审计在同一原子提交边界内完成；提交前审计失败则不提交或回滚本地变化。。"", ""failure_description"": ""返回明确失败原因且不部分提交""}"
ACC-R3-1451,USR-SCN-062,,BR-REPORT-0045,CT-R3-1451,P5,SPECIFIED,EXPECTED_NOT_EXECUTED,EVID-SPEC-1451,定时清理或授权人工清理命令,"{""outcome"": ""SUCCESS_OR_RULE_DEFINED_REJECTION"", ""description"": ""清理使用并发版本标识并与Hold/延期CAS竞争"", ""failure_description"": ""并发门禁不通过时按规则等待、拒绝或返回既有幂等结果。""}"
ACC-R3-1452,USR-SCN-062,,BR-REPORT-0046,CT-R3-1452,P2,SPECIFIED,EXPECTED_NOT_EXECUTED,EVID-SPEC-1452,定时清理或授权人工清理命令,"{""outcome"": ""SUCCESS_OR_RULE_DEFINED_REJECTION"", ""description"": ""“制品保留和清理”的读取、写入和历史查询仅作用于明确授权项目及active_scope/history_read_scope；敏感数据另行校验独立权限。"", ""failure_description"": ""超出数据范围时拒绝操作并记录审计。""}"
ACC-R3-1453,USR-SCN-062,,BR-REPORT-0047,CT-R3-1453,P6,SPECIFIED,EXPECTED_NOT_EXECUTED,EVID-SPEC-1453,定时清理或授权人工清理命令,"{""outcome"": ""SUCCESS_OR_RULE_DEFINED_REJECTION"", ""description"": ""活动Hold、长期保留、引用保护或权限不足时阻止清理"", ""failure_description"": ""活动Hold、长期保留、引用保护或权限不足时阻止清理""}"
ACC-R3-1454,USR-SCN-062,,BR-REPORT-0048,CT-R3-1454,P8,SPECIFIED,EXPECTED_NOT_EXECUTED,EVID-SPEC-1454,定时清理或授权人工清理命令,"{""outcome"": ""SUCCESS_OR_RULE_DEFINED_REJECTION"", ""description"": ""在“制品保留和清理”中，失败判定必须满足：事务/补偿策略：LOCAL_TRANSACTION。。"", ""failure_description"": ""事务/补偿策略：LOCAL_TRANSACTION。""}"
ACC-R3-1455,USR-SCN-062,,BR-REPORT-0049,CT-R3-1455,P6,SPECIFIED,EXPECTED_NOT_EXECUTED,EVID-SPEC-1455,计算平台默认30天与项目7-180天覆盖,"{""outcome"": ""SUCCESS_OR_RULE_DEFINED_REJECTION"", ""description"": ""动作“计算平台默认30天与项目7-180天覆盖”完成并形成可追溯结果。"", ""failure_description"": ""返回明确失败原因且不部分提交""}"
ACC-R3-1456,USR-SCN-062,,BR-REPORT-0050,CT-R3-1456,P6,SPECIFIED,EXPECTED_NOT_EXECUTED,EVID-SPEC-1456,失败任务可延期至90天,"{""outcome"": ""SUCCESS_OR_RULE_DEFINED_REJECTION"", ""description"": ""动作“失败任务可延期至90天”完成并形成可追溯结果。"", ""failure_description"": ""返回明确失败原因且不部分提交""}"
ACC-R3-1457,USR-SCN-062,,BR-REPORT-0051,CT-R3-1457,P6,SPECIFIED,EXPECTED_NOT_EXECUTED,EVID-SPEC-1457,排除长期保留和活动Hold,"{""outcome"": ""SUCCESS_OR_RULE_DEFINED_REJECTION"", ""description"": ""动作“排除长期保留和活动Hold”完成并形成可追溯结果。"", ""failure_description"": ""返回明确失败原因且不部分提交""}"
ACC-R3-1458,USR-SCN-062,,BR-REPORT-0052,CT-R3-1458,P6,SPECIFIED,EXPECTED_NOT_EXECUTED,EVID-SPEC-1458,项目删除先归档而非立即物理删除,"{""outcome"": ""SUCCESS_OR_RULE_DEFINED_REJECTION"", ""description"": ""动作“项目删除先归档而非立即物理删除”完成并形成可追溯结果。"", ""failure_description"": ""返回明确失败原因且不部分提交""}"
ACC-R3-1459,USR-SCN-062,,BR-REPORT-0053,CT-R3-1459,P6,SPECIFIED,EXPECTED_NOT_EXECUTED,EVID-SPEC-1459,执行清理并写入不可变审计,"{""outcome"": ""SUCCESS_OR_RULE_DEFINED_REJECTION"", ""description"": ""动作“执行清理并写入不可变审计”完成并形成可追溯结果。"", ""failure_description"": ""返回明确失败原因且不部分提交""}"
ACC-R3-1460,USR-SCN-062,,BR-REPORT-0054,CT-R3-1460,P2,SPECIFIED,EXPECTED_NOT_EXECUTED,EVID-SPEC-1460,定时清理或授权人工清理命令,"{""outcome"": ""SUCCESS_OR_RULE_DEFINED_REJECTION"", ""description"": ""SYS-ARTIFACT-SERVICE发起“制品保留和清理”前必须具备对应菜单、操作或服务授权；系统主体只按自身服务身份执行；越权时拒绝且不产生业务写入。"", ""failure_description"": ""返回无权限或超范围结果，业务副作用为零。""}"
ACC-R3-1461,USR-SCN-062,,BR-REPORT-0055,CT-R3-1461,P8,SPECIFIED,EXPECTED_NOT_EXECUTED,EVID-SPEC-1461,定时清理或授权人工清理命令,"{""outcome"": ""SUCCESS_OR_RULE_DEFINED_REJECTION"", ""description"": ""制品已密封并计算有效保留策略"", ""failure_description"": ""前置条件不满足时拒绝进入主流程且业务副作用为零。""}"
ACC-R3-1462,USR-SCN-062,,BR-REPORT-0056,CT-R3-1462,P6,SPECIFIED,EXPECTED_NOT_EXECUTED,EVID-SPEC-1462,修复前置原因后使用幂等命令重试；不得改写已提交历史。,"{""outcome"": ""SUCCESS_OR_RULE_DEFINED_REJECTION"", ""description"": ""修复前置原因后使用幂等命令重试；不得改写已提交历史。"", ""failure_description"": ""返回明确失败原因且不部分提交""}"
ACC-R3-1463,USR-SCN-062,,BR-REPORT-0057,CT-R3-1463,P6,SPECIFIED,EXPECTED_NOT_EXECUTED,EVID-SPEC-1463,清理失败创建新attempt；已物理删除内容不可伪造恢复,"{""outcome"": ""SUCCESS_OR_RULE_DEFINED_REJECTION"", ""description"": ""清理失败创建新attempt；已物理删除内容不可伪造恢复"", ""failure_description"": ""返回明确失败原因且不部分提交""}"
ACC-R3-1464,USR-SCN-062,,BR-REPORT-0058,CT-R3-1464,P4,SPECIFIED,EXPECTED_NOT_EXECUTED,EVID-SPEC-1464,定时清理或授权人工清理命令,"{""outcome"": ""SUCCESS_OR_RULE_DEFINED_REJECTION"", ""description"": ""制品: AVAILABLE→EXPIRED→CLEANED；Hold独立生效"", ""failure_description"": ""返回明确失败原因且不部分提交""}"
ACC-R3-1465,USR-SCN-062,,BR-REPORT-0059,CT-R3-1465,P8,SPECIFIED,EXPECTED_NOT_EXECUTED,EVID-SPEC-1465,定时清理或授权人工清理命令,"{""outcome"": ""SUCCESS_OR_RULE_DEFINED_REJECTION"", ""description"": ""仅符合条件制品被清理，元数据和审计保留"", ""failure_description"": ""返回明确失败原因且不部分提交""}"
ACC-R3-1466,USR-SCN-062,,BR-REPORT-0060,CT-R3-1466,P6,SPECIFIED,EXPECTED_NOT_EXECUTED,EVID-SPEC-1466,先执行场景门禁，再进入首个业务副作用。,"{""outcome"": ""SUCCESS_OR_RULE_DEFINED_REJECTION"", ""description"": ""当“定时清理或授权人工清理命令”发生时，SYS-ARTIFACT-SERVICE可以发起“制品保留和清理”；发起后必须先完成本场景前置、权限、范围、资源和并发门禁。"", ""failure_description"": ""门禁不通过时不得产生业务副作用。""}"
ACC-R3-1467,,INV-BR-RUNNER-0001,BR-RUNNER-0001,CT-R3-1467,P5,SPECIFIED,EXPECTED_NOT_EXECUTED,EVID-SPEC-1467,AI页面探索必须在Runner受控浏览器中执行。,"{""outcome"": ""SUCCESS_OR_RULE_DEFINED_REJECTION"", ""description"": ""AI页面探索必须在Runner受控浏览器中执行。"", ""failure_description"": ""返回明确失败原因且不部分提交""}"
ACC-R3-1468,,INV-BR-RUNNER-0002,BR-RUNNER-0002,CT-R3-1468,P5,SPECIFIED,EXPECTED_NOT_EXECUTED,EVID-SPEC-1468,执行尝试开始后固定一个Runner，不跨Runner拆分同一attempt。,"{""outcome"": ""SUCCESS_OR_RULE_DEFINED_REJECTION"", ""description"": ""执行尝试开始后固定一个Runner，不跨Runner拆分同一attempt。"", ""failure_description"": ""返回明确失败原因且不部分提交""}"
ACC-R3-1469,,INV-BR-RUNNER-0003,BR-RUNNER-0003,CT-R3-1469,P5,SPECIFIED,EXPECTED_NOT_EXECUTED,EVID-SPEC-1469,执行规则对应动作,"{""outcome"": ""SUCCESS_OR_RULE_DEFINED_REJECTION"", ""description"": ""Runner存在有效项目绑定时不得同时绑定其他项目。"", ""failure_description"": ""请求被拒绝且状态、数据库和事件均不发生非预期变化""}"
ACC-R3-1470,USR-SCN-020,,BR-RUNNER-0004,CT-R3-1470,P6,SPECIFIED,EXPECTED_NOT_EXECUTED,EVID-SPEC-1470,已有Runner可执行受控升级并刷新能力快照,"{""outcome"": ""SUCCESS_OR_RULE_DEFINED_REJECTION"", ""description"": ""动作“已有Runner可执行受控升级并刷新能力快照”完成并形成可追溯结果。"", ""failure_description"": ""返回明确失败原因且不部分提交""}"
ACC-R3-1471,USR-SCN-020|USR-SCN-021|USR-SCN-022|USR-SCN-023,,BR-RUNNER-0005,CT-R3-1471,P8,SPECIFIED,EXPECTED_NOT_EXECUTED,EVID-SPEC-1471,发起Runner安装、注册和认证,"{""outcome"": ""SUCCESS_OR_RULE_DEFINED_REJECTION"", ""description"": ""产生并关联业务审计记录"", ""failure_description"": ""返回明确失败原因且不部分提交""}"
ACC-R3-1472,USR-SCN-020,,BR-RUNNER-0006,CT-R3-1472,P8,SPECIFIED,EXPECTED_NOT_EXECUTED,EVID-SPEC-1472,记录“Runner安装、注册和认证”的发起主体、参与主体、对象ID、权限与数据范围判定、状态前后值、结果/原因码和时间。,"{""outcome"": ""SUCCESS_OR_RULE_DEFINED_REJECTION"", ""description"": ""记录“Runner安装、注册和认证”的发起主体、参与主体、对象ID、权限与数据范围判定、状态前后值、结果/原因码和时间。"", ""failure_description"": ""返回明确失败原因且不部分提交""}"
ACC-R3-1473,USR-SCN-020,,BR-RUNNER-0007,CT-R3-1473,P8,SPECIFIED,EXPECTED_NOT_EXECUTED,EVID-SPEC-1473,本地状态变化、不可变事件和审计在同一原子提交边界内完成；提交前审计失败则不提交或回滚本地变化。,"{""outcome"": ""SUCCESS_OR_RULE_DEFINED_REJECTION"", ""description"": ""在“Runner安装、注册和认证”中，审计必须满足：本地状态变化、不可变事件和审计在同一原子提交边界内完成；提交前审计失败则不提交或回滚本地变化。。"", ""failure_description"": ""返回明确失败原因且不部分提交""}"
ACC-R3-1474,USR-SCN-020,,BR-RUNNER-0008,CT-R3-1474,P5,SPECIFIED,EXPECTED_NOT_EXECUTED,EVID-SPEC-1474,发起Runner安装、注册和认证,"{""outcome"": ""SUCCESS_OR_RULE_DEFINED_REJECTION"", ""description"": ""在“Runner安装、注册和认证”中，并发校验必须满足：注册凭证一次性消费；Runner身份唯一。"", ""failure_description"": ""并发门禁不通过时按规则等待、拒绝或返回既有幂等结果。""}"
ACC-R3-1475,USR-SCN-020,,BR-RUNNER-0009,CT-R3-1475,P2,SPECIFIED,EXPECTED_NOT_EXECUTED,EVID-SPEC-1475,发起Runner安装、注册和认证,"{""outcome"": ""SUCCESS_OR_RULE_DEFINED_REJECTION"", ""description"": ""注册仅作用于Runner自身平台技术范围；注册结果必须为UNBOUND，不产生任何项目成员关系或项目绑定。"", ""failure_description"": ""超出数据范围时拒绝操作并记录审计。""}"
ACC-R3-1476,USR-SCN-020,,BR-RUNNER-0010,CT-R3-1476,P6,SPECIFIED,EXPECTED_NOT_EXECUTED,EVID-SPEC-1476,发起Runner安装、注册和认证,"{""outcome"": ""SUCCESS_OR_RULE_DEFINED_REJECTION"", ""description"": ""在“Runner安装、注册和认证”中，异常流程必须满足：凭证无效、身份重复、版本不兼容或能力上报非法时拒绝。"", ""failure_description"": ""凭证无效、身份重复、版本不兼容或能力上报非法时拒绝""}"
ACC-R3-1477,USR-SCN-020|USR-SCN-021|USR-SCN-022|USR-SCN-023,,BR-RUNNER-0011,CT-R3-1477,P8,SPECIFIED,EXPECTED_NOT_EXECUTED,EVID-SPEC-1477,发起Runner安装、注册和认证,"{""outcome"": ""SUCCESS_OR_RULE_DEFINED_REJECTION"", ""description"": ""任一前置、权限、数据范围、并发或明确资源条件不满足，或未进入声明状态、产生越权/重复副作用、证据未密封、审计缺失时失败。"", ""failure_description"": ""任一前置、权限、数据范围、并发或明确资源条件不满足，或未进入声明状态、产生越权/重复副作用、证据未密封、审计缺失时失败。""}"
ACC-R3-1478,USR-SCN-020,,BR-RUNNER-0012,CT-R3-1478,P8,SPECIFIED,EXPECTED_NOT_EXECUTED,EVID-SPEC-1478,发起Runner安装、注册和认证,"{""outcome"": ""SUCCESS_OR_RULE_DEFINED_REJECTION"", ""description"": ""在“Runner安装、注册和认证”中，失败判定必须满足：事务/补偿策略：LOCAL_TRANSACTION。。"", ""failure_description"": ""事务/补偿策略：LOCAL_TRANSACTION。""}"
ACC-R3-1479,USR-SCN-020,,BR-RUNNER-0013,CT-R3-1479,P6,SPECIFIED,EXPECTED_NOT_EXECUTED,EVID-SPEC-1479,安装Runner Agent,"{""outcome"": ""SUCCESS_OR_RULE_DEFINED_REJECTION"", ""description"": ""动作“安装Runner Agent”完成并形成可追溯结果。"", ""failure_description"": ""返回明确失败原因且不部分提交""}"
ACC-R3-1480,USR-SCN-020,,BR-RUNNER-0014,CT-R3-1480,P6,SPECIFIED,EXPECTED_NOT_EXECUTED,EVID-SPEC-1480,使用一次性或受控凭证注册,"{""outcome"": ""SUCCESS_OR_RULE_DEFINED_REJECTION"", ""description"": ""动作“使用一次性或受控凭证注册”完成并形成可追溯结果。"", ""failure_description"": ""返回明确失败原因且不部分提交""}"
ACC-R3-1481,USR-SCN-020,,BR-RUNNER-0015,CT-R3-1481,P6,SPECIFIED,EXPECTED_NOT_EXECUTED,EVID-SPEC-1481,平台分配唯一Runner身份,"{""outcome"": ""SUCCESS_OR_RULE_DEFINED_REJECTION"", ""description"": ""动作“平台分配唯一Runner身份”完成并形成可追溯结果。"", ""failure_description"": ""返回明确失败原因且不部分提交""}"
ACC-R3-1482,USR-SCN-020,,BR-RUNNER-0016,CT-R3-1482,P6,SPECIFIED,EXPECTED_NOT_EXECUTED,EVID-SPEC-1482,建立双向认证,"{""outcome"": ""SUCCESS_OR_RULE_DEFINED_REJECTION"", ""description"": ""动作“建立双向认证”完成并形成可追溯结果。"", ""failure_description"": ""返回明确失败原因且不部分提交""}"
ACC-R3-1483,USR-SCN-020,,BR-RUNNER-0017,CT-R3-1483,P6,SPECIFIED,EXPECTED_NOT_EXECUTED,EVID-SPEC-1483,上报版本、浏览器、网络、设备和制品能力,"{""outcome"": ""SUCCESS_OR_RULE_DEFINED_REJECTION"", ""description"": ""动作“上报版本、浏览器、网络、设备和制品能力”完成并形成可追溯结果。"", ""failure_description"": ""返回明确失败原因且不部分提交""}"
ACC-R3-1484,USR-SCN-020,,BR-RUNNER-0018,CT-R3-1484,P6,SPECIFIED,EXPECTED_NOT_EXECUTED,EVID-SPEC-1484,写入注册审计,"{""outcome"": ""SUCCESS_OR_RULE_DEFINED_REJECTION"", ""description"": ""动作“写入注册审计”完成并形成可追溯结果。"", ""failure_description"": ""返回明确失败原因且不部分提交""}"
ACC-R3-1485,USR-SCN-020,,BR-RUNNER-0019,CT-R3-1485,P2,SPECIFIED,EXPECTED_NOT_EXECUTED,EVID-SPEC-1485,发起Runner安装、注册和认证,"{""outcome"": ""SUCCESS_OR_RULE_DEFINED_REJECTION"", ""description"": ""注册调用使用受控一次性凭证或Runner注册身份，并校验RUNNER_REGISTER；不要求人类菜单权限。"", ""failure_description"": ""返回无权限或超范围结果，业务副作用为零。""}"
ACC-R3-1486,USR-SCN-020,,BR-RUNNER-0020,CT-R3-1486,P8,SPECIFIED,EXPECTED_NOT_EXECUTED,EVID-SPEC-1486,发起Runner安装、注册和认证,"{""outcome"": ""SUCCESS_OR_RULE_DEFINED_REJECTION"", ""description"": ""在“Runner安装、注册和认证”中，前置条件必须满足：安装包和注册凭证有效。"", ""failure_description"": ""前置条件不满足时拒绝进入主流程且业务副作用为零。""}"
ACC-R3-1487,USR-SCN-020,,BR-RUNNER-0021,CT-R3-1487,P8,SPECIFIED,EXPECTED_NOT_EXECUTED,EVID-SPEC-1487,发起Runner安装、注册和认证,"{""outcome"": ""SUCCESS_OR_RULE_DEFINED_REJECTION"", ""description"": ""在“Runner安装、注册和认证”中，前置条件必须满足：平台注册入口可用。"", ""failure_description"": ""前置条件不满足时拒绝进入主流程且业务副作用为零。""}"
ACC-R3-1488,USR-SCN-020|USR-SCN-021|USR-SCN-022,,BR-RUNNER-0022,CT-R3-1488,P6,SPECIFIED,EXPECTED_NOT_EXECUTED,EVID-SPEC-1488,修复前置原因后使用幂等命令重试；不得改写已提交历史。,"{""outcome"": ""SUCCESS_OR_RULE_DEFINED_REJECTION"", ""description"": ""修复前置原因后使用幂等命令重试；不得改写已提交历史。"", ""failure_description"": ""返回明确失败原因且不部分提交""}"
ACC-R3-1489,USR-SCN-020,,BR-RUNNER-0023,CT-R3-1489,P6,SPECIFIED,EXPECTED_NOT_EXECUTED,EVID-SPEC-1489,修复网络/版本/凭证后重新注册或升级,"{""outcome"": ""SUCCESS_OR_RULE_DEFINED_REJECTION"", ""description"": ""在“Runner安装、注册和认证”中，恢复必须满足：修复网络/版本/凭证后重新注册或升级。"", ""failure_description"": ""返回明确失败原因且不部分提交""}"
ACC-R3-1490,USR-SCN-020|USR-SCN-021|USR-SCN-022|USR-SCN-023,,BR-RUNNER-0024,CT-R3-1490,P8,SPECIFIED,EXPECTED_NOT_EXECUTED,EVID-SPEC-1490,执行规则对应动作,"{""outcome"": ""SUCCESS_OR_RULE_DEFINED_REJECTION"", ""description"": ""平台存储/审计：REQUIRED；predicate=TRUE; 平台存储/审计不可用时不得执行对应业务副作用；进入明确的PRESTART_BLOCKED、WAITING_RESOURCE或场景失败结果，并记录资源原因。"", ""failure_description"": ""资源条件不满足时不得执行对应业务副作用；进入明确等待、阻断或失败结果。""}"
ACC-R3-1491,USR-SCN-020|USR-SCN-022,,BR-RUNNER-0025,CT-R3-1491,P5,SPECIFIED,EXPECTED_NOT_EXECUTED,EVID-SPEC-1491,执行规则对应动作,"{""outcome"": ""SUCCESS_OR_RULE_DEFINED_REJECTION"", ""description"": ""Runner节点：REQUIRED；predicate=TRUE; Runner节点不可用时不得执行对应业务副作用；进入明确的PRESTART_BLOCKED、WAITING_RESOURCE或场景失败结果，并记录资源原因。"", ""failure_description"": ""资源条件不满足时不得执行对应业务副作用；进入明确等待、阻断或失败结果。""}"
ACC-R3-1492,USR-SCN-020,,BR-RUNNER-0026,CT-R3-1492,P4,SPECIFIED,EXPECTED_NOT_EXECUTED,EVID-SPEC-1492,发起Runner安装、注册和认证,"{""outcome"": ""SUCCESS_OR_RULE_DEFINED_REJECTION"", ""description"": ""Runner注册状态: 未注册→REGISTERED"", ""failure_description"": ""返回明确失败原因且不部分提交""}"
ACC-R3-1493,USR-SCN-020,,BR-RUNNER-0027,CT-R3-1493,P4,SPECIFIED,EXPECTED_NOT_EXECUTED,EVID-SPEC-1493,发起Runner安装、注册和认证,"{""outcome"": ""SUCCESS_OR_RULE_DEFINED_REJECTION"", ""description"": ""连接状态: OFFLINE→ONLINE"", ""failure_description"": ""返回明确失败原因且不部分提交""}"
ACC-R3-1494,USR-SCN-020,,BR-RUNNER-0028,CT-R3-1494,P8,SPECIFIED,EXPECTED_NOT_EXECUTED,EVID-SPEC-1494,发起Runner安装、注册和认证,"{""outcome"": ""SUCCESS_OR_RULE_DEFINED_REJECTION"", ""description"": ""Runner获得唯一服务身份、认证和能力快照且保持UNBOUND；USR-SCN-021是唯一项目绑定入口。"", ""failure_description"": ""返回明确失败原因且不部分提交""}"
ACC-R3-1495,USR-SCN-020,,BR-RUNNER-0029,CT-R3-1495,P6,SPECIFIED,EXPECTED_NOT_EXECUTED,EVID-SPEC-1495,先执行场景门禁，再进入首个业务副作用。,"{""outcome"": ""SUCCESS_OR_RULE_DEFINED_REJECTION"", ""description"": ""当“发起Runner安装、注册和认证”发生时，ROLE-RUNNER-ADMIN可以发起“Runner安装、注册和认证”；发起后必须先完成本场景前置、权限、范围、资源和并发门禁。"", ""failure_description"": ""门禁不通过时不得产生业务副作用。""}"
ACC-R3-1496,USR-SCN-021,,BR-RUNNER-0030,CT-R3-1496,P6,SPECIFIED,EXPECTED_NOT_EXECUTED,EVID-SPEC-1496,先受控解绑旧项目，再绑定新项目,"{""outcome"": ""SUCCESS_OR_RULE_DEFINED_REJECTION"", ""description"": ""动作“先受控解绑旧项目，再绑定新项目”完成并形成可追溯结果。"", ""failure_description"": ""返回明确失败原因且不部分提交""}"
ACC-R3-1497,USR-SCN-021,,BR-RUNNER-0031,CT-R3-1497,P8,SPECIFIED,EXPECTED_NOT_EXECUTED,EVID-SPEC-1497,记录“Runner绑定项目”的发起主体、参与主体、对象ID、权限与数据范围判定、状态前后值、结果/原因码和时间。,"{""outcome"": ""SUCCESS_OR_RULE_DEFINED_REJECTION"", ""description"": ""记录“Runner绑定项目”的发起主体、参与主体、对象ID、权限与数据范围判定、状态前后值、结果/原因码和时间。"", ""failure_description"": ""返回明确失败原因且不部分提交""}"
ACC-R3-1498,USR-SCN-021,,BR-RUNNER-0032,CT-R3-1498,P8,SPECIFIED,EXPECTED_NOT_EXECUTED,EVID-SPEC-1498,本地状态变化、不可变事件和审计在同一原子提交边界内完成；提交前审计失败则不提交或回滚本地变化。,"{""outcome"": ""SUCCESS_OR_RULE_DEFINED_REJECTION"", ""description"": ""在“Runner绑定项目”中，审计必须满足：本地状态变化、不可变事件和审计在同一原子提交边界内完成；提交前审计失败则不提交或回滚本地变化。。"", ""failure_description"": ""返回明确失败原因且不部分提交""}"
ACC-R3-1499,USR-SCN-021,,BR-RUNNER-0033,CT-R3-1499,P5,SPECIFIED,EXPECTED_NOT_EXECUTED,EVID-SPEC-1499,发起Runner绑定项目,"{""outcome"": ""SUCCESS_OR_RULE_DEFINED_REJECTION"", ""description"": ""绑定关系唯一；绑定/解绑使用CAS与资源门禁"", ""failure_description"": ""并发门禁不通过时按规则等待、拒绝或返回既有幂等结果。""}"
ACC-R3-1500,USR-SCN-021,,BR-RUNNER-0034,CT-R3-1500,P2,SPECIFIED,EXPECTED_NOT_EXECUTED,EVID-SPEC-1500,发起Runner绑定项目,"{""outcome"": ""SUCCESS_OR_RULE_DEFINED_REJECTION"", ""description"": ""“Runner绑定项目”的读取、写入和历史查询仅作用于明确授权项目及active_scope/history_read_scope；敏感数据另行校验独立权限。"", ""failure_description"": ""超出数据范围时拒绝操作并记录审计。""}"
ACC-R3-1501,USR-SCN-021,,BR-RUNNER-0035,CT-R3-1501,P6,SPECIFIED,EXPECTED_NOT_EXECUTED,EVID-SPEC-1501,发起Runner绑定项目,"{""outcome"": ""SUCCESS_OR_RULE_DEFINED_REJECTION"", ""description"": ""已绑定其他项目、存在活动任务/租约或权限不足时拒绝"", ""failure_description"": ""已绑定其他项目、存在活动任务/租约或权限不足时拒绝""}"
ACC-R3-1502,USR-SCN-021,,BR-RUNNER-0036,CT-R3-1502,P8,SPECIFIED,EXPECTED_NOT_EXECUTED,EVID-SPEC-1502,发起Runner绑定项目,"{""outcome"": ""SUCCESS_OR_RULE_DEFINED_REJECTION"", ""description"": ""在“Runner绑定项目”中，失败判定必须满足：事务/补偿策略：LOCAL_TRANSACTION。。"", ""failure_description"": ""事务/补偿策略：LOCAL_TRANSACTION。""}"
ACC-R3-1503,USR-SCN-021,,BR-RUNNER-0037,CT-R3-1503,P6,SPECIFIED,EXPECTED_NOT_EXECUTED,EVID-SPEC-1503,选择Runner和目标项目,"{""outcome"": ""SUCCESS_OR_RULE_DEFINED_REJECTION"", ""description"": ""动作“选择Runner和目标项目”完成并形成可追溯结果。"", ""failure_description"": ""返回明确失败原因且不部分提交""}"
ACC-R3-1504,USR-SCN-021,,BR-RUNNER-0038,CT-R3-1504,P6,SPECIFIED,EXPECTED_NOT_EXECUTED,EVID-SPEC-1504,校验Runner未绑定其他项目,"{""outcome"": ""SUCCESS_OR_RULE_DEFINED_REJECTION"", ""description"": ""动作“校验Runner未绑定其他项目”完成并形成可追溯结果。"", ""failure_description"": ""返回明确失败原因且不部分提交""}"
ACC-R3-1505,USR-SCN-021,,BR-RUNNER-0039,CT-R3-1505,P6,SPECIFIED,EXPECTED_NOT_EXECUTED,EVID-SPEC-1505,校验无运行任务/活动租约,"{""outcome"": ""SUCCESS_OR_RULE_DEFINED_REJECTION"", ""description"": ""动作“校验无运行任务/活动租约”完成并形成可追溯结果。"", ""failure_description"": ""返回明确失败原因且不部分提交""}"
ACC-R3-1506,USR-SCN-021,,BR-RUNNER-0040,CT-R3-1506,P6,SPECIFIED,EXPECTED_NOT_EXECUTED,EVID-SPEC-1506,创建绑定并刷新调度索引,"{""outcome"": ""SUCCESS_OR_RULE_DEFINED_REJECTION"", ""description"": ""动作“创建绑定并刷新调度索引”完成并形成可追溯结果。"", ""failure_description"": ""返回明确失败原因且不部分提交""}"
ACC-R3-1507,USR-SCN-021,,BR-RUNNER-0041,CT-R3-1507,P6,SPECIFIED,EXPECTED_NOT_EXECUTED,EVID-SPEC-1507,记录审计,"{""outcome"": ""SUCCESS_OR_RULE_DEFINED_REJECTION"", ""description"": ""动作“记录审计”完成并形成可追溯结果。"", ""failure_description"": ""返回明确失败原因且不部分提交""}"
ACC-R3-1508,USR-SCN-021,,BR-RUNNER-0042,CT-R3-1508,P2,SPECIFIED,EXPECTED_NOT_EXECUTED,EVID-SPEC-1508,发起Runner绑定项目,"{""outcome"": ""SUCCESS_OR_RULE_DEFINED_REJECTION"", ""description"": ""ROLE-RUNNER-ADMIN发起“Runner绑定项目”前必须具备对应菜单、操作或服务授权；系统主体只按自身服务身份执行；越权时拒绝且不产生业务写入。"", ""failure_description"": ""返回无权限或超范围结果，业务副作用为零。""}"
ACC-R3-1509,USR-SCN-021,,BR-RUNNER-0043,CT-R3-1509,P8,SPECIFIED,EXPECTED_NOT_EXECUTED,EVID-SPEC-1509,发起Runner绑定项目,"{""outcome"": ""SUCCESS_OR_RULE_DEFINED_REJECTION"", ""description"": ""Runner已注册且无活动绑定冲突"", ""failure_description"": ""前置条件不满足时拒绝进入主流程且业务副作用为零。""}"
ACC-R3-1510,USR-SCN-021,,BR-RUNNER-0044,CT-R3-1510,P8,SPECIFIED,EXPECTED_NOT_EXECUTED,EVID-SPEC-1510,发起Runner绑定项目,"{""outcome"": ""SUCCESS_OR_RULE_DEFINED_REJECTION"", ""description"": ""在“Runner绑定项目”中，前置条件必须满足：目标项目有效。"", ""failure_description"": ""前置条件不满足时拒绝进入主流程且业务副作用为零。""}"
ACC-R3-1511,USR-SCN-021,,BR-RUNNER-0045,CT-R3-1511,P8,SPECIFIED,EXPECTED_NOT_EXECUTED,EVID-SPEC-1511,发起Runner绑定项目,"{""outcome"": ""SUCCESS_OR_RULE_DEFINED_REJECTION"", ""description"": ""在“Runner绑定项目”中，前置条件必须满足：发起人具备Runner和项目范围。"", ""failure_description"": ""前置条件不满足时拒绝进入主流程且业务副作用为零。""}"
ACC-R3-1512,USR-SCN-021,,BR-RUNNER-0046,CT-R3-1512,P6,SPECIFIED,EXPECTED_NOT_EXECUTED,EVID-SPEC-1512,等待任务终态和租约释放后重新解绑/绑定,"{""outcome"": ""SUCCESS_OR_RULE_DEFINED_REJECTION"", ""description"": ""等待任务终态和租约释放后重新解绑/绑定"", ""failure_description"": ""返回明确失败原因且不部分提交""}"
ACC-R3-1513,USR-SCN-021,,BR-RUNNER-0047,CT-R3-1513,P4,SPECIFIED,EXPECTED_NOT_EXECUTED,EVID-SPEC-1513,发起Runner绑定项目,"{""outcome"": ""SUCCESS_OR_RULE_DEFINED_REJECTION"", ""description"": ""Runner绑定状态: UNBOUND→BOUND；解绑反向但需门禁"", ""failure_description"": ""返回明确失败原因且不部分提交""}"
ACC-R3-1514,USR-SCN-021,,BR-RUNNER-0048,CT-R3-1514,P8,SPECIFIED,EXPECTED_NOT_EXECUTED,EVID-SPEC-1514,发起Runner绑定项目,"{""outcome"": ""SUCCESS_OR_RULE_DEFINED_REJECTION"", ""description"": ""Runner只对绑定项目可调度"", ""failure_description"": ""返回明确失败原因且不部分提交""}"
ACC-R3-1515,USR-SCN-021,,BR-RUNNER-0049,CT-R3-1515,P6,SPECIFIED,EXPECTED_NOT_EXECUTED,EVID-SPEC-1515,先执行场景门禁，再进入首个业务副作用。,"{""outcome"": ""SUCCESS_OR_RULE_DEFINED_REJECTION"", ""description"": ""当“发起Runner绑定项目”发生时，ROLE-RUNNER-ADMIN可以发起“Runner绑定项目”；发起后必须先完成本场景前置、权限、范围、资源和并发门禁。"", ""failure_description"": ""门禁不通过时不得产生业务副作用。""}"
ACC-R3-1516,USR-SCN-022,,BR-RUNNER-0050,CT-R3-1516,P6,SPECIFIED,EXPECTED_NOT_EXECUTED,EVID-SPEC-1516,技术遥测可进入OTel/Grafana，但业务状态读取平台业务库,"{""outcome"": ""SUCCESS_OR_RULE_DEFINED_REJECTION"", ""description"": ""动作“技术遥测可进入OTel/Grafana，但业务状态读取平台业务库”完成并形成可追溯结果。"", ""failure_description"": ""返回明确失败原因且不部分提交""}"
ACC-R3-1517,USR-SCN-022,,BR-RUNNER-0051,CT-R3-1517,P8,SPECIFIED,EXPECTED_NOT_EXECUTED,EVID-SPEC-1517,记录“Runner心跳与状态更新”的发起主体、参与主体、对象ID、权限与数据范围判定、状态前后值、结果/原因码和时间。,"{""outcome"": ""SUCCESS_OR_RULE_DEFINED_REJECTION"", ""description"": ""记录“Runner心跳与状态更新”的发起主体、参与主体、对象ID、权限与数据范围判定、状态前后值、结果/原因码和时间。"", ""failure_description"": ""返回明确失败原因且不部分提交""}"
ACC-R3-1518,USR-SCN-022,,BR-RUNNER-0052,CT-R3-1518,P8,SPECIFIED,EXPECTED_NOT_EXECUTED,EVID-SPEC-1518,本地状态变化、不可变事件和审计在同一原子提交边界内完成；提交前审计失败则不提交或回滚本地变化。,"{""outcome"": ""SUCCESS_OR_RULE_DEFINED_REJECTION"", ""description"": ""在“Runner心跳与状态更新”中，审计必须满足：本地状态变化、不可变事件和审计在同一原子提交边界内完成；提交前审计失败则不提交或回滚本地变化。。"", ""failure_description"": ""返回明确失败原因且不部分提交""}"
ACC-R3-1519,USR-SCN-022,,BR-RUNNER-0053,CT-R3-1519,P5,SPECIFIED,EXPECTED_NOT_EXECUTED,EVID-SPEC-1519,Runner按心跳周期上报,"{""outcome"": ""SUCCESS_OR_RULE_DEFINED_REJECTION"", ""description"": ""按Runner身份和版本字段CAS更新；旧心跳不得覆盖新状态"", ""failure_description"": ""并发门禁不通过时按规则等待、拒绝或返回既有幂等结果。""}"
ACC-R3-1520,USR-SCN-022,,BR-RUNNER-0054,CT-R3-1520,P2,SPECIFIED,EXPECTED_NOT_EXECUTED,EVID-SPEC-1520,Runner按心跳周期上报,"{""outcome"": ""SUCCESS_OR_RULE_DEFINED_REJECTION"", ""description"": ""心跳读取和写入仅作用于该Runner的连接、健康、资源、能力和绑定一致性技术投影；不得访问无关项目业务数据。"", ""failure_description"": ""超出数据范围时拒绝操作并记录审计。""}"
ACC-R3-1521,USR-SCN-022,,BR-RUNNER-0055,CT-R3-1521,P6,SPECIFIED,EXPECTED_NOT_EXECUTED,EVID-SPEC-1521,Runner按心跳周期上报,"{""outcome"": ""SUCCESS_OR_RULE_DEFINED_REJECTION"", ""description"": ""在“Runner心跳与状态更新”中，异常流程必须满足：旧fencing、乱序、身份不匹配或非法状态拒绝。"", ""failure_description"": ""旧fencing、乱序、身份不匹配或非法状态拒绝""}"
ACC-R3-1522,USR-SCN-022,,BR-RUNNER-0056,CT-R3-1522,P8,SPECIFIED,EXPECTED_NOT_EXECUTED,EVID-SPEC-1522,Runner按心跳周期上报,"{""outcome"": ""SUCCESS_OR_RULE_DEFINED_REJECTION"", ""description"": ""在“Runner心跳与状态更新”中，失败判定必须满足：事务/补偿策略：LOCAL_TRANSACTION。。"", ""failure_description"": ""事务/补偿策略：LOCAL_TRANSACTION。""}"
ACC-R3-1523,USR-SCN-022,,BR-RUNNER-0057,CT-R3-1523,P6,SPECIFIED,EXPECTED_NOT_EXECUTED,EVID-SPEC-1523,上报heartbeat、版本、能力和资源指标,"{""outcome"": ""SUCCESS_OR_RULE_DEFINED_REJECTION"", ""description"": ""动作“上报heartbeat、版本、能力和资源指标”完成并形成可追溯结果。"", ""failure_description"": ""返回明确失败原因且不部分提交""}"
ACC-R3-1524,USR-SCN-022,,BR-RUNNER-0058,CT-R3-1524,P6,SPECIFIED,EXPECTED_NOT_EXECUTED,EVID-SPEC-1524,平台校验fencing和时序,"{""outcome"": ""SUCCESS_OR_RULE_DEFINED_REJECTION"", ""description"": ""动作“平台校验fencing和时序”完成并形成可追溯结果。"", ""failure_description"": ""返回明确失败原因且不部分提交""}"
ACC-R3-1525,USR-SCN-022,,BR-RUNNER-0059,CT-R3-1525,P6,SPECIFIED,EXPECTED_NOT_EXECUTED,EVID-SPEC-1525,更新连接/健康/资源投影,"{""outcome"": ""SUCCESS_OR_RULE_DEFINED_REJECTION"", ""description"": ""动作“更新连接/健康/资源投影”完成并形成可追溯结果。"", ""failure_description"": ""返回明确失败原因且不部分提交""}"
ACC-R3-1526,USR-SCN-022,,BR-RUNNER-0060,CT-R3-1526,P6,SPECIFIED,EXPECTED_NOT_EXECUTED,EVID-SPEC-1526,调度器读取平台投影,"{""outcome"": ""SUCCESS_OR_RULE_DEFINED_REJECTION"", ""description"": ""动作“调度器读取平台投影”完成并形成可追溯结果。"", ""failure_description"": ""返回明确失败原因且不部分提交""}"
ACC-R3-1527,USR-SCN-022,,BR-RUNNER-0061,CT-R3-1527,P6,SPECIFIED,EXPECTED_NOT_EXECUTED,EVID-SPEC-1527,记录关键人工状态变更审计,"{""outcome"": ""SUCCESS_OR_RULE_DEFINED_REJECTION"", ""description"": ""动作“记录关键人工状态变更审计”完成并形成可追溯结果。"", ""failure_description"": ""返回明确失败原因且不部分提交""}"
ACC-R3-1528,USR-SCN-022,,BR-RUNNER-0062,CT-R3-1528,P2,SPECIFIED,EXPECTED_NOT_EXECUTED,EVID-SPEC-1528,Runner按心跳周期上报,"{""outcome"": ""SUCCESS_OR_RULE_DEFINED_REJECTION"", ""description"": ""仅接受已注册Runner服务身份上报；校验注册有效性、消息序列、防陈旧令牌和可选项目绑定一致性，不执行人类菜单鉴权。"", ""failure_description"": ""返回无权限或超范围结果，业务副作用为零。""}"
ACC-R3-1529,USR-SCN-022,,BR-RUNNER-0063,CT-R3-1529,P8,SPECIFIED,EXPECTED_NOT_EXECUTED,EVID-SPEC-1529,Runner按心跳周期上报,"{""outcome"": ""SUCCESS_OR_RULE_DEFINED_REJECTION"", ""description"": ""在“Runner心跳与状态更新”中，前置条件必须满足：Runner已注册并认证。"", ""failure_description"": ""前置条件不满足时拒绝进入主流程且业务副作用为零。""}"
ACC-R3-1530,USR-SCN-022,,BR-RUNNER-0064,CT-R3-1530,P6,SPECIFIED,EXPECTED_NOT_EXECUTED,EVID-SPEC-1530,恢复心跳后重新诊断；终态任务不因Runner重连回退,"{""outcome"": ""SUCCESS_OR_RULE_DEFINED_REJECTION"", ""description"": ""恢复心跳后重新诊断；终态任务不因Runner重连回退"", ""failure_description"": ""返回明确失败原因且不部分提交""}"
ACC-R3-1531,USR-SCN-022,,BR-RUNNER-0065,CT-R3-1531,P4,SPECIFIED,EXPECTED_NOT_EXECUTED,EVID-SPEC-1531,Runner按心跳周期上报,"{""outcome"": ""SUCCESS_OR_RULE_DEFINED_REJECTION"", ""description"": ""连接: ONLINE↔OFFLINE"", ""failure_description"": ""返回明确失败原因且不部分提交""}"
ACC-R3-1532,USR-SCN-022,,BR-RUNNER-0066,CT-R3-1532,P4,SPECIFIED,EXPECTED_NOT_EXECUTED,EVID-SPEC-1532,Runner按心跳周期上报,"{""outcome"": ""SUCCESS_OR_RULE_DEFINED_REJECTION"", ""description"": ""健康、启停、资源、调度和绑定状态独立变化"", ""failure_description"": ""返回明确失败原因且不部分提交""}"
ACC-R3-1533,USR-SCN-022,,BR-RUNNER-0067,CT-R3-1533,P8,SPECIFIED,EXPECTED_NOT_EXECUTED,EVID-SPEC-1533,Runner按心跳周期上报,"{""outcome"": ""SUCCESS_OR_RULE_DEFINED_REJECTION"", ""description"": ""不同状态维度不混用，调度只使用有效健康与能力投影"", ""failure_description"": ""返回明确失败原因且不部分提交""}"
ACC-R3-1534,USR-SCN-022,,BR-RUNNER-0068,CT-R3-1534,P6,SPECIFIED,EXPECTED_NOT_EXECUTED,EVID-SPEC-1534,先执行场景门禁，再进入首个业务副作用。,"{""outcome"": ""SUCCESS_OR_RULE_DEFINED_REJECTION"", ""description"": ""当“Runner按心跳周期上报”发生时，SYS-RUNNER-AGENT可以发起“Runner心跳与状态更新”；发起后必须先完成本场景前置、权限、范围、资源和并发门禁。"", ""failure_description"": ""门禁不通过时不得产生业务副作用。""}"
ACC-R3-1535,USR-SCN-023,,BR-RUNNER-0069,CT-R3-1535,P6,SPECIFIED,EXPECTED_NOT_EXECUTED,EVID-SPEC-1535,可恢复任务创建新attempt；不可恢复任务进入终态并提示人工处理,"{""outcome"": ""SUCCESS_OR_RULE_DEFINED_REJECTION"", ""description"": ""动作“可恢复任务创建新attempt；不可恢复任务进入终态并提示人工处理”完成并形成可追溯结果。"", ""failure_description"": ""返回明确失败原因且不部分提交""}"
ACC-R3-1536,USR-SCN-023,,BR-RUNNER-0070,CT-R3-1536,P8,SPECIFIED,EXPECTED_NOT_EXECUTED,EVID-SPEC-1536,记录“Runner异常下线和恢复”的发起主体、参与主体、对象ID、权限与数据范围判定、状态前后值、结果/原因码和时间。,"{""outcome"": ""SUCCESS_OR_RULE_DEFINED_REJECTION"", ""description"": ""记录“Runner异常下线和恢复”的发起主体、参与主体、对象ID、权限与数据范围判定、状态前后值、结果/原因码和时间。"", ""failure_description"": ""返回明确失败原因且不部分提交""}"
ACC-R3-1537,USR-SCN-023,,BR-RUNNER-0071,CT-R3-1537,P8,SPECIFIED,EXPECTED_NOT_EXECUTED,EVID-SPEC-1537,受理命令和初始状态在本地原子提交；异步步骤失败不得宣称全局回滚，必须进入明确失败/等待状态并创建恢复或补偿命令。,"{""outcome"": ""SUCCESS_OR_RULE_DEFINED_REJECTION"", ""description"": ""受理命令和初始状态在本地原子提交；异步步骤失败不得宣称全局回滚，必须进入明确失败/等待状态并创建恢复或补偿命令。"", ""failure_description"": ""返回明确失败原因且不部分提交""}"
ACC-R3-1538,USR-SCN-023,,BR-RUNNER-0072,CT-R3-1538,P5,SPECIFIED,EXPECTED_NOT_EXECUTED,EVID-SPEC-1538,心跳超时、执行连接断开或租约续期失败,"{""outcome"": ""SUCCESS_OR_RULE_DEFINED_REJECTION"", ""description"": ""在“Runner异常下线和恢复”中，并发校验必须满足：防陈旧令牌、租约owner和attempt编号隔离。"", ""failure_description"": ""并发门禁不通过时按规则等待、拒绝或返回既有幂等结果。""}"
ACC-R3-1539,USR-SCN-023,,BR-RUNNER-0073,CT-R3-1539,P2,SPECIFIED,EXPECTED_NOT_EXECUTED,EVID-SPEC-1539,心跳超时、执行连接断开或租约续期失败,"{""outcome"": ""SUCCESS_OR_RULE_DEFINED_REJECTION"", ""description"": ""“Runner异常下线和恢复”的读取、写入和历史查询仅作用于明确授权项目及active_scope/history_read_scope；敏感数据另行校验独立权限。"", ""failure_description"": ""超出数据范围时拒绝操作并记录审计。""}"
ACC-R3-1540,USR-SCN-023,,BR-RUNNER-0074,CT-R3-1540,P6,SPECIFIED,EXPECTED_NOT_EXECUTED,EVID-SPEC-1540,心跳超时、执行连接断开或租约续期失败,"{""outcome"": ""SUCCESS_OR_RULE_DEFINED_REJECTION"", ""description"": ""旧Runner重连不得复活旧attempt或覆盖新attempt结果"", ""failure_description"": ""旧Runner重连不得复活旧attempt或覆盖新attempt结果""}"
ACC-R3-1541,USR-SCN-023,,BR-RUNNER-0075,CT-R3-1541,P8,SPECIFIED,EXPECTED_NOT_EXECUTED,EVID-SPEC-1541,心跳超时、执行连接断开或租约续期失败,"{""outcome"": ""SUCCESS_OR_RULE_DEFINED_REJECTION"", ""description"": ""在“Runner异常下线和恢复”中，失败判定必须满足：事务/补偿策略：ASYNC_ORCHESTRATION。。"", ""failure_description"": ""事务/补偿策略：ASYNC_ORCHESTRATION。""}"
ACC-R3-1542,USR-SCN-023,,BR-RUNNER-0076,CT-R3-1542,P6,SPECIFIED,EXPECTED_NOT_EXECUTED,EVID-SPEC-1542,标记Runner连接异常,"{""outcome"": ""SUCCESS_OR_RULE_DEFINED_REJECTION"", ""description"": ""动作“标记Runner连接异常”完成并形成可追溯结果。"", ""failure_description"": ""返回明确失败原因且不部分提交""}"
ACC-R3-1543,USR-SCN-023,,BR-RUNNER-0077,CT-R3-1543,P6,SPECIFIED,EXPECTED_NOT_EXECUTED,EVID-SPEC-1543,冻结旧fencing并停止接受旧结果,"{""outcome"": ""SUCCESS_OR_RULE_DEFINED_REJECTION"", ""description"": ""动作“冻结旧fencing并停止接受旧结果”完成并形成可追溯结果。"", ""failure_description"": ""返回明确失败原因且不部分提交""}"
ACC-R3-1544,USR-SCN-023,,BR-RUNNER-0078,CT-R3-1544,P6,SPECIFIED,EXPECTED_NOT_EXECUTED,EVID-SPEC-1544,将当前attempt最终化为相应异常结果,"{""outcome"": ""SUCCESS_OR_RULE_DEFINED_REJECTION"", ""description"": ""动作“将当前attempt最终化为相应异常结果”完成并形成可追溯结果。"", ""failure_description"": ""返回明确失败原因且不部分提交""}"
ACC-R3-1545,USR-SCN-023,,BR-RUNNER-0079,CT-R3-1545,P6,SPECIFIED,EXPECTED_NOT_EXECUTED,EVID-SPEC-1545,释放或等待租约到期,"{""outcome"": ""SUCCESS_OR_RULE_DEFINED_REJECTION"", ""description"": ""动作“释放或等待租约到期”完成并形成可追溯结果。"", ""failure_description"": ""返回明确失败原因且不部分提交""}"
ACC-R3-1546,USR-SCN-023,,BR-RUNNER-0080,CT-R3-1546,P6,SPECIFIED,EXPECTED_NOT_EXECUTED,EVID-SPEC-1546,按任务规则创建新attempt或人工介入,"{""outcome"": ""SUCCESS_OR_RULE_DEFINED_REJECTION"", ""description"": ""动作“按任务规则创建新attempt或人工介入”完成并形成可追溯结果。"", ""failure_description"": ""返回明确失败原因且不部分提交""}"
ACC-R3-1547,USR-SCN-023,,BR-RUNNER-0081,CT-R3-1547,P6,SPECIFIED,EXPECTED_NOT_EXECUTED,EVID-SPEC-1547,保留已上传证据,"{""outcome"": ""SUCCESS_OR_RULE_DEFINED_REJECTION"", ""description"": ""动作“保留已上传证据”完成并形成可追溯结果。"", ""failure_description"": ""返回明确失败原因且不部分提交""}"
ACC-R3-1548,USR-SCN-023,,BR-RUNNER-0082,CT-R3-1548,P2,SPECIFIED,EXPECTED_NOT_EXECUTED,EVID-SPEC-1548,心跳超时、执行连接断开或租约续期失败,"{""outcome"": ""SUCCESS_OR_RULE_DEFINED_REJECTION"", ""description"": ""SYS-SCHEDULER发起“Runner异常下线和恢复”前必须具备对应菜单、操作或服务授权；系统主体只按自身服务身份执行；越权时拒绝且不产生业务写入。"", ""failure_description"": ""返回无权限或超范围结果，业务副作用为零。""}"
ACC-R3-1549,USR-SCN-023,,BR-RUNNER-0083,CT-R3-1549,P8,SPECIFIED,EXPECTED_NOT_EXECUTED,EVID-SPEC-1549,心跳超时、执行连接断开或租约续期失败,"{""outcome"": ""SUCCESS_OR_RULE_DEFINED_REJECTION"", ""description"": ""在“Runner异常下线和恢复”中，前置条件必须满足：存在运行中attempt或活动资源租约。"", ""failure_description"": ""前置条件不满足时拒绝进入主流程且业务副作用为零。""}"
ACC-R3-1550,USR-SCN-023,,BR-RUNNER-0084,CT-R3-1550,P6,SPECIFIED,EXPECTED_NOT_EXECUTED,EVID-SPEC-1550,密封已产生证据，按幂等恢复命令继续或补偿；旧执行记录保持不可变。,"{""outcome"": ""SUCCESS_OR_RULE_DEFINED_REJECTION"", ""description"": ""密封已产生证据，按幂等恢复命令继续或补偿；旧执行记录保持不可变。"", ""failure_description"": ""返回明确失败原因且不部分提交""}"
ACC-R3-1551,USR-SCN-023,,BR-RUNNER-0085,CT-R3-1551,P6,SPECIFIED,EXPECTED_NOT_EXECUTED,EVID-SPEC-1551,Runner恢复后重新健康诊断；任务按新attempt恢复,"{""outcome"": ""SUCCESS_OR_RULE_DEFINED_REJECTION"", ""description"": ""Runner恢复后重新健康诊断；任务按新attempt恢复"", ""failure_description"": ""返回明确失败原因且不部分提交""}"
ACC-R3-1552,USR-SCN-023,,BR-RUNNER-0086,CT-R3-1552,P4,SPECIFIED,EXPECTED_NOT_EXECUTED,EVID-SPEC-1552,心跳超时、执行连接断开或租约续期失败,"{""outcome"": ""SUCCESS_OR_RULE_DEFINED_REJECTION"", ""description"": ""Runner: ONLINE→OFFLINE→ONLINE"", ""failure_description"": ""返回明确失败原因且不部分提交""}"
ACC-R3-1553,USR-SCN-023,,BR-RUNNER-0087,CT-R3-1553,P4,SPECIFIED,EXPECTED_NOT_EXECUTED,EVID-SPEC-1553,心跳超时、执行连接断开或租约续期失败,"{""outcome"": ""SUCCESS_OR_RULE_DEFINED_REJECTION"", ""description"": ""旧attempt: RUNNING→INTERRUPTED/FAILED；新attempt另建"", ""failure_description"": ""返回明确失败原因且不部分提交""}"
ACC-R3-1554,USR-SCN-023,,BR-RUNNER-0088,CT-R3-1554,P8,SPECIFIED,EXPECTED_NOT_EXECUTED,EVID-SPEC-1554,心跳超时、执行连接断开或租约续期失败,"{""outcome"": ""SUCCESS_OR_RULE_DEFINED_REJECTION"", ""description"": ""无锁泄漏、无旧结果覆盖、执行证据可追溯"", ""failure_description"": ""返回明确失败原因且不部分提交""}"
ACC-R3-1555,USR-SCN-023,,BR-RUNNER-0089,CT-R3-1555,P6,SPECIFIED,EXPECTED_NOT_EXECUTED,EVID-SPEC-1555,先执行场景门禁，再进入首个业务副作用。,"{""outcome"": ""SUCCESS_OR_RULE_DEFINED_REJECTION"", ""description"": ""当“心跳超时、执行连接断开或租约续期失败”发生时，SYS-SCHEDULER可以发起“Runner异常下线和恢复”；发起后必须先完成本场景前置、权限、范围、资源和并发门禁。"", ""failure_description"": ""门禁不通过时不得产生业务副作用。""}"
ACC-R3-1556,USR-SCN-072,,BR-TOOL-0001,CT-R3-1556,P6,SPECIFIED,EXPECTED_NOT_EXECUTED,EVID-SPEC-1556,无法自动切换时进入明确降级或等待恢复状态，并通知获授权人员,"{""outcome"": ""SUCCESS_OR_RULE_DEFINED_REJECTION"", ""description"": ""动作“无法自动切换时进入明确降级或等待恢复状态，并通知获授权人员”完成并形成可追溯结果。"", ""failure_description"": ""返回明确失败原因且不部分提交""}"
ACC-R3-1557,USR-SCN-072|USR-SCN-086,,BR-TOOL-0002,CT-R3-1557,P8,SPECIFIED,EXPECTED_NOT_EXECUTED,EVID-SPEC-1557,组件健康检查、运行异常或受信技术告警触发,"{""outcome"": ""SUCCESS_OR_RULE_DEFINED_REJECTION"", ""description"": ""产生并关联业务审计记录"", ""failure_description"": ""返回明确失败原因且不部分提交""}"
ACC-R3-1558,USR-SCN-072,,BR-TOOL-0003,CT-R3-1558,P8,SPECIFIED,EXPECTED_NOT_EXECUTED,EVID-SPEC-1558,记录“工具或组件异常”的发起主体、参与主体、对象ID、权限与数据范围判定、状态前后值、结果/原因码和时间。,"{""outcome"": ""SUCCESS_OR_RULE_DEFINED_REJECTION"", ""description"": ""记录“工具或组件异常”的发起主体、参与主体、对象ID、权限与数据范围判定、状态前后值、结果/原因码和时间。"", ""failure_description"": ""返回明确失败原因且不部分提交""}"
ACC-R3-1559,USR-SCN-072|USR-SCN-086,,BR-TOOL-0004,CT-R3-1559,P8,SPECIFIED,EXPECTED_NOT_EXECUTED,EVID-SPEC-1559,受理意图和平台状态在本地原子提交；已发生的Runner、模型、被测系统或组件副作用不得宣称全局回滚，失败时密封证据并执行受控补偿/恢复。,"{""outcome"": ""SUCCESS_OR_RULE_DEFINED_REJECTION"", ""description"": ""受理意图和平台状态在本地原子提交；已发生的Runner、模型、被测系统或组件副作用不得宣称全局回滚，失败时密封证据并执行受控补偿/恢复。"", ""failure_description"": ""返回明确失败原因且不部分提交""}"
ACC-R3-1560,USR-SCN-072,,BR-TOOL-0005,CT-R3-1560,P5,SPECIFIED,EXPECTED_NOT_EXECUTED,EVID-SPEC-1560,组件健康检查、运行异常或受信技术告警触发,"{""outcome"": ""SUCCESS_OR_RULE_DEFINED_REJECTION"", ""description"": ""技术流、Webhook和恢复命令幂等；连续序列与多密钥校验"", ""failure_description"": ""并发门禁不通过时按规则等待、拒绝或返回既有幂等结果。""}"
ACC-R3-1561,USR-SCN-072,,BR-TOOL-0006,CT-R3-1561,P2,SPECIFIED,EXPECTED_NOT_EXECUTED,EVID-SPEC-1561,组件健康检查、运行异常或受信技术告警触发,"{""outcome"": ""SUCCESS_OR_RULE_DEFINED_REJECTION"", ""description"": ""平台技术对象按平台技术范围处理；项目业务信息只投影到实际受影响的明确项目/任务范围。不得因组件异常默认取得全部项目业务数据。"", ""failure_description"": ""超出数据范围时拒绝操作并记录审计。""}"
ACC-R3-1562,USR-SCN-072,,BR-TOOL-0007,CT-R3-1562,P6,SPECIFIED,EXPECTED_NOT_EXECUTED,EVID-SPEC-1562,组件健康检查、运行异常或受信技术告警触发,"{""outcome"": ""SUCCESS_OR_RULE_DEFINED_REJECTION"", ""description"": ""告警来源不受信、影响范围无法确定、替代组件不可用或恢复验证失败时拒绝扩大处置范围并保留证据"", ""failure_description"": ""告警来源不受信、影响范围无法确定、替代组件不可用或恢复验证失败时拒绝扩大处置范围并保留证据""}"
ACC-R3-1563,USR-SCN-072|USR-SCN-086,,BR-TOOL-0008,CT-R3-1563,P8,SPECIFIED,EXPECTED_NOT_EXECUTED,EVID-SPEC-1563,组件健康检查、运行异常或受信技术告警触发,"{""outcome"": ""SUCCESS_OR_RULE_DEFINED_REJECTION"", ""description"": ""任一前置、权限、数据范围、并发或明确资源条件不满足，或未进入声明状态、产生越权/重复副作用、证据未密封、审计缺失时失败。"", ""failure_description"": ""任一前置、权限、数据范围、并发或明确资源条件不满足，或未进入声明状态、产生越权/重复副作用、证据未密封、审计缺失时失败。""}"
ACC-R3-1564,USR-SCN-072,,BR-TOOL-0009,CT-R3-1564,P8,SPECIFIED,EXPECTED_NOT_EXECUTED,EVID-SPEC-1564,组件健康检查、运行异常或受信技术告警触发,"{""outcome"": ""SUCCESS_OR_RULE_DEFINED_REJECTION"", ""description"": ""在“工具或组件异常”中，失败判定必须满足：事务/补偿策略：EXTERNAL_SIDE_EFFECT。。"", ""failure_description"": ""事务/补偿策略：EXTERNAL_SIDE_EFFECT。""}"
ACC-R3-1565,USR-SCN-072,,BR-TOOL-0010,CT-R3-1565,P6,SPECIFIED,EXPECTED_NOT_EXECUTED,EVID-SPEC-1565,接收组件健康、运行异常或受信技术告警事件,"{""outcome"": ""SUCCESS_OR_RULE_DEFINED_REJECTION"", ""description"": ""动作“接收组件健康、运行异常或受信技术告警事件”完成并形成可追溯结果。"", ""failure_description"": ""返回明确失败原因且不部分提交""}"
ACC-R3-1566,USR-SCN-072,,BR-TOOL-0011,CT-R3-1566,P6,SPECIFIED,EXPECTED_NOT_EXECUTED,EVID-SPEC-1566,识别受影响平台技术对象、项目和任务，并读取已发布适配器配置,"{""outcome"": ""SUCCESS_OR_RULE_DEFINED_REJECTION"", ""description"": ""动作“识别受影响平台技术对象、项目和任务，并读取已发布适配器配置”完成并形成可追溯结果。"", ""failure_description"": ""返回明确失败原因且不部分提交""}"
ACC-R3-1567,USR-SCN-072,,BR-TOOL-0012,CT-R3-1567,P6,SPECIFIED,EXPECTED_NOT_EXECUTED,EVID-SPEC-1567,生成平台技术告警和受影响范围投影,"{""outcome"": ""SUCCESS_OR_RULE_DEFINED_REJECTION"", ""description"": ""动作“生成平台技术告警和受影响范围投影”完成并形成可追溯结果。"", ""failure_description"": ""返回明确失败原因且不部分提交""}"
ACC-R3-1568,USR-SCN-072,,BR-TOOL-0013,CT-R3-1568,P6,SPECIFIED,EXPECTED_NOT_EXECUTED,EVID-SPEC-1568,按已发布确定性适配器顺序切换、降级或隔离,"{""outcome"": ""SUCCESS_OR_RULE_DEFINED_REJECTION"", ""description"": ""动作“按已发布确定性适配器顺序切换、降级或隔离”完成并形成可追溯结果。"", ""failure_description"": ""返回明确失败原因且不部分提交""}"
ACC-R3-1569,USR-SCN-072,,BR-TOOL-0014,CT-R3-1569,P6,SPECIFIED,EXPECTED_NOT_EXECUTED,EVID-SPEC-1569,必要时创建恢复命令和新的技术流程执行记录,"{""outcome"": ""SUCCESS_OR_RULE_DEFINED_REJECTION"", ""description"": ""动作“必要时创建恢复命令和新的技术流程执行记录”完成并形成可追溯结果。"", ""failure_description"": ""返回明确失败原因且不部分提交""}"
ACC-R3-1570,USR-SCN-072,,BR-TOOL-0015,CT-R3-1570,P6,SPECIFIED,EXPECTED_NOT_EXECUTED,EVID-SPEC-1570,验证恢复结果并保持平台业务状态Owner不变,"{""outcome"": ""SUCCESS_OR_RULE_DEFINED_REJECTION"", ""description"": ""动作“验证恢复结果并保持平台业务状态Owner不变”完成并形成可追溯结果。"", ""failure_description"": ""返回明确失败原因且不部分提交""}"
ACC-R3-1571,USR-SCN-072,,BR-TOOL-0016,CT-R3-1571,P2,SPECIFIED,EXPECTED_NOT_EXECUTED,EVID-SPEC-1571,组件健康检查、运行异常或受信技术告警触发,"{""outcome"": ""SUCCESS_OR_RULE_DEFINED_REJECTION"", ""description"": ""人工处置必须具备TOOL_INTEGRATION_INCIDENT_MANAGE；系统自动处置仅按受信系统身份和已发布策略执行。TECHNICAL_ALERT_ENDPOINT_MANAGE不在异常场景中隐式授予配置发布权。"", ""failure_description"": ""返回无权限或超范围结果，业务副作用为零。""}"
ACC-R3-1572,USR-SCN-072,,BR-TOOL-0017,CT-R3-1572,P8,SPECIFIED,EXPECTED_NOT_EXECUTED,EVID-SPEC-1572,组件健康检查、运行异常或受信技术告警触发,"{""outcome"": ""SUCCESS_OR_RULE_DEFINED_REJECTION"", ""description"": ""组件配置和适配器版本已由独立配置/发布流程生效"", ""failure_description"": ""前置条件不满足时拒绝进入主流程且业务副作用为零。""}"
ACC-R3-1573,USR-SCN-072,,BR-TOOL-0018,CT-R3-1573,P8,SPECIFIED,EXPECTED_NOT_EXECUTED,EVID-SPEC-1573,组件健康检查、运行异常或受信技术告警触发,"{""outcome"": ""SUCCESS_OR_RULE_DEFINED_REJECTION"", ""description"": ""在“工具或组件异常”中，前置条件必须满足：告警来源或健康检查结果可验证。"", ""failure_description"": ""前置条件不满足时拒绝进入主流程且业务副作用为零。""}"
ACC-R3-1574,USR-SCN-072,,BR-TOOL-0019,CT-R3-1574,P8,SPECIFIED,EXPECTED_NOT_EXECUTED,EVID-SPEC-1574,组件健康检查、运行异常或受信技术告警触发,"{""outcome"": ""SUCCESS_OR_RULE_DEFINED_REJECTION"", ""description"": ""在“工具或组件异常”中，前置条件必须满足：平台告警与审计服务可用。"", ""failure_description"": ""前置条件不满足时拒绝进入主流程且业务副作用为零。""}"
ACC-R3-1575,USR-SCN-072|USR-SCN-086,,BR-TOOL-0020,CT-R3-1575,P6,SPECIFIED,EXPECTED_NOT_EXECUTED,EVID-SPEC-1575,保留外部副作用与失败原因，创建新的补偿、恢复或重试记录；不得改写旧执行记录。,"{""outcome"": ""SUCCESS_OR_RULE_DEFINED_REJECTION"", ""description"": ""保留外部副作用与失败原因，创建新的补偿、恢复或重试记录；不得改写旧执行记录。"", ""failure_description"": ""返回明确失败原因且不部分提交""}"
ACC-R3-1576,USR-SCN-072,,BR-TOOL-0021,CT-R3-1576,P6,SPECIFIED,EXPECTED_NOT_EXECUTED,EVID-SPEC-1576,按恢复命令创建新run或切换已验收适配器,"{""outcome"": ""SUCCESS_OR_RULE_DEFINED_REJECTION"", ""description"": ""按恢复命令创建新run或切换已验收适配器"", ""failure_description"": ""返回明确失败原因且不部分提交""}"
ACC-R3-1577,USR-SCN-072|USR-SCN-086,,BR-TOOL-0022,CT-R3-1577,P8,SPECIFIED,EXPECTED_NOT_EXECUTED,EVID-SPEC-1577,执行规则对应动作,"{""outcome"": ""SUCCESS_OR_RULE_DEFINED_REJECTION"", ""description"": ""平台存储/审计：REQUIRED；predicate=TRUE; 平台存储/审计不可用时不得执行对应业务副作用；进入明确的PRESTART_BLOCKED、WAITING_RESOURCE或场景失败结果，并记录资源原因。"", ""failure_description"": ""资源条件不满足时不得执行对应业务副作用；进入明确等待、阻断或失败结果。""}"
ACC-R3-1578,USR-SCN-072,,BR-TOOL-0023,CT-R3-1578,P4,SPECIFIED,EXPECTED_NOT_EXECUTED,EVID-SPEC-1578,组件健康检查、运行异常或受信技术告警触发,"{""outcome"": ""SUCCESS_OR_RULE_DEFINED_REJECTION"", ""description"": ""技术流按独立状态机滚动换代；业务任务状态不由工具覆盖"", ""failure_description"": ""返回明确失败原因且不部分提交""}"
ACC-R3-1579,USR-SCN-072,,BR-TOOL-0024,CT-R3-1579,P8,SPECIFIED,EXPECTED_NOT_EXECUTED,EVID-SPEC-1579,组件健康检查、运行异常或受信技术告警触发,"{""outcome"": ""SUCCESS_OR_RULE_DEFINED_REJECTION"", ""description"": ""组件异常被识别、受影响范围明确、处置/降级和恢复结果可追溯，平台业务状态Owner未转移给工具。"", ""failure_description"": ""返回明确失败原因且不部分提交""}"
ACC-R3-1580,USR-SCN-072,,BR-TOOL-0025,CT-R3-1580,P6,SPECIFIED,EXPECTED_NOT_EXECUTED,EVID-SPEC-1580,先执行场景门禁，再进入首个业务副作用。,"{""outcome"": ""SUCCESS_OR_RULE_DEFINED_REJECTION"", ""description"": ""当“组件健康检查、运行异常或受信技术告警触发”发生时，ROLE-PLATFORM-ADMIN可以发起“工具或组件异常”；发起后必须先完成本场景前置、权限、范围、资源和并发门禁。"", ""failure_description"": ""门禁不通过时不得产生业务副作用。""}"
ACC-R3-1581,USR-SCN-086,,BR-TOOL-0026,CT-R3-1581,P6,SPECIFIED,EXPECTED_NOT_EXECUTED,EVID-SPEC-1581,重复事件返回既有幂等结果,"{""outcome"": ""SUCCESS_OR_RULE_DEFINED_REJECTION"", ""description"": ""动作“重复事件返回既有幂等结果”完成并形成可追溯结果。"", ""failure_description"": ""返回明确失败原因且不部分提交""}"
ACC-R3-1582,USR-SCN-086,,BR-TOOL-0027,CT-R3-1582,P6,SPECIFIED,EXPECTED_NOT_EXECUTED,EVID-SPEC-1582,允许的乱序事件进入受控等待或拒绝,"{""outcome"": ""SUCCESS_OR_RULE_DEFINED_REJECTION"", ""description"": ""动作“允许的乱序事件进入受控等待或拒绝”完成并形成可追溯结果。"", ""failure_description"": ""返回明确失败原因且不部分提交""}"
ACC-R3-1583,USR-SCN-086,,BR-TOOL-0028,CT-R3-1583,P8,SPECIFIED,EXPECTED_NOT_EXECUTED,EVID-SPEC-1583,已发布Webhook Endpoint收到签名请求,"{""outcome"": ""SUCCESS_OR_RULE_DEFINED_REJECTION"", ""description"": ""产生并关联入站技术日志"", ""failure_description"": ""返回明确失败原因且不部分提交""}"
ACC-R3-1584,USR-SCN-086,,BR-TOOL-0029,CT-R3-1584,P8,SPECIFIED,EXPECTED_NOT_EXECUTED,EVID-SPEC-1584,记录“技术告警Webhook接入”的发起主体、参与主体、对象ID、权限与数据范围判定、状态前后值、结果/原因码和时间。,"{""outcome"": ""SUCCESS_OR_RULE_DEFINED_REJECTION"", ""description"": ""记录“技术告警Webhook接入”的发起主体、参与主体、对象ID、权限与数据范围判定、状态前后值、结果/原因码和时间。"", ""failure_description"": ""返回明确失败原因且不部分提交""}"
ACC-R3-1585,USR-SCN-086,,BR-TOOL-0030,CT-R3-1585,P5,SPECIFIED,EXPECTED_NOT_EXECUTED,EVID-SPEC-1585,已发布Webhook Endpoint收到签名请求,"{""outcome"": ""SUCCESS_OR_RULE_DEFINED_REJECTION"", ""description"": ""在“技术告警Webhook接入”中，并发校验必须满足：event_identity幂等；sequence CAS；批次终态不可回退。"", ""failure_description"": ""并发门禁不通过时按规则等待、拒绝或返回既有幂等结果。""}"
ACC-R3-1586,USR-SCN-086,,BR-TOOL-0031,CT-R3-1586,P2,SPECIFIED,EXPECTED_NOT_EXECUTED,EVID-SPEC-1586,已发布Webhook Endpoint收到签名请求,"{""outcome"": ""SUCCESS_OR_RULE_DEFINED_REJECTION"", ""description"": ""按Endpoint绑定租户和项目范围派生，不信任payload自报范围"", ""failure_description"": ""超出数据范围时拒绝操作并记录审计。""}"
ACC-R3-1587,USR-SCN-086,,BR-TOOL-0032,CT-R3-1587,P6,SPECIFIED,EXPECTED_NOT_EXECUTED,EVID-SPEC-1587,已发布Webhook Endpoint收到签名请求,"{""outcome"": ""SUCCESS_OR_RULE_DEFINED_REJECTION"", ""description"": ""在“技术告警Webhook接入”中，异常流程必须满足：验签失败、Endpoint停用、租户不一致或序列冲突时拒绝并审计。"", ""failure_description"": ""验签失败、Endpoint停用、租户不一致或序列冲突时拒绝并审计""}"
ACC-R3-1588,USR-SCN-086,,BR-TOOL-0033,CT-R3-1588,P8,SPECIFIED,EXPECTED_NOT_EXECUTED,EVID-SPEC-1588,已发布Webhook Endpoint收到签名请求,"{""outcome"": ""SUCCESS_OR_RULE_DEFINED_REJECTION"", ""description"": ""在“技术告警Webhook接入”中，失败判定必须满足：事务/补偿策略：EXTERNAL_SIDE_EFFECT。。"", ""failure_description"": ""事务/补偿策略：EXTERNAL_SIDE_EFFECT。""}"
ACC-R3-1589,USR-SCN-086,,BR-TOOL-0034,CT-R3-1589,P6,SPECIFIED,EXPECTED_NOT_EXECUTED,EVID-SPEC-1589,验签并解析租户,"{""outcome"": ""SUCCESS_OR_RULE_DEFINED_REJECTION"", ""description"": ""动作“验签并解析租户”完成并形成可追溯结果。"", ""failure_description"": ""返回明确失败原因且不部分提交""}"
ACC-R3-1590,USR-SCN-086,,BR-TOOL-0035,CT-R3-1590,P6,SPECIFIED,EXPECTED_NOT_EXECUTED,EVID-SPEC-1590,检查Endpoint状态和来源身份,"{""outcome"": ""SUCCESS_OR_RULE_DEFINED_REJECTION"", ""description"": ""动作“检查Endpoint状态和来源身份”完成并形成可追溯结果。"", ""failure_description"": ""返回明确失败原因且不部分提交""}"
ACC-R3-1591,USR-SCN-086,,BR-TOOL-0036,CT-R3-1591,P6,SPECIFIED,EXPECTED_NOT_EXECUTED,EVID-SPEC-1591,执行幂等去重与sequence检查,"{""outcome"": ""SUCCESS_OR_RULE_DEFINED_REJECTION"", ""description"": ""动作“执行幂等去重与sequence检查”完成并形成可追溯结果。"", ""failure_description"": ""返回明确失败原因且不部分提交""}"
ACC-R3-1592,USR-SCN-086,,BR-TOOL-0037,CT-R3-1592,P6,SPECIFIED,EXPECTED_NOT_EXECUTED,EVID-SPEC-1592,创建入站批次和首次业务告警事件,"{""outcome"": ""SUCCESS_OR_RULE_DEFINED_REJECTION"", ""description"": ""动作“创建入站批次和首次业务告警事件”完成并形成可追溯结果。"", ""failure_description"": ""返回明确失败原因且不部分提交""}"
ACC-R3-1593,USR-SCN-086,,BR-TOOL-0038,CT-R3-1593,P6,SPECIFIED,EXPECTED_NOT_EXECUTED,EVID-SPEC-1593,写入审计并返回确定结果,"{""outcome"": ""SUCCESS_OR_RULE_DEFINED_REJECTION"", ""description"": ""动作“写入审计并返回确定结果”完成并形成可追溯结果。"", ""failure_description"": ""返回明确失败原因且不部分提交""}"
ACC-R3-1594,USR-SCN-086,,BR-TOOL-0039,CT-R3-1594,P2,SPECIFIED,EXPECTED_NOT_EXECUTED,EVID-SPEC-1594,已发布Webhook Endpoint收到签名请求,"{""outcome"": ""SUCCESS_OR_RULE_DEFINED_REJECTION"", ""description"": ""Endpoint发布由平台管理员或明确授权主体执行；入站调用使用机器身份而非用户菜单权限"", ""failure_description"": ""返回无权限或超范围结果，业务副作用为零。""}"
ACC-R3-1595,USR-SCN-086,,BR-TOOL-0040,CT-R3-1595,P8,SPECIFIED,EXPECTED_NOT_EXECUTED,EVID-SPEC-1595,已发布Webhook Endpoint收到签名请求,"{""outcome"": ""SUCCESS_OR_RULE_DEFINED_REJECTION"", ""description"": ""Endpoint修订已发布"", ""failure_description"": ""前置条件不满足时拒绝进入主流程且业务副作用为零。""}"
ACC-R3-1596,USR-SCN-086,,BR-TOOL-0041,CT-R3-1596,P8,SPECIFIED,EXPECTED_NOT_EXECUTED,EVID-SPEC-1596,已发布Webhook Endpoint收到签名请求,"{""outcome"": ""SUCCESS_OR_RULE_DEFINED_REJECTION"", ""description"": ""在“技术告警Webhook接入”中，前置条件必须满足：签名密钥、租户派生、去重和顺序规则有效。"", ""failure_description"": ""前置条件不满足时拒绝进入主流程且业务副作用为零。""}"
ACC-R3-1597,USR-SCN-086,,BR-TOOL-0042,CT-R3-1597,P6,SPECIFIED,EXPECTED_NOT_EXECUTED,EVID-SPEC-1597,修复Endpoint或密钥后按原幂等键重放,"{""outcome"": ""SUCCESS_OR_RULE_DEFINED_REJECTION"", ""description"": ""在“技术告警Webhook接入”中，恢复必须满足：修复Endpoint或密钥后按原幂等键重放。"", ""failure_description"": ""返回明确失败原因且不部分提交""}"
ACC-R3-1598,USR-SCN-086,,BR-TOOL-0043,CT-R3-1598,P4,SPECIFIED,EXPECTED_NOT_EXECUTED,EVID-SPEC-1598,已发布Webhook Endpoint收到签名请求,"{""outcome"": ""SUCCESS_OR_RULE_DEFINED_REJECTION"", ""description"": ""入站批次: RECEIVED→VALIDATED→COMPLETED/REJECTED"", ""failure_description"": ""返回明确失败原因且不部分提交""}"
ACC-R3-1599,USR-SCN-086,,BR-TOOL-0044,CT-R3-1599,P4,SPECIFIED,EXPECTED_NOT_EXECUTED,EVID-SPEC-1599,已发布Webhook Endpoint收到签名请求,"{""outcome"": ""SUCCESS_OR_RULE_DEFINED_REJECTION"", ""description"": ""技术告警: 不存在→OPEN或既有事件去重"", ""failure_description"": ""返回明确失败原因且不部分提交""}"
ACC-R3-1600,USR-SCN-086,,BR-TOOL-0045,CT-R3-1600,P8,SPECIFIED,EXPECTED_NOT_EXECUTED,EVID-SPEC-1600,已发布Webhook Endpoint收到签名请求,"{""outcome"": ""SUCCESS_OR_RULE_DEFINED_REJECTION"", ""description"": ""合法事件只创建一次业务告警并可追溯"", ""failure_description"": ""返回明确失败原因且不部分提交""}"
ACC-R3-1601,USR-SCN-086,,BR-TOOL-0046,CT-R3-1601,P6,SPECIFIED,EXPECTED_NOT_EXECUTED,EVID-SPEC-1601,先执行场景门禁，再进入首个业务副作用。,"{""outcome"": ""SUCCESS_OR_RULE_DEFINED_REJECTION"", ""description"": ""当“已发布Webhook Endpoint收到签名请求”发生时，EXT-OBSERVABILITY可以发起“技术告警Webhook接入”；发起后必须先完成本场景前置、权限、范围、资源和并发门禁。"", ""failure_description"": ""门禁不通过时不得产生业务副作用。""}"
ACC-R3-1602,USR-SCN-001,,BR-USER-0001,CT-R3-1602,P6,SPECIFIED,EXPECTED_NOT_EXECUTED,EVID-SPEC-1602,重复初始化请求以幂等键返回既有结果,"{""outcome"": ""SUCCESS_OR_RULE_DEFINED_REJECTION"", ""description"": ""动作“重复初始化请求以幂等键返回既有结果”完成并形成可追溯结果。"", ""failure_description"": ""返回明确失败原因且不部分提交""}"
ACC-R3-1603,USR-SCN-001|USR-SCN-002|USR-SCN-003|USR-SCN-004|USR-SCN-080|USR-SCN-082|USR-SCN-084,,BR-USER-0002,CT-R3-1603,P8,SPECIFIED,EXPECTED_NOT_EXECUTED,EVID-SPEC-1603,首次部署由Bootstrap安装过程触发，普通用户不可重复发起,"{""outcome"": ""SUCCESS_OR_RULE_DEFINED_REJECTION"", ""description"": ""产生并关联业务审计记录"", ""failure_description"": ""返回明确失败原因且不部分提交""}"
ACC-R3-1604,USR-SCN-001,,BR-USER-0003,CT-R3-1604,P8,SPECIFIED,EXPECTED_NOT_EXECUTED,EVID-SPEC-1604,记录“系统首次初始化”的发起主体、参与主体、对象ID、权限与数据范围判定、状态前后值、结果/原因码和时间。,"{""outcome"": ""SUCCESS_OR_RULE_DEFINED_REJECTION"", ""description"": ""记录“系统首次初始化”的发起主体、参与主体、对象ID、权限与数据范围判定、状态前后值、结果/原因码和时间。"", ""failure_description"": ""返回明确失败原因且不部分提交""}"
ACC-R3-1605,USR-SCN-001,,BR-USER-0004,CT-R3-1605,P8,SPECIFIED,EXPECTED_NOT_EXECUTED,EVID-SPEC-1605,本地状态变化、不可变事件和审计在同一原子提交边界内完成；提交前审计失败则不提交或回滚本地变化。,"{""outcome"": ""SUCCESS_OR_RULE_DEFINED_REJECTION"", ""description"": ""在“系统首次初始化”中，审计必须满足：本地状态变化、不可变事件和审计在同一原子提交边界内完成；提交前审计失败则不提交或回滚本地变化。。"", ""failure_description"": ""返回明确失败原因且不部分提交""}"
ACC-R3-1606,USR-SCN-001,,BR-USER-0005,CT-R3-1606,P5,SPECIFIED,EXPECTED_NOT_EXECUTED,EVID-SPEC-1606,首次部署由Bootstrap安装过程触发，普通用户不可重复发起,"{""outcome"": ""SUCCESS_OR_RULE_DEFINED_REJECTION"", ""description"": ""在“系统首次初始化”中，并发校验必须满足：初始化唯一键和事务幂等。"", ""failure_description"": ""并发门禁不通过时按规则等待、拒绝或返回既有幂等结果。""}"
ACC-R3-1607,USR-SCN-001,,BR-USER-0006,CT-R3-1607,P2,SPECIFIED,EXPECTED_NOT_EXECUTED,EVID-SPEC-1607,首次部署由Bootstrap安装过程触发，普通用户不可重复发起,"{""outcome"": ""SUCCESS_OR_RULE_DEFINED_REJECTION"", ""description"": ""在“系统首次初始化”中，数据范围必须满足：平台全局初始化范围。"", ""failure_description"": ""超出数据范围时拒绝操作并记录审计。""}"
ACC-R3-1608,USR-SCN-001,,BR-USER-0007,CT-R3-1608,P6,SPECIFIED,EXPECTED_NOT_EXECUTED,EVID-SPEC-1608,首次部署由Bootstrap安装过程触发，普通用户不可重复发起,"{""outcome"": ""SUCCESS_OR_RULE_DEFINED_REJECTION"", ""description"": ""在“系统首次初始化”中，异常流程必须满足：任一对象或审计写入失败则整体回滚。"", ""failure_description"": ""任一对象或审计写入失败则整体回滚""}"
ACC-R3-1609,USR-SCN-001,,BR-USER-0008,CT-R3-1609,P6,SPECIFIED,EXPECTED_NOT_EXECUTED,EVID-SPEC-1609,首次部署由Bootstrap安装过程触发，普通用户不可重复发起,"{""outcome"": ""SUCCESS_OR_RULE_DEFINED_REJECTION"", ""description"": ""禁止创建第二个可绑定SUPER_ADMIN的主体"", ""failure_description"": ""禁止创建第二个可绑定SUPER_ADMIN的主体""}"
ACC-R3-1610,USR-SCN-001|USR-SCN-002|USR-SCN-003|USR-SCN-004|USR-SCN-080|USR-SCN-082|USR-SCN-084,,BR-USER-0009,CT-R3-1610,P8,SPECIFIED,EXPECTED_NOT_EXECUTED,EVID-SPEC-1610,首次部署由Bootstrap安装过程触发，普通用户不可重复发起,"{""outcome"": ""SUCCESS_OR_RULE_DEFINED_REJECTION"", ""description"": ""任一前置、权限、数据范围、并发或明确资源条件不满足，或未进入声明状态、产生越权/重复副作用、证据未密封、审计缺失时失败。"", ""failure_description"": ""任一前置、权限、数据范围、并发或明确资源条件不满足，或未进入声明状态、产生越权/重复副作用、证据未密封、审计缺失时失败。""}"
ACC-R3-1611,USR-SCN-001,,BR-USER-0010,CT-R3-1611,P8,SPECIFIED,EXPECTED_NOT_EXECUTED,EVID-SPEC-1611,首次部署由Bootstrap安装过程触发，普通用户不可重复发起,"{""outcome"": ""SUCCESS_OR_RULE_DEFINED_REJECTION"", ""description"": ""在“系统首次初始化”中，失败判定必须满足：事务/补偿策略：LOCAL_TRANSACTION。。"", ""failure_description"": ""事务/补偿策略：LOCAL_TRANSACTION。""}"
ACC-R3-1612,USR-SCN-001,,BR-USER-0011,CT-R3-1612,P6,SPECIFIED,EXPECTED_NOT_EXECUTED,EVID-SPEC-1612,在单一事务中创建USER admin,"{""outcome"": ""SUCCESS_OR_RULE_DEFINED_REJECTION"", ""description"": ""动作“在单一事务中创建USER admin”完成并形成可追溯结果。"", ""failure_description"": ""返回明确失败原因且不部分提交""}"
ACC-R3-1613,USR-SCN-001,,BR-USER-0012,CT-R3-1613,P6,SPECIFIED,EXPECTED_NOT_EXECUTED,EVID-SPEC-1613,创建并绑定SUPER_ADMIN系统角色,"{""outcome"": ""SUCCESS_OR_RULE_DEFINED_REJECTION"", ""description"": ""动作“创建并绑定SUPER_ADMIN系统角色”完成并形成可追溯结果。"", ""failure_description"": ""返回明确失败原因且不部分提交""}"
ACC-R3-1614,USR-SCN-001,,BR-USER-0013,CT-R3-1614,P6,SPECIFIED,EXPECTED_NOT_EXECUTED,EVID-SPEC-1614,设置用户ACTIVE、凭据ACTIVE、credential_version=1、force_password_change=true、failed_login_count=0且locked_until为空,"{""outcome"": ""SUCCESS_OR_RULE_DEFINED_REJECTION"", ""description"": ""动作“设置用户ACTIVE、凭据ACTIVE、credential_version=1、force_password_change=true、failed_login_count=0且locked_until为空”完成并形成可追溯结果。"", ""failure_description"": ""返回明确失败原因且不部分提交""}"
ACC-R3-1615,USR-SCN-001,,BR-USER-0014,CT-R3-1615,P6,SPECIFIED,EXPECTED_NOT_EXECUTED,EVID-SPEC-1615,写入不可变初始化审计,"{""outcome"": ""SUCCESS_OR_RULE_DEFINED_REJECTION"", ""description"": ""动作“写入不可变初始化审计”完成并形成可追溯结果。"", ""failure_description"": ""返回明确失败原因且不部分提交""}"
ACC-R3-1616,USR-SCN-001,,BR-USER-0015,CT-R3-1616,P6,SPECIFIED,EXPECTED_NOT_EXECUTED,EVID-SPEC-1616,提交初始化标记,"{""outcome"": ""SUCCESS_OR_RULE_DEFINED_REJECTION"", ""description"": ""动作“提交初始化标记”完成并形成可追溯结果。"", ""failure_description"": ""返回明确失败原因且不部分提交""}"
ACC-R3-1617,USR-SCN-001,,BR-USER-0016,CT-R3-1617,P2,SPECIFIED,EXPECTED_NOT_EXECUTED,EVID-SPEC-1617,首次部署由Bootstrap安装过程触发，普通用户不可重复发起,"{""outcome"": ""SUCCESS_OR_RULE_DEFINED_REJECTION"", ""description"": ""在“系统首次初始化”中，权限校验必须满足：仅受控初始化服务可执行；普通角色不能调用。"", ""failure_description"": ""返回无权限或超范围结果，业务副作用为零。""}"
ACC-R3-1618,USR-SCN-001,,BR-USER-0017,CT-R3-1618,P8,SPECIFIED,EXPECTED_NOT_EXECUTED,EVID-SPEC-1618,首次部署由Bootstrap安装过程触发，普通用户不可重复发起,"{""outcome"": ""SUCCESS_OR_RULE_DEFINED_REJECTION"", ""description"": ""在“系统首次初始化”中，前置条件必须满足：数据库、安全配置和审计服务可用。"", ""failure_description"": ""前置条件不满足时拒绝进入主流程且业务副作用为零。""}"
ACC-R3-1619,USR-SCN-001,,BR-USER-0018,CT-R3-1619,P8,SPECIFIED,EXPECTED_NOT_EXECUTED,EVID-SPEC-1619,首次部署由Bootstrap安装过程触发，普通用户不可重复发起,"{""outcome"": ""SUCCESS_OR_RULE_DEFINED_REJECTION"", ""description"": ""不存在已完成初始化记录"", ""failure_description"": ""前置条件不满足时拒绝进入主流程且业务副作用为零。""}"
ACC-R3-1620,USR-SCN-001|USR-SCN-002|USR-SCN-003|USR-SCN-004|USR-SCN-080|USR-SCN-082|USR-SCN-084,,BR-USER-0019,CT-R3-1620,P6,SPECIFIED,EXPECTED_NOT_EXECUTED,EVID-SPEC-1620,修复前置原因后使用幂等命令重试；不得改写已提交历史。,"{""outcome"": ""SUCCESS_OR_RULE_DEFINED_REJECTION"", ""description"": ""修复前置原因后使用幂等命令重试；不得改写已提交历史。"", ""failure_description"": ""返回明确失败原因且不部分提交""}"
ACC-R3-1621,USR-SCN-001,,BR-USER-0020,CT-R3-1621,P6,SPECIFIED,EXPECTED_NOT_EXECUTED,EVID-SPEC-1621,事务回滚后使用同一幂等键重试,"{""outcome"": ""SUCCESS_OR_RULE_DEFINED_REJECTION"", ""description"": ""事务回滚后使用同一幂等键重试"", ""failure_description"": ""返回明确失败原因且不部分提交""}"
ACC-R3-1622,USR-SCN-001|USR-SCN-002|USR-SCN-003|USR-SCN-004|USR-SCN-080|USR-SCN-082|USR-SCN-084,,BR-USER-0021,CT-R3-1622,P8,SPECIFIED,EXPECTED_NOT_EXECUTED,EVID-SPEC-1622,执行规则对应动作,"{""outcome"": ""SUCCESS_OR_RULE_DEFINED_REJECTION"", ""description"": ""平台存储/审计：REQUIRED；predicate=TRUE; 平台存储/审计不可用时不得执行对应业务副作用；进入明确的PRESTART_BLOCKED、WAITING_RESOURCE或场景失败结果，并记录资源原因。"", ""failure_description"": ""资源条件不满足时不得执行对应业务副作用；进入明确等待、阻断或失败结果。""}"
ACC-R3-1623,USR-SCN-001,,BR-USER-0022,CT-R3-1623,P4,SPECIFIED,EXPECTED_NOT_EXECUTED,EVID-SPEC-1623,首次部署由Bootstrap安装过程触发，普通用户不可重复发起,"{""outcome"": ""SUCCESS_OR_RULE_DEFINED_REJECTION"", ""description"": ""用户: 不存在→ACTIVE；凭据: 不存在→ACTIVE；临时安全锁未生效"", ""failure_description"": ""返回明确失败原因且不部分提交""}"
ACC-R3-1624,USR-SCN-001|USR-SCN-002,,BR-USER-0023,CT-R3-1624,P4,SPECIFIED,EXPECTED_NOT_EXECUTED,EVID-SPEC-1624,首次部署由Bootstrap安装过程触发，普通用户不可重复发起,"{""outcome"": ""SUCCESS_OR_RULE_DEFINED_REJECTION"", ""description"": ""角色绑定: 不存在→ACTIVE"", ""failure_description"": ""返回明确失败原因且不部分提交""}"
ACC-R3-1625,USR-SCN-001,,BR-USER-0024,CT-R3-1625,P8,SPECIFIED,EXPECTED_NOT_EXECUTED,EVID-SPEC-1625,首次部署由Bootstrap安装过程触发，普通用户不可重复发起,"{""outcome"": ""SUCCESS_OR_RULE_DEFINED_REJECTION"", ""description"": ""admin存在且不可删除、停用、归档或解除SUPER_ADMIN绑定"", ""failure_description"": ""返回明确失败原因且不部分提交""}"
ACC-R3-1626,USR-SCN-001,,BR-USER-0025,CT-R3-1626,P6,SPECIFIED,EXPECTED_NOT_EXECUTED,EVID-SPEC-1626,先执行场景门禁，再进入首个业务副作用。,"{""outcome"": ""SUCCESS_OR_RULE_DEFINED_REJECTION"", ""description"": ""当“首次部署由Bootstrap安装过程触发，普通用户不可重复发起”发生时，SYS-PLATFORM-SERVICE可以发起“系统首次初始化”；发起后必须先完成本场景前置、权限、范围、资源和并发门禁。"", ""failure_description"": ""门禁不通过时不得产生业务副作用。""}"
ACC-R3-1627,USR-SCN-002,,BR-USER-0026,CT-R3-1627,P6,SPECIFIED,EXPECTED_NOT_EXECUTED,EVID-SPEC-1627,可先创建用户再分配角色；无有效授权时只能保留未授权状态,"{""outcome"": ""SUCCESS_OR_RULE_DEFINED_REJECTION"", ""description"": ""动作“可先创建用户再分配角色；无有效授权时只能保留未授权状态”完成并形成可追溯结果。"", ""failure_description"": ""返回明确失败原因且不部分提交""}"
ACC-R3-1628,USR-SCN-002,,BR-USER-0027,CT-R3-1628,P8,SPECIFIED,EXPECTED_NOT_EXECUTED,EVID-SPEC-1628,记录“管理员新增用户并分配角色”的发起主体、参与主体、对象ID、权限与数据范围判定、状态前后值、结果/原因码和时间。,"{""outcome"": ""SUCCESS_OR_RULE_DEFINED_REJECTION"", ""description"": ""记录“管理员新增用户并分配角色”的发起主体、参与主体、对象ID、权限与数据范围判定、状态前后值、结果/原因码和时间。"", ""failure_description"": ""返回明确失败原因且不部分提交""}"
ACC-R3-1629,USR-SCN-002,,BR-USER-0028,CT-R3-1629,P8,SPECIFIED,EXPECTED_NOT_EXECUTED,EVID-SPEC-1629,本地状态变化、不可变事件和审计在同一原子提交边界内完成；提交前审计失败则不提交或回滚本地变化。,"{""outcome"": ""SUCCESS_OR_RULE_DEFINED_REJECTION"", ""description"": ""在“管理员新增用户并分配角色”中，审计必须满足：本地状态变化、不可变事件和审计在同一原子提交边界内完成；提交前审计失败则不提交或回滚本地变化。。"", ""failure_description"": ""返回明确失败原因且不部分提交""}"
ACC-R3-1630,USR-SCN-002|USR-SCN-003,,BR-USER-0029,CT-R3-1630,P5,SPECIFIED,EXPECTED_NOT_EXECUTED,EVID-SPEC-1630,发起管理员新增用户并分配角色,"{""outcome"": ""SUCCESS_OR_RULE_DEFINED_REJECTION"", ""description"": ""写操作使用幂等键和CAS，运行时按正式锁/租约规则"", ""failure_description"": ""并发门禁不通过时按规则等待、拒绝或返回既有幂等结果。""}"
ACC-R3-1631,USR-SCN-002,,BR-USER-0030,CT-R3-1631,P2,SPECIFIED,EXPECTED_NOT_EXECUTED,EVID-SPEC-1631,发起管理员新增用户并分配角色,"{""outcome"": ""SUCCESS_OR_RULE_DEFINED_REJECTION"", ""description"": ""“管理员新增用户并分配角色”的读取、写入和历史查询仅作用于平台全局范围；敏感数据另行校验独立权限。"", ""failure_description"": ""超出数据范围时拒绝操作并记录审计。""}"
ACC-R3-1632,USR-SCN-002,,BR-USER-0031,CT-R3-1632,P6,SPECIFIED,EXPECTED_NOT_EXECUTED,EVID-SPEC-1632,发起管理员新增用户并分配角色,"{""outcome"": ""SUCCESS_OR_RULE_DEFINED_REJECTION"", ""description"": ""在“管理员新增用户并分配角色”中，异常流程必须满足：重复账号、停用角色、越权转授或审计失败时拒绝/回滚。"", ""failure_description"": ""重复账号、停用角色、越权转授或审计失败时拒绝/回滚""}"
ACC-R3-1633,USR-SCN-002,,BR-USER-0032,CT-R3-1633,P8,SPECIFIED,EXPECTED_NOT_EXECUTED,EVID-SPEC-1633,发起管理员新增用户并分配角色,"{""outcome"": ""SUCCESS_OR_RULE_DEFINED_REJECTION"", ""description"": ""在“管理员新增用户并分配角色”中，失败判定必须满足：事务/补偿策略：LOCAL_TRANSACTION。。"", ""failure_description"": ""事务/补偿策略：LOCAL_TRANSACTION。""}"
ACC-R3-1634,USR-SCN-002,,BR-USER-0033,CT-R3-1634,P6,SPECIFIED,EXPECTED_NOT_EXECUTED,EVID-SPEC-1634,校验账号唯一和授权上限,"{""outcome"": ""SUCCESS_OR_RULE_DEFINED_REJECTION"", ""description"": ""动作“校验账号唯一和授权上限”完成并形成可追溯结果。"", ""failure_description"": ""返回明确失败原因且不部分提交""}"
ACC-R3-1635,USR-SCN-002,,BR-USER-0034,CT-R3-1635,P6,SPECIFIED,EXPECTED_NOT_EXECUTED,EVID-SPEC-1635,创建USER并设置业务/安全状态,"{""outcome"": ""SUCCESS_OR_RULE_DEFINED_REJECTION"", ""description"": ""动作“创建USER并设置业务/安全状态”完成并形成可追溯结果。"", ""failure_description"": ""返回明确失败原因且不部分提交""}"
ACC-R3-1636,USR-SCN-002,,BR-USER-0035,CT-R3-1636,P6,SPECIFIED,EXPECTED_NOT_EXECUTED,EVID-SPEC-1636,创建有有效期的角色绑定,"{""outcome"": ""SUCCESS_OR_RULE_DEFINED_REJECTION"", ""description"": ""动作“创建有有效期的角色绑定”完成并形成可追溯结果。"", ""failure_description"": ""返回明确失败原因且不部分提交""}"
ACC-R3-1637,USR-SCN-002,,BR-USER-0036,CT-R3-1637,P6,SPECIFIED,EXPECTED_NOT_EXECUTED,EVID-SPEC-1637,按需创建项目成员、职责和范围,"{""outcome"": ""SUCCESS_OR_RULE_DEFINED_REJECTION"", ""description"": ""动作“按需创建项目成员、职责和范围”完成并形成可追溯结果。"", ""failure_description"": ""返回明确失败原因且不部分提交""}"
ACC-R3-1638,USR-SCN-002,,BR-USER-0037,CT-R3-1638,P6,SPECIFIED,EXPECTED_NOT_EXECUTED,EVID-SPEC-1638,写入审计,"{""outcome"": ""SUCCESS_OR_RULE_DEFINED_REJECTION"", ""description"": ""动作“写入审计”完成并形成可追溯结果。"", ""failure_description"": ""返回明确失败原因且不部分提交""}"
ACC-R3-1639,USR-SCN-002,,BR-USER-0038,CT-R3-1639,P2,SPECIFIED,EXPECTED_NOT_EXECUTED,EVID-SPEC-1639,发起管理员新增用户并分配角色,"{""outcome"": ""SUCCESS_OR_RULE_DEFINED_REJECTION"", ""description"": ""在“管理员新增用户并分配角色”中，权限校验必须满足：USER_CREATE、ROLE_BIND、PROJECT_MEMBER授权。"", ""failure_description"": ""返回无权限或超范围结果，业务副作用为零。""}"
ACC-R3-1640,USR-SCN-002,,BR-USER-0039,CT-R3-1640,P2,SPECIFIED,EXPECTED_NOT_EXECUTED,EVID-SPEC-1640,发起管理员新增用户并分配角色,"{""outcome"": ""SUCCESS_OR_RULE_DEFINED_REJECTION"", ""description"": ""不得授予发起人不拥有或不可转授的权限"", ""failure_description"": ""返回无权限或超范围结果，业务副作用为零。""}"
ACC-R3-1641,USR-SCN-002,,BR-USER-0040,CT-R3-1641,P8,SPECIFIED,EXPECTED_NOT_EXECUTED,EVID-SPEC-1641,发起管理员新增用户并分配角色,"{""outcome"": ""SUCCESS_OR_RULE_DEFINED_REJECTION"", ""description"": ""在“管理员新增用户并分配角色”中，前置条件必须满足：发起人拥有用户、角色和范围授权权限。"", ""failure_description"": ""前置条件不满足时拒绝进入主流程且业务副作用为零。""}"
ACC-R3-1642,USR-SCN-002,,BR-USER-0041,CT-R3-1642,P8,SPECIFIED,EXPECTED_NOT_EXECUTED,EVID-SPEC-1642,发起管理员新增用户并分配角色,"{""outcome"": ""SUCCESS_OR_RULE_DEFINED_REJECTION"", ""description"": ""在“管理员新增用户并分配角色”中，前置条件必须满足：目标账号唯一。"", ""failure_description"": ""前置条件不满足时拒绝进入主流程且业务副作用为零。""}"
ACC-R3-1643,USR-SCN-002,,BR-USER-0042,CT-R3-1643,P8,SPECIFIED,EXPECTED_NOT_EXECUTED,EVID-SPEC-1643,发起管理员新增用户并分配角色,"{""outcome"": ""SUCCESS_OR_RULE_DEFINED_REJECTION"", ""description"": ""在“管理员新增用户并分配角色”中，前置条件必须满足：目标角色ACTIVE。"", ""failure_description"": ""前置条件不满足时拒绝进入主流程且业务副作用为零。""}"
ACC-R3-1644,USR-SCN-002,,BR-USER-0043,CT-R3-1644,P6,SPECIFIED,EXPECTED_NOT_EXECUTED,EVID-SPEC-1644,修正重复、范围或角色状态后重试,"{""outcome"": ""SUCCESS_OR_RULE_DEFINED_REJECTION"", ""description"": ""在“管理员新增用户并分配角色”中，恢复必须满足：修正重复、范围或角色状态后重试。"", ""failure_description"": ""返回明确失败原因且不部分提交""}"
ACC-R3-1645,USR-SCN-002,,BR-USER-0044,CT-R3-1645,P4,SPECIFIED,EXPECTED_NOT_EXECUTED,EVID-SPEC-1645,发起管理员新增用户并分配角色,"{""outcome"": ""SUCCESS_OR_RULE_DEFINED_REJECTION"", ""description"": ""用户: 不存在→ACTIVE"", ""failure_description"": ""返回明确失败原因且不部分提交""}"
ACC-R3-1646,USR-SCN-002,,BR-USER-0045,CT-R3-1646,P8,SPECIFIED,EXPECTED_NOT_EXECUTED,EVID-SPEC-1646,发起管理员新增用户并分配角色,"{""outcome"": ""SUCCESS_OR_RULE_DEFINED_REJECTION"", ""description"": ""用户可在角色与数据范围内登录和操作"", ""failure_description"": ""返回明确失败原因且不部分提交""}"
ACC-R3-1647,USR-SCN-002,,BR-USER-0046,CT-R3-1647,P6,SPECIFIED,EXPECTED_NOT_EXECUTED,EVID-SPEC-1647,先执行场景门禁，再进入首个业务副作用。,"{""outcome"": ""SUCCESS_OR_RULE_DEFINED_REJECTION"", ""description"": ""当“发起管理员新增用户并分配角色”发生时，ROLE-PLATFORM-ADMIN可以发起“管理员新增用户并分配角色”；发起后必须先完成本场景前置、权限、范围、资源和并发门禁。"", ""failure_description"": ""门禁不通过时不得产生业务副作用。""}"
ACC-R3-1648,USR-SCN-003,,BR-USER-0047,CT-R3-1648,P6,SPECIFIED,EXPECTED_NOT_EXECUTED,EVID-SPEC-1648,受控解锁或重置密码后重新登录,"{""outcome"": ""SUCCESS_OR_RULE_DEFINED_REJECTION"", ""description"": ""动作“受控解锁或重置密码后重新登录”完成并形成可追溯结果。"", ""failure_description"": ""返回明确失败原因且不部分提交""}"
ACC-R3-1649,USR-SCN-003,,BR-USER-0048,CT-R3-1649,P8,SPECIFIED,EXPECTED_NOT_EXECUTED,EVID-SPEC-1649,记录“用户登录平台”的发起主体、参与主体、对象ID、权限与数据范围判定、状态前后值、结果/原因码和时间。,"{""outcome"": ""SUCCESS_OR_RULE_DEFINED_REJECTION"", ""description"": ""记录“用户登录平台”的发起主体、参与主体、对象ID、权限与数据范围判定、状态前后值、结果/原因码和时间。"", ""failure_description"": ""返回明确失败原因且不部分提交""}"
ACC-R3-1650,USR-SCN-003,,BR-USER-0049,CT-R3-1650,P8,SPECIFIED,EXPECTED_NOT_EXECUTED,EVID-SPEC-1650,本地状态变化、不可变事件和审计在同一原子提交边界内完成；提交前审计失败则不提交或回滚本地变化。,"{""outcome"": ""SUCCESS_OR_RULE_DEFINED_REJECTION"", ""description"": ""在“用户登录平台”中，审计必须满足：本地状态变化、不可变事件和审计在同一原子提交边界内完成；提交前审计失败则不提交或回滚本地变化。。"", ""failure_description"": ""返回明确失败原因且不部分提交""}"
ACC-R3-1651,USR-SCN-003,,BR-USER-0050,CT-R3-1651,P2,SPECIFIED,EXPECTED_NOT_EXECUTED,EVID-SPEC-1651,发起用户登录平台,"{""outcome"": ""SUCCESS_OR_RULE_DEFINED_REJECTION"", ""description"": ""登录作用于平台USER身份范围；成功后才加载由实时角色绑定和项目职责计算的active_scope/history_read_scope授权投影。"", ""failure_description"": ""超出数据范围时拒绝操作并记录审计。""}"
ACC-R3-1652,USR-SCN-003,,BR-USER-0051,CT-R3-1652,P6,SPECIFIED,EXPECTED_NOT_EXECUTED,EVID-SPEC-1652,发起用户登录平台,"{""outcome"": ""SUCCESS_OR_RULE_DEFINED_REJECTION"", ""description"": ""在“用户登录平台”中，异常流程必须满足：账号错误、DISABLED、ARCHIVED或LOCKED时拒绝。"", ""failure_description"": ""账号错误、DISABLED、ARCHIVED或LOCKED时拒绝""}"
ACC-R3-1653,USR-SCN-003,,BR-USER-0052,CT-R3-1653,P6,SPECIFIED,EXPECTED_NOT_EXECUTED,EVID-SPEC-1653,发起用户登录平台,"{""outcome"": ""SUCCESS_OR_RULE_DEFINED_REJECTION"", ""description"": ""不得将平台用户与测试账号或SSO身份混淆"", ""failure_description"": ""不得将平台用户与测试账号或SSO身份混淆""}"
ACC-R3-1654,USR-SCN-003,,BR-USER-0053,CT-R3-1654,P8,SPECIFIED,EXPECTED_NOT_EXECUTED,EVID-SPEC-1654,发起用户登录平台,"{""outcome"": ""SUCCESS_OR_RULE_DEFINED_REJECTION"", ""description"": ""在“用户登录平台”中，失败判定必须满足：事务/补偿策略：LOCAL_TRANSACTION。。"", ""failure_description"": ""事务/补偿策略：LOCAL_TRANSACTION。""}"
ACC-R3-1655,USR-SCN-003,,BR-USER-0054,CT-R3-1655,P6,SPECIFIED,EXPECTED_NOT_EXECUTED,EVID-SPEC-1655,验证平台账号凭证,"{""outcome"": ""SUCCESS_OR_RULE_DEFINED_REJECTION"", ""description"": ""动作“验证平台账号凭证”完成并形成可追溯结果。"", ""failure_description"": ""返回明确失败原因且不部分提交""}"
ACC-R3-1656,USR-SCN-003,,BR-USER-0055,CT-R3-1656,P6,SPECIFIED,EXPECTED_NOT_EXECUTED,EVID-SPEC-1656,检查业务状态与安全状态,"{""outcome"": ""SUCCESS_OR_RULE_DEFINED_REJECTION"", ""description"": ""动作“检查业务状态与安全状态”完成并形成可追溯结果。"", ""failure_description"": ""返回明确失败原因且不部分提交""}"
ACC-R3-1657,USR-SCN-003,,BR-USER-0056,CT-R3-1657,P6,SPECIFIED,EXPECTED_NOT_EXECUTED,EVID-SPEC-1657,建立会话,"{""outcome"": ""SUCCESS_OR_RULE_DEFINED_REJECTION"", ""description"": ""动作“建立会话”完成并形成可追溯结果。"", ""failure_description"": ""返回明确失败原因且不部分提交""}"
ACC-R3-1658,USR-SCN-003,,BR-USER-0057,CT-R3-1658,P6,SPECIFIED,EXPECTED_NOT_EXECUTED,EVID-SPEC-1658,加载系统角色、项目职责及active/history范围,"{""outcome"": ""SUCCESS_OR_RULE_DEFINED_REJECTION"", ""description"": ""动作“加载系统角色、项目职责及active/history范围”完成并形成可追溯结果。"", ""failure_description"": ""返回明确失败原因且不部分提交""}"
ACC-R3-1659,USR-SCN-003,,BR-USER-0058,CT-R3-1659,P6,SPECIFIED,EXPECTED_NOT_EXECUTED,EVID-SPEC-1659,记录登录审计,"{""outcome"": ""SUCCESS_OR_RULE_DEFINED_REJECTION"", ""description"": ""动作“记录登录审计”完成并形成可追溯结果。"", ""failure_description"": ""返回明确失败原因且不部分提交""}"
ACC-R3-1660,USR-SCN-003,,BR-USER-0059,CT-R3-1660,P2,SPECIFIED,EXPECTED_NOT_EXECUTED,EVID-SPEC-1660,发起用户登录平台,"{""outcome"": ""SUCCESS_OR_RULE_DEFINED_REJECTION"", ""description"": ""登录仅校验平台USER身份、凭证、业务状态和安全状态；建立会话本身不要求预先拥有目标项目权限。"", ""failure_description"": ""返回无权限或超范围结果，业务副作用为零。""}"
ACC-R3-1661,USR-SCN-003,,BR-USER-0060,CT-R3-1661,P8,SPECIFIED,EXPECTED_NOT_EXECUTED,EVID-SPEC-1661,发起用户登录平台,"{""outcome"": ""SUCCESS_OR_RULE_DEFINED_REJECTION"", ""description"": ""平台USER存在且业务状态允许登录"", ""failure_description"": ""前置条件不满足时拒绝进入主流程且业务副作用为零。""}"
ACC-R3-1662,USR-SCN-003,,BR-USER-0061,CT-R3-1662,P8,SPECIFIED,EXPECTED_NOT_EXECUTED,EVID-SPEC-1662,发起用户登录平台,"{""outcome"": ""SUCCESS_OR_RULE_DEFINED_REJECTION"", ""description"": ""凭证和安全校验服务可用"", ""failure_description"": ""前置条件不满足时拒绝进入主流程且业务副作用为零。""}"
ACC-R3-1663,USR-SCN-003,,BR-USER-0062,CT-R3-1663,P6,SPECIFIED,EXPECTED_NOT_EXECUTED,EVID-SPEC-1663,通过受控安全流程解锁、重置密码或补充授权,"{""outcome"": ""SUCCESS_OR_RULE_DEFINED_REJECTION"", ""description"": ""在“用户登录平台”中，恢复必须满足：通过受控安全流程解锁、重置密码或补充授权。"", ""failure_description"": ""返回明确失败原因且不部分提交""}"
ACC-R3-1664,USR-SCN-003,,BR-USER-0063,CT-R3-1664,P4,SPECIFIED,EXPECTED_NOT_EXECUTED,EVID-SPEC-1664,发起用户登录平台,"{""outcome"": ""SUCCESS_OR_RULE_DEFINED_REJECTION"", ""description"": ""会话: 不存在→ACTIVE"", ""failure_description"": ""返回明确失败原因且不部分提交""}"
ACC-R3-1665,USR-SCN-003,,BR-USER-0064,CT-R3-1665,P4,SPECIFIED,EXPECTED_NOT_EXECUTED,EVID-SPEC-1665,发起用户登录平台,"{""outcome"": ""SUCCESS_OR_RULE_DEFINED_REJECTION"", ""description"": ""凭据临时锁由locked_until为空变为未来15分钟，用户生命周期保持不变"", ""failure_description"": ""返回明确失败原因且不部分提交""}"
ACC-R3-1666,USR-SCN-003,,BR-USER-0065,CT-R3-1666,P8,SPECIFIED,EXPECTED_NOT_EXECUTED,EVID-SPEC-1666,发起用户登录平台,"{""outcome"": ""SUCCESS_OR_RULE_DEFINED_REJECTION"", ""description"": ""平台USER会话建立成功；系统角色、项目职责及active/history授权投影按当前绑定加载；画像不参与鉴权。"", ""failure_description"": ""返回明确失败原因且不部分提交""}"
ACC-R3-1667,USR-SCN-003,,BR-USER-0066,CT-R3-1667,P6,SPECIFIED,EXPECTED_NOT_EXECUTED,EVID-SPEC-1667,先执行场景门禁，再进入首个业务副作用。,"{""outcome"": ""SUCCESS_OR_RULE_DEFINED_REJECTION"", ""description"": ""当“发起用户登录平台”发生时，SUBJECT-USER可以发起“用户登录平台”；发起后必须先完成本场景前置、权限、范围、资源和并发门禁。"", ""failure_description"": ""门禁不通过时不得产生业务副作用。""}"
ACC-R3-1668,USR-SCN-004,,BR-USER-0067,CT-R3-1668,P6,SPECIFIED,EXPECTED_NOT_EXECUTED,EVID-SPEC-1668,项目负责人可在负责项目授予项目内ALL；平台管理员跨项目默认只可明确ID,"{""outcome"": ""SUCCESS_OR_RULE_DEFINED_REJECTION"", ""description"": ""动作“项目负责人可在负责项目授予项目内ALL；平台管理员跨项目默认只可明确ID”完成并形成可追溯结果。"", ""failure_description"": ""返回明确失败原因且不部分提交""}"
ACC-R3-1669,USR-SCN-004,,BR-USER-0068,CT-R3-1669,P8,SPECIFIED,EXPECTED_NOT_EXECUTED,EVID-SPEC-1669,记录“角色和权限变更”的发起主体、参与主体、对象ID、权限与数据范围判定、状态前后值、结果/原因码和时间。,"{""outcome"": ""SUCCESS_OR_RULE_DEFINED_REJECTION"", ""description"": ""记录“角色和权限变更”的发起主体、参与主体、对象ID、权限与数据范围判定、状态前后值、结果/原因码和时间。"", ""failure_description"": ""返回明确失败原因且不部分提交""}"
ACC-R3-1670,USR-SCN-004,,BR-USER-0069,CT-R3-1670,P8,SPECIFIED,EXPECTED_NOT_EXECUTED,EVID-SPEC-1670,本地状态变化、不可变事件和审计在同一原子提交边界内完成；提交前审计失败则不提交或回滚本地变化。,"{""outcome"": ""SUCCESS_OR_RULE_DEFINED_REJECTION"", ""description"": ""在“角色和权限变更”中，审计必须满足：本地状态变化、不可变事件和审计在同一原子提交边界内完成；提交前审计失败则不提交或回滚本地变化。。"", ""failure_description"": ""返回明确失败原因且不部分提交""}"
ACC-R3-1671,USR-SCN-004,,BR-USER-0070,CT-R3-1671,P5,SPECIFIED,EXPECTED_NOT_EXECUTED,EVID-SPEC-1671,发起角色和权限变更,"{""outcome"": ""SUCCESS_OR_RULE_DEFINED_REJECTION"", ""description"": ""角色/成员范围使用版本锁；并发更新只能一方成功"", ""failure_description"": ""并发门禁不通过时按规则等待、拒绝或返回既有幂等结果。""}"
ACC-R3-1672,USR-SCN-004,,BR-USER-0071,CT-R3-1672,P2,SPECIFIED,EXPECTED_NOT_EXECUTED,EVID-SPEC-1672,发起角色和权限变更,"{""outcome"": ""SUCCESS_OR_RULE_DEFINED_REJECTION"", ""description"": ""“角色和权限变更”的读取、写入和历史查询仅作用于平台全局范围；敏感数据另行校验独立权限。"", ""failure_description"": ""超出数据范围时拒绝操作并记录审计。""}"
ACC-R3-1673,USR-SCN-004,,BR-USER-0072,CT-R3-1673,P6,SPECIFIED,EXPECTED_NOT_EXECUTED,EVID-SPEC-1673,发起角色和权限变更,"{""outcome"": ""SUCCESS_OR_RULE_DEFINED_REJECTION"", ""description"": ""在“角色和权限变更”中，异常流程必须满足：自我提权、越权转授、撤销最后负责人、SERVICE_ACCOUNT获真人权限时拒绝。"", ""failure_description"": ""自我提权、越权转授、撤销最后负责人、SERVICE_ACCOUNT获真人权限时拒绝""}"
ACC-R3-1674,USR-SCN-004,,BR-USER-0073,CT-R3-1674,P8,SPECIFIED,EXPECTED_NOT_EXECUTED,EVID-SPEC-1674,发起角色和权限变更,"{""outcome"": ""SUCCESS_OR_RULE_DEFINED_REJECTION"", ""description"": ""在“角色和权限变更”中，失败判定必须满足：事务/补偿策略：LOCAL_TRANSACTION。。"", ""failure_description"": ""事务/补偿策略：LOCAL_TRANSACTION。""}"
ACC-R3-1675,USR-SCN-004,,BR-USER-0074,CT-R3-1675,P6,SPECIFIED,EXPECTED_NOT_EXECUTED,EVID-SPEC-1675,计算发起人授权上限,"{""outcome"": ""SUCCESS_OR_RULE_DEFINED_REJECTION"", ""description"": ""动作“计算发起人授权上限”完成并形成可追溯结果。"", ""failure_description"": ""返回明确失败原因且不部分提交""}"
ACC-R3-1676,USR-SCN-004,,BR-USER-0075,CT-R3-1676,P6,SPECIFIED,EXPECTED_NOT_EXECUTED,EVID-SPEC-1676,分别校验菜单/操作/接口/数据范围,"{""outcome"": ""SUCCESS_OR_RULE_DEFINED_REJECTION"", ""description"": ""动作“分别校验菜单/操作/接口/数据范围”完成并形成可追溯结果。"", ""failure_description"": ""返回明确失败原因且不部分提交""}"
ACC-R3-1677,USR-SCN-004,,BR-USER-0076,CT-R3-1677,P6,SPECIFIED,EXPECTED_NOT_EXECUTED,EVID-SPEC-1677,以CAS更新绑定或成员范围,"{""outcome"": ""SUCCESS_OR_RULE_DEFINED_REJECTION"", ""description"": ""动作“以CAS更新绑定或成员范围”完成并形成可追溯结果。"", ""failure_description"": ""返回明确失败原因且不部分提交""}"
ACC-R3-1678,USR-SCN-004,,BR-USER-0077,CT-R3-1678,P6,SPECIFIED,EXPECTED_NOT_EXECUTED,EVID-SPEC-1678,新操作实时使用新权限,"{""outcome"": ""SUCCESS_OR_RULE_DEFINED_REJECTION"", ""description"": ""动作“新操作实时使用新权限”完成并形成可追溯结果。"", ""failure_description"": ""返回明确失败原因且不部分提交""}"
ACC-R3-1679,USR-SCN-004,,BR-USER-0078,CT-R3-1679,P6,SPECIFIED,EXPECTED_NOT_EXECUTED,EVID-SPEC-1679,历史任务继续使用授权快照并审计,"{""outcome"": ""SUCCESS_OR_RULE_DEFINED_REJECTION"", ""description"": ""动作“历史任务继续使用授权快照并审计”完成并形成可追溯结果。"", ""failure_description"": ""返回明确失败原因且不部分提交""}"
ACC-R3-1680,USR-SCN-004,,BR-USER-0079,CT-R3-1680,P2,SPECIFIED,EXPECTED_NOT_EXECUTED,EVID-SPEC-1680,发起角色和权限变更,"{""outcome"": ""SUCCESS_OR_RULE_DEFINED_REJECTION"", ""description"": ""ROLE-PLATFORM-ADMIN发起“角色和权限变更”前必须具备对应菜单、操作或服务授权；系统主体只按自身服务身份执行；越权时拒绝且不产生业务写入。"", ""failure_description"": ""返回无权限或超范围结果，业务副作用为零。""}"
ACC-R3-1681,USR-SCN-004,,BR-USER-0080,CT-R3-1681,P8,SPECIFIED,EXPECTED_NOT_EXECUTED,EVID-SPEC-1681,发起角色和权限变更,"{""outcome"": ""SUCCESS_OR_RULE_DEFINED_REJECTION"", ""description"": ""在“角色和权限变更”中，前置条件必须满足：发起人具有授权能力。"", ""failure_description"": ""前置条件不满足时拒绝进入主流程且业务副作用为零。""}"
ACC-R3-1682,USR-SCN-004,,BR-USER-0081,CT-R3-1682,P8,SPECIFIED,EXPECTED_NOT_EXECUTED,EVID-SPEC-1682,发起角色和权限变更,"{""outcome"": ""SUCCESS_OR_RULE_DEFINED_REJECTION"", ""description"": ""在“角色和权限变更”中，前置条件必须满足：目标主体和角色有效。"", ""failure_description"": ""前置条件不满足时拒绝进入主流程且业务副作用为零。""}"
ACC-R3-1683,USR-SCN-004,,BR-USER-0082,CT-R3-1683,P8,SPECIFIED,EXPECTED_NOT_EXECUTED,EVID-SPEC-1683,发起角色和权限变更,"{""outcome"": ""SUCCESS_OR_RULE_DEFINED_REJECTION"", ""description"": ""在“角色和权限变更”中，前置条件必须满足：变更不会造成项目负责人悬空。"", ""failure_description"": ""前置条件不满足时拒绝进入主流程且业务副作用为零。""}"
ACC-R3-1684,USR-SCN-004,,BR-USER-0083,CT-R3-1684,P6,SPECIFIED,EXPECTED_NOT_EXECUTED,EVID-SPEC-1684,恢复正确绑定或范围；审计记录不可删除,"{""outcome"": ""SUCCESS_OR_RULE_DEFINED_REJECTION"", ""description"": ""恢复正确绑定或范围；审计记录不可删除"", ""failure_description"": ""返回明确失败原因且不部分提交""}"
ACC-R3-1685,USR-SCN-004,,BR-USER-0084,CT-R3-1685,P4,SPECIFIED,EXPECTED_NOT_EXECUTED,EVID-SPEC-1685,发起角色和权限变更,"{""outcome"": ""SUCCESS_OR_RULE_DEFINED_REJECTION"", ""description"": ""角色: ENABLED↔DISABLED→ARCHIVED"", ""failure_description"": ""返回明确失败原因且不部分提交""}"
ACC-R3-1686,USR-SCN-004|USR-SCN-084,,BR-USER-0085,CT-R3-1686,P4,SPECIFIED,EXPECTED_NOT_EXECUTED,EVID-SPEC-1686,发起角色和权限变更,"{""outcome"": ""SUCCESS_OR_RULE_DEFINED_REJECTION"", ""description"": ""绑定: ACTIVE→ENDED"", ""failure_description"": ""返回明确失败原因且不部分提交""}"
ACC-R3-1687,USR-SCN-004,,BR-USER-0086,CT-R3-1687,P8,SPECIFIED,EXPECTED_NOT_EXECUTED,EVID-SPEC-1687,发起角色和权限变更,"{""outcome"": ""SUCCESS_OR_RULE_DEFINED_REJECTION"", ""description"": ""变更即时影响新请求但不改写历史任务与报告事实"", ""failure_description"": ""返回明确失败原因且不部分提交""}"
ACC-R3-1688,USR-SCN-004,,BR-USER-0087,CT-R3-1688,P6,SPECIFIED,EXPECTED_NOT_EXECUTED,EVID-SPEC-1688,先执行场景门禁，再进入首个业务副作用。,"{""outcome"": ""SUCCESS_OR_RULE_DEFINED_REJECTION"", ""description"": ""当“发起角色和权限变更”发生时，ROLE-PLATFORM-ADMIN可以发起“角色和权限变更”；发起后必须先完成本场景前置、权限、范围、资源和并发门禁。"", ""failure_description"": ""门禁不通过时不得产生业务副作用。""}"
ACC-PRD-NFR-001,PRD-NFR-001,,,PT-PRD-NFR-001,P0,SPECIFIED,EXPECTED_NOT_EXECUTED,EVID-PRD-NFR-001,执行对应可用性/性能/调度专项测试并采集原始时序,"{""metric"": ""control_plane_monthly_availability"", ""target"": 0.995, ""window"": ""CALENDAR_MONTH"", ""environment"": ""PRODUCTION"", ""exclusions"": [""ANNOUNCED_PLANNED_MAINTENANCE""], ""evidence"": [""synthetic_probe_timeseries"", ""service_health_timeseries"", ""maintenance_window_registry""]}"
ACC-PRD-NFR-002,PRD-NFR-002,,,PT-PRD-NFR-002,P0,SPECIFIED,EXPECTED_NOT_EXECUTED,EVID-PRD-NFR-002,执行对应可用性/性能/调度专项测试并采集原始时序,"{""conditions"": [""STANDARD_V1_CAPACITY"", ""NORMAL_NETWORK"", ""WARMED_UP""], ""sample_minimum"": 10000, ""metrics"": {""ordinary_query_ms"": {""p95"": 500, ""p99"": 1000}, ""ordinary_write_ms"": {""p95"": 800, ""p99"": 1500}, ""async_command_accept_ms"": {""p95"": 300, ""p99"": 800}}, ""excluded_categories"": [""FILE_TRANSFER"", ""AI_MODEL_CALL"", ""BROWSER_EXECUTION""]}"
ACC-PRD-NFR-003,PRD-NFR-003,,,PT-PRD-NFR-003,P0,SPECIFIED,EXPECTED_NOT_EXECUTED,EVID-PRD-NFR-003,执行对应可用性/性能/调度专项测试并采集原始时序,"{""metric"": ""schedulable_to_runner_claim_ms"", ""sample_minimum"": 5000, ""p95_ms"": 3000, ""p99_ms"": 10000, ""preconditions"": [""HEALTHY_BOUND_CAPABILITY_MATCHED_IDLE_RUNNER"", ""NO_ENVIRONMENT_LOCK"", ""NO_ACCOUNT_LEASE"", ""NO_RESOURCE_CONFLICT""]}"
